"ItemCode","RowId","WarehouseCode","InfoCode3","InfoCode5","Length","Width","Height","Unit","BarCodeTP","RowId_WO","BizDocId_WO","DocNo_WO","ItemName","InfoName","InfoName3","InfoName5","IFDName","LocationCode","InfoCode","ReceiptQuantity","ReceiptQuantity9","DeliveryQuantity","DeliveryQuantity9","CloseInventory","CloseInventory9","Color","Id","ParentId","IsGroup","Remark","Remark1","ClassCode","TimeSheet","TimeCount","ReceiptDate","DeliveryDate","ReceiptDate1","DeliveryDate1","ReceiptNo","DeliveryNo","Level","_GroupOrder","_FormatStyleKey"
FB00001,A0200003703055PX,TP20,SPM066,DCM15,1590.00,2050.00,550.00,tấm,"1800001200001449563001",A0200001449563WO,A0200000397943WO,WB2603-0009,CAM45-30N ĐEN,CAM45-30NH40,CAM45-30N,H40,"","",CAM45-30NH40,3.5854,2.0000,1.7927,1.0000,1.7927,1.00,"",79027,79023,0,"","",SX DU,0.00,0.00,2026-06-22 16:27:11.233,2026-06-22 16:27:25.967,2026-06-22 00:00:00.000,2026-06-22 00:00:00.000,XB0048.06/26,XB0048.06/26,0,"",""
FB00001,A0200003703054PX,TP20,SPM066,DCM15,1530.00,2050.00,520.00,tấm,"1800001200001449563002",A0200001449563WO,A0200000397943WO,WB2603-0009,CAM45-30N ĐEN,CAM45-30NH40,CAM45-30N,H40,"","",CAM45-30NH40,3.2620,2.0000,1.6310,1.0000,1.6310,1.00,"",79027,79023,0,"","",SX DU,0.00,0.00,2026-06-22 16:27:11.233,2026-06-22 16:27:25.963,2026-06-22 00:00:00.000,2026-06-22 00:00:00.000,XB0048.06/26,XB0048.06/26,0,"",""
FB00001,A0200003703052PX,TP20,SPM066,DCM15,1850.00,2070.00,740.00,tấm,"1800001200001453647001",A0200001453647WO,A0200000399194WO,WB2603-0029,CAM45-30N ĐEN,CAM45-30NH40,CAM45-30N,H40,"","",CAM45-30NH40,5.6676,2.0000,2.8338,1.0000,2.8338,1.00,"",79027,79023,0,ĐỔ TN,"",SX DU,0.00,0.00,2026-06-22 16:27:11.233,2026-06-22 16:27:25.943,2026-06-22 00:00:00.000,2026-06-22 00:00:00.000,XB0048.06/26,XB0048.06/26,0,"",""
FB00001,A0200003703053PX,TP20,SPM066,DCM15,1550.00,2070.00,600.00,tấm,"1800001200001453648001",A0200001453648WO,A0200000399194WO,WB2603-0029,CAM45-30N ĐEN,CAM45-30NH40,CAM45-30N,H40,"","",CAM45-30NH40,3.8502,2.0000,1.9251,1.0000,1.9251,1.00,"",79027,79023,0,ĐỔ TN,"",SX DU,0.00,0.00,2026-06-22 16:27:11.233,2026-06-22 16:27:25.947,2026-06-22 00:00:00.000,2026-06-22 00:00:00.000,XB0048.06/26,XB0048.06/26,0,"",""
FB00001,A0200003703047PX,TP20,SPM066,DCM15,1600.00,2070.00,610.00,tấm,"1800001200001454754001",A0200001454754WO,A0200000399465WO,WB2603-0035,CAM45-30N ĐEN,CAM45-30NH40,CAM45-30N,H40,"","",CAM45-30NH40,4.0406,2.0000,2.0203,1.0000,2.0203,1.00,"",79027,79023,0,THI NGHIEM,"",SX DU,0.00,0.00,2026-06-22 16:27:11.233,2026-06-22 16:27:25.887,2026-06-22 00:00:00.000,2026-06-22 00:00:00.000,XB0048.06/26,XB0048.06/26,0,"",""
FB00001,A0200003703048PX,TP20,SPM066,DCM15,1570.00,2070.00,530.00,tấm,"1800001200001454754002",A0200001454754WO,A0200000399465WO,WB2603-0035,CAM45-30N ĐEN,CAM45-30NH40,CAM45-30N,H40,"","",CAM45-30NH40,3.4449,2.0000,1.7225,1.0000,1.7224,1.00,"",79027,79023,0,THI NGHIEM,"",SX DU,0.00,0.00,2026-06-22 16:27:11.233,2026-06-22 16:27:25.890,2026-06-22 00:00:00.000,2026-06-22 00:00:00.000,XB0048.06/26,XB0048.06/26,0,"",""
FB00001,A0200003709261PX,TP20,SPM066,DCM15,1970.00,2070.00,530.00,tấm,"1800001200001455419001",A0200001455419WO,A0200000400735WO,WB2604-0001,CAM45-30N ĐEN,CAM45-30NH40,CAM45-30N,H40,"","",CAM45-30NH40,4.3226,2.0000,2.1613,1.0000,2.1613,1.00,"",79027,79023,0,ĐỔ TN,Chai ,"",0.00,1.00,2026-07-15 15:32:37.930,2026-07-15 16:06:57.573,2026-07-15 00:00:00.000,2026-07-15 00:00:00.000,XB0033.07/26,XB0033.07/26,0,"",""
FB00001,A0200003703051PX,TP20,SPM066,DCM15,1970.00,2060.00,480.00,tấm,"1800001200001458389001",A0200001458389WO,A0200000401627WO,WB2604-0019,CAM45-30N ĐEN,CAM45-30NH40,CAM45-30N,H40,"","",CAM45-30NH40,3.8958,2.0000,1.9479,1.0000,1.9479,1.00,"",79027,79023,0,THÍ NGHIỆM- chuyển CAM40-50/ASHT-883.R0--Mousse tấm,"",SX DU,0.00,0.00,2026-06-22 16:27:11.233,2026-06-22 16:27:25.910,2026-06-22 00:00:00.000,2026-06-22 00:00:00.000,XB0048.06/26,XB0048.06/26,0,"",""
FB00001,A0200003703049PX,TP20,SPM066,DCM15,1580.00,2060.00,720.00,tấm,"1800001200001458390001",A0200001458390WO,A0200000401627WO,WB2604-0019,CAM45-30N ĐEN,CAM45-30NH40,CAM45-30N,H40,"","",CAM45-30NH40,4.6870,2.0000,2.3435,1.0000,2.3435,1.00,"",79027,79023,0,THÍ NGHIỆM- chuyển CAM40-50/ASHT-883.R0--Mousse tấm,"",SX DU,0.00,0.00,2026-06-22 16:27:11.233,2026-06-22 16:27:25.903,2026-06-22 00:00:00.000,2026-06-22 00:00:00.000,XB0048.06/26,XB0048.06/26,0,"",""
FB00001,A0200003703050PX,TP20,SPM066,DCM15,1250.00,2060.00,700.00,tấm,"1800001200001458391001",A0200001458391WO,A0200000401627WO,WB2604-0019,CAM45-30N ĐEN,CAM45-30NH40,CAM45-30N,H40,"","",CAM45-30NH40,3.6050,2.0000,1.8025,1.0000,1.8025,1.00,"",79027,79023,0,THÍ NGHIỆM- chuyển CAM40-50,"",SX DU,0.00,0.00,2026-06-22 16:27:11.233,2026-06-22 16:27:25.907,2026-06-22 00:00:00.000,2026-06-22 00:00:00.000,XB0048.06/26,XB0048.06/26,0,"",""
FB00001,A0200003706333PX,TP20,SPM066,DCM15,1990.00,2060.00,830.00,tấm,"1800001200001458933003",A0200001458933WO,A0200000401865WO,WB2604-0029,CAM45-30N ĐEN,CAM45-30NH40,CAM45-30N,H40,"",M7,CAM45-30NH40,3.4025,1.0000,3.4025,1.0000,0.0000,0.00,"",79027,79023,0,ASHT-884.R0--Mousse tấm,"","",0.00,1704.00,2026-04-22 14:53:20.527,2026-07-02 14:37:44.410,2026-05-31 00:00:00.000,2026-06-26 00:00:00.000,TONKHO,XB0055.06/26,0,"",""
FB00002,A0200003709841PX,TP20,SPM061,DCM07,1550.00,2070.00,700.00,tấm,"1800002200001445672001",A0200001445672WO,A0200000396758WO,WB2602-0010,GAM40-50N XANH,GAM40-50NH50,GAM40-50N,H50,"",M7,GAM40-50NH50,2.2460,1.0000,2.2460,1.0000,0.0000,0.00,"",79028,79023,0,LEM MÀU/LEM MÀU,"","",0.00,3791.00,2026-02-09 16:07:35.910,2026-07-17 15:01:50.413,2026-05-31 00:00:00.000,2026-07-17 00:00:00.000,TONKHO,XB0037.07/26,0,"",""
FB00002,A0200003708424PX,TP20,SPM061,DCM07,2080.00,2060.00,800.00,tấm,"1800002200001457692001",A0200001457692WO,A0200000401440WO,WB2604-0017,GAM40-50N XANH,GAM40-50NH50,GAM40-50N,H50,"",M7,GAM40-50NH50,3.4278,1.0000,3.4278,1.0000,0.0000,0.00,"",79028,79023,0,MINH HẠO-MH-1-1-4-26-Memory,"","",0.00,2115.00,2026-04-14 10:34:33.327,2026-07-11 13:55:40.720,2026-05-31 00:00:00.000,2026-07-10 00:00:00.000,TONKHO,XB0025.07/26,0,"",""
FB00002,A0200003708425PX,TP20,SPM061,DCM07,1990.00,2060.00,800.00,tấm,"1800002200001458935001",A0200001458935WO,A0200000401865WO,WB2604-0029,GAM40-50N XANH,GAM40-50NH50,GAM40-50N,H50,"",M7,GAM40-50NH50,3.2795,1.0000,3.2795,1.0000,0.0000,0.00,"",79028,79023,0,ASHT-882.R0--Mousse tấm/Tưa k xài đc,"","",0.00,1919.00,2026-04-22 14:53:20.610,2026-07-11 13:55:40.777,2026-05-31 00:00:00.000,2026-07-10 00:00:00.000,TONKHO,XB0025.07/26,0,"",""
FB00002,A0200003706334PX,TP20,SPM061,DCM07,1560.00,2060.00,830.00,tấm,"1800002200001458938002",A0200001458938WO,A0200000401865WO,WB2604-0029,GAM40-50N XANH,GAM40-50NH50,GAM40-50N,H50,"",M7,GAM40-50NH50,2.6673,1.0000,2.6673,1.0000,0.0000,0.00,"",79028,79023,0,ASHT-882.R0--Mousse tấm,"","",0.00,1704.00,2026-04-22 14:53:20.763,2026-07-02 14:37:45.683,2026-05-31 00:00:00.000,2026-06-26 00:00:00.000,TONKHO,XB0055.06/26,0,"",""
FB00002,A0200003705363PX,TP20,SPM061,DCM07,1950.00,2060.00,820.00,tấm,"1800002200001465593001",A0200001465593WO,A0200000404049WO,WB2605-0034,GAM40-50N XANH,GAM40-50NH50,GAM40-50N,H50,"",M7,GAM40-50NH50,3.2939,1.0000,3.2939,1.0000,0.0000,0.00,"",79028,79023,0,ASHT-886.R0--Mousse tấm,"","",0.00,811.00,2026-05-27 15:58:11.353,2026-06-30 10:19:06.380,2026-05-31 00:00:00.000,2026-06-30 00:00:00.000,TONKHO,XB0063.06/26,0,"",""
FB00002,A0200003705364PX,TP20,SPM061,DCM07,1950.00,2060.00,820.00,tấm,"1800002200001465593002",A0200001465593WO,A0200000404049WO,WB2605-0034,GAM40-50N XANH,GAM40-50NH50,GAM40-50N,H50,"",M7,GAM40-50NH50,3.2939,1.0000,3.2939,1.0000,0.0000,0.00,"",79028,79023,0,ASHT-886.R0--Mousse tấm,"","",0.00,811.00,2026-05-27 15:58:11.337,2026-06-30 10:19:06.387,2026-05-31 00:00:00.000,2026-06-30 00:00:00.000,TONKHO,XB0063.06/26,0,"",""
FB00002,A0200003704457PX,TP20,SPM061,DCM07,2110.00,2060.00,780.00,tấm,"1800002200001465594001",A0200001465594WO,A0200000404049WO,WB2605-0034,GAM40-50N XANH,GAM40-50NH50,GAM40-50N,H50,"",M7,GAM40-50NH50,3.3903,1.0000,3.3904,1.0000,-0.0001,0.00,"",79028,79023,0,Minh Hạo,"","",0.00,739.00,2026-05-27 15:58:11.287,2026-06-27 10:26:37.453,2026-05-31 00:00:00.000,2026-06-27 00:00:00.000,TONKHO,XB0058.06/26,0,"",""
FB00002,A0200003704456PX,TP20,SPM061,DCM07,2090.00,2060.00,760.00,tấm,"1800002200001465594002",A0200001465594WO,A0200000404049WO,WB2605-0034,GAM40-50N XANH,GAM40-50NH50,GAM40-50N,H50,"",M7,GAM40-50NH50,3.2721,1.0000,3.2721,1.0000,0.0000,0.00,"",79028,79023,0,Minh Hạo,"","",0.00,739.00,2026-05-27 15:58:11.267,2026-06-27 10:26:37.443,2026-05-31 00:00:00.000,2026-06-27 00:00:00.000,TONKHO,XB0058.06/26,0,"",""
FB00002,A0200003709680PX,TP20,SPM061,DCM07,800.00,2060.00,620.00,tấm,"1800002200001466182001",A0200001466182WO,A0200000404285WO,WB2605-0038,GAM40-50N XANH,GAM40-50NH50,GAM40-50N,H50,"",M7,GAM40-50NH50,1.0218,1.0000,1.0218,1.0000,0.0000,0.00,"",79028,79023,0,"","","",0.00,1148.00,2026-05-30 14:13:14.537,2026-07-17 10:17:28.503,2026-05-31 00:00:00.000,2026-07-17 00:00:00.000,TONKHO,XB0037.07/26,0,"",""
FB00002,A0200003709839PX,TP20,SPM061,DCM07,1580.00,2060.00,760.00,tấm,"1800002200001466183001",A0200001466183WO,A0200000404285WO,WB2605-0038,GAM40-50N XANH,GAM40-50NH50,GAM40-50N,H50,"",M7,GAM40-50NH50,2.4736,1.0000,2.4737,1.0000,-0.0001,0.00,"",79028,79023,0,"","","",0.00,1152.00,2026-05-30 14:13:14.473,2026-07-17 14:59:43.940,2026-05-31 00:00:00.000,2026-07-17 00:00:00.000,TONKHO,XB0037.07/26,0,"",""
FB00002,A0200003709010PX,TP20,SPM061,DCM07,1570.00,2060.00,600.00,tấm,"1800002200001466183002",A0200001466183WO,A0200000404285WO,WB2605-0038,GAM40-50N XANH,GAM40-50NH50,GAM40-50N,H50,"",M7,GAM40-50NH50,1.9405,1.0000,1.9405,1.0000,0.0000,0.00,"",79028,79023,0,"","","",0.00,1081.00,2026-05-30 14:13:14.490,2026-07-14 15:34:04.290,2026-05-31 00:00:00.000,2026-07-14 00:00:00.000,TONKHO,XB0029.07/26,0,"",""
FB00002,A0200003704055PX,TP20,SPM061,DCM07,1950.00,2060.00,830.00,tấm,"1800002200001468132001",A0200001468132WO,A0200000404897WO,WB2606-0011,GAM40-50N XANH,GAM40-50NH50,GAM40-50N,H50,"",M7,GAM40-50NH50,3.3340,1.0000,3.3340,1.0000,0.0000,0.00,"",79028,79023,0,ASHT-887.R0--Mousse tấm,"",SX THEO DON HANG,0.00,293.00,2026-06-13 09:01:17.343,2026-06-25 14:24:56.633,2026-06-13 00:00:00.000,2026-06-25 00:00:00.000,KK0009.06/26,XB0053.06/26,0,"",""
FB00002,A0200003701493PX,TP20,SPM061,DCM07,1960.00,2060.00,860.00,tấm,"1800002200001468132002",A0200001468132WO,A0200000404897WO,WB2606-0011,GAM40-50N XANH,GAM40-50NH50,GAM40-50N,H50,"",M7,GAM40-50NH50,3.4720,1.0000,3.4720,1.0000,0.0000,0.00,"",79028,79023,0,ASHT-887.R0--Mousse tấm,"",SX THEO DON HANG,0.00,72.00,2026-06-13 09:01:17.360,2026-06-16 09:01:44.220,2026-06-13 00:00:00.000,2026-06-16 00:00:00.000,KK0009.06/26,XB0034.06/26,0,"",""
FB00002,A0200003705365PX,TP20,SPM061,DCM07,1970.00,2060.00,830.00,tấm,"1800002200001468132003",A0200001468132WO,A0200000404897WO,WB2606-0011,GAM40-50N XANH,GAM40-50NH50,GAM40-50N,H50,"",M7,GAM40-50NH50,3.3680,1.0000,3.3680,1.0000,0.0000,0.00,"",79028,79023,0,ASHT-887.R0--Mousse tấm,"",SX THEO DON HANG,0.00,409.00,2026-06-13 09:01:17.330,2026-06-30 10:19:06.397,2026-06-13 00:00:00.000,2026-06-30 00:00:00.000,KK0009.06/26,XB0063.06/26,0,"",""
FB00002,A0200003701494PX,TP20,SPM061,DCM07,1920.00,2060.00,860.00,tấm,"1800002200001468132004",A0200001468132WO,A0200000404897WO,WB2606-0011,GAM40-50N XANH,GAM40-50NH50,GAM40-50N,H50,"",M7,GAM40-50NH50,3.4010,1.0000,3.4010,1.0000,0.0000,0.00,"",79028,79023,0,ASHT-887.R0--Mousse tấm,"",SX THEO DON HANG,0.00,72.00,2026-06-13 09:01:17.373,2026-06-16 09:01:44.230,2026-06-13 00:00:00.000,2026-06-16 00:00:00.000,KK0009.06/26,XB0034.06/26,0,"",""
FB00002,A0200003705361PX,TP20,SPM061,DCM07,1360.00,2060.00,860.00,tấm,"1800002200001468133001",A0200001468133WO,A0200000404897WO,WB2606-0011,GAM40-50N XANH,GAM40-50NH50,GAM40-50N,H50,"",M7,GAM40-50NH50,2.4090,1.0000,2.4090,1.0000,0.0000,0.00,"",79028,79023,0,ASHT-887.R0--Mousse tấm,"",SX THEO DON HANG,0.00,409.00,2026-06-13 09:01:17.423,2026-06-30 10:19:06.330,2026-06-13 00:00:00.000,2026-06-30 00:00:00.000,KK0009.06/26,XB0063.06/26,0,"",""
FB00002,A0200003705360PX,TP20,SPM061,DCM07,1360.00,2060.00,860.00,tấm,"1800002200001468133002",A0200001468133WO,A0200000404897WO,WB2606-0011,GAM40-50N XANH,GAM40-50NH50,GAM40-50N,H50,"",M7,GAM40-50NH50,2.4090,1.0000,2.4090,1.0000,0.0000,0.00,"",79028,79023,0,ASHT-887.R0--Mousse tấm,"",SX THEO DON HANG,0.00,409.00,2026-06-13 09:01:17.407,2026-06-30 10:19:06.310,2026-06-13 00:00:00.000,2026-06-30 00:00:00.000,KK0009.06/26,XB0063.06/26,0,"",""
FB00002,A0200003705359PX,TP20,SPM061,DCM07,1350.00,2060.00,870.00,tấm,"1800002200001468133003",A0200001468133WO,A0200000404897WO,WB2606-0011,GAM40-50N XANH,GAM40-50NH50,GAM40-50N,H50,"",M7,GAM40-50NH50,2.4190,1.0000,2.4190,1.0000,0.0000,0.00,"",79028,79023,0,ASHT-887.R0--Mousse tấm,"",SX THEO DON HANG,0.00,409.00,2026-06-13 09:01:17.390,2026-06-30 10:19:05.043,2026-06-13 00:00:00.000,2026-06-30 00:00:00.000,KK0009.06/26,XB0063.06/26,0,"",""
FB00002,A0200003705362PX,TP20,SPM061,DCM07,1370.00,2060.00,880.00,tấm,"1800002200001468133004",A0200001468133WO,A0200000404897WO,WB2606-0011,GAM40-50N XANH,GAM40-50NH50,GAM40-50N,H50,"",M7,GAM40-50NH50,2.4840,1.0000,2.4840,1.0000,0.0000,0.00,"",79028,79023,0,ASHT-887.R0--Mousse tấm,"",SX THEO DON HANG,0.00,409.00,2026-06-13 09:01:17.440,2026-06-30 10:19:06.340,2026-06-13 00:00:00.000,2026-06-30 00:00:00.000,KK0009.06/26,XB0063.06/26,0,"",""
FB00002,A0200003701282PX,TP20,SPM061,DCM07,1950.00,2060.00,870.00,tấm,"1800002200001468134001",A0200001468134WO,A0200000404897WO,WB2606-0011,GAM40-50N XANH,GAM40-50NH50,GAM40-50N,H50,"",M7,GAM40-50NH50,3.4950,1.0000,3.4950,1.0000,0.0000,0.00,"",79028,79023,0,ASHT-883.FOAM BLOCK--Mousse block,"",SX THEO DON HANG,0.00,47.00,2026-06-13 09:01:17.527,2026-06-15 08:47:04.977,2026-06-13 00:00:00.000,2026-06-15 00:00:00.000,KK0009.06/26,XB0032.06/26,0,"",""
FB00002,A0200003701280PX,TP20,SPM061,DCM07,1950.00,2060.00,870.00,tấm,"1800002200001468134002",A0200001468134WO,A0200000404897WO,WB2606-0011,GAM40-50N XANH,GAM40-50NH50,GAM40-50N,H50,"",M7,GAM40-50NH50,3.4950,1.0000,3.4950,1.0000,0.0000,0.00,"",79028,79023,0,ASHT-883.FOAM BLOCK--Mousse block,"",SX THEO DON HANG,0.00,47.00,2026-06-13 09:01:17.493,2026-06-15 08:47:04.947,2026-06-13 00:00:00.000,2026-06-15 00:00:00.000,KK0009.06/26,XB0032.06/26,0,"",""
FB00002,A0200003701283PX,TP20,SPM061,DCM07,1960.00,2060.00,870.00,tấm,"1800002200001468134003",A0200001468134WO,A0200000404897WO,WB2606-0011,GAM40-50N XANH,GAM40-50NH50,GAM40-50N,H50,"",M7,GAM40-50NH50,3.5130,1.0000,3.5130,1.0000,0.0000,0.00,"",79028,79023,0,ASHT-883.FOAM BLOCK--Mousse block,"",SX THEO DON HANG,0.00,47.00,2026-06-13 09:01:17.510,2026-06-15 08:47:04.990,2026-06-13 00:00:00.000,2026-06-15 00:00:00.000,KK0009.06/26,XB0032.06/26,0,"",""
FB00002,A0200003701281PX,TP20,SPM061,DCM07,1970.00,2060.00,870.00,tấm,"1800002200001468134004",A0200001468134WO,A0200000404897WO,WB2606-0011,GAM40-50N XANH,GAM40-50NH50,GAM40-50N,H50,"",M7,GAM40-50NH50,3.5310,1.0000,3.5310,1.0000,0.0000,0.00,"",79028,79023,0,ASHT-883.FOAM BLOCK--Mousse block,"",SX THEO DON HANG,0.00,47.00,2026-06-13 09:01:17.483,2026-06-15 08:47:04.960,2026-06-13 00:00:00.000,2026-06-15 00:00:00.000,KK0009.06/26,XB0032.06/26,0,"",""
FB00002,A0200003701277PX,TP20,SPM061,DCM07,1960.00,2060.00,870.00,tấm,"1800002200001468134005",A0200001468134WO,A0200000404897WO,WB2606-0011,GAM40-50N XANH,GAM40-50NH50,GAM40-50N,H50,"",M7,GAM40-50NH50,3.5130,1.0000,3.5130,1.0000,0.0000,0.00,"",79028,79023,0,ASHT-883.FOAM BLOCK--Mousse block,"",SX THEO DON HANG,0.00,47.00,2026-06-13 09:01:17.580,2026-06-15 08:47:04.900,2026-06-13 00:00:00.000,2026-06-15 00:00:00.000,KK0009.06/26,XB0032.06/26,0,"",""
FB00002,A0200003701278PX,TP20,SPM061,DCM07,1970.00,2060.00,870.00,tấm,"1800002200001468134006",A0200001468134WO,A0200000404897WO,WB2606-0011,GAM40-50N XANH,GAM40-50NH50,GAM40-50N,H50,"",M7,GAM40-50NH50,3.5310,1.0000,3.5310,1.0000,0.0000,0.00,"",79028,79023,0,ASHT-883.FOAM BLOCK--Mousse block,"",SX THEO DON HANG,0.00,47.00,2026-06-13 09:01:17.543,2026-06-15 08:47:04.913,2026-06-13 00:00:00.000,2026-06-15 00:00:00.000,KK0009.06/26,XB0032.06/26,0,"",""
FB00002,A0200003701279PX,TP20,SPM061,DCM07,1960.00,2060.00,860.00,tấm,"1800002200001468134007",A0200001468134WO,A0200000404897WO,WB2606-0011,GAM40-50N XANH,GAM40-50NH50,GAM40-50N,H50,"",M7,GAM40-50NH50,3.4720,1.0000,3.4720,1.0000,0.0000,0.00,"",79028,79023,0,ASHT-883.FOAM BLOCK--Mousse block,"",SX THEO DON HANG,0.00,47.00,2026-06-13 09:01:17.560,2026-06-15 08:47:04.930,2026-06-13 00:00:00.000,2026-06-15 00:00:00.000,KK0009.06/26,XB0032.06/26,0,"",""
FB00002,A0200003709678PX,TP20,SPM061,DCM07,1550.00,2060.00,860.00,tấm,"1800002200001468483001",A0200001468483WO,A0200000405046WO,WB2606-0013,GAM40-50N XANH,GAM40-50NH50,GAM40-50N,H50,"",M7,GAM40-50NH50,2.7460,1.0000,2.7460,1.0000,0.0000,0.00,"",79028,79023,0,"","",SX THEO DON HANG,0.00,766.00,2026-06-15 12:45:00.023,2026-07-17 10:17:28.470,2026-06-15 00:00:00.000,2026-07-17 00:00:00.000,KK0010.06/26,XB0037.07/26,0,"",""
FB00002,A0200003703566PX,TP20,SPM061,DCM07,1950.00,2050.00,850.00,tấm,"1800002200001469289001",A0200001469289WO,A0200000405264WO,WB2606-0019,GAM40-50N XANH,GAM40-50NH50,GAM40-50N,H50,"",M7,GAM40-50NH50,3.3980,1.0000,3.3980,1.0000,0.0000,0.00,"",79028,79023,0,ASHT-888.FOAM BLOCK--Mousse block,"",SX THEO ĐƠN HÀNG,0.00,116.00,2026-06-19 13:02:47.597,2026-06-24 09:37:08.207,2026-06-19 00:00:00.000,2026-06-23 00:00:00.000,KK0013.06/26,XB0051.06/26,0,"",""
FB00002,A0200003703564PX,TP20,SPM061,DCM07,1950.00,2050.00,870.00,tấm,"1800002200001469289002",A0200001469289WO,A0200000405264WO,WB2606-0019,GAM40-50N XANH,GAM40-50NH50,GAM40-50N,H50,"",M7,GAM40-50NH50,3.4780,1.0000,3.4780,1.0000,0.0000,0.00,"",79028,79023,0,ASHT-888.FOAM BLOCK--Mousse block,"",SX THEO ĐƠN HÀNG,0.00,116.00,2026-06-19 13:02:47.587,2026-06-24 09:37:08.197,2026-06-19 00:00:00.000,2026-06-23 00:00:00.000,KK0013.06/26,XB0051.06/26,0,"",""
FB00002,A0200003703562PX,TP20,SPM061,DCM07,1950.00,2050.00,850.00,tấm,"1800002200001469289003",A0200001469289WO,A0200000405264WO,WB2606-0019,GAM40-50N XANH,GAM40-50NH50,GAM40-50N,H50,"",M7,GAM40-50NH50,3.3980,1.0000,3.3980,1.0000,0.0000,0.00,"",79028,79023,0,ASHT-888.FOAM BLOCK--Mousse block,"",SX THEO ĐƠN HÀNG,0.00,116.00,2026-06-19 13:02:47.603,2026-06-24 09:37:08.173,2026-06-19 00:00:00.000,2026-06-23 00:00:00.000,KK0013.06/26,XB0051.06/26,0,"",""
FB00002,A0200003703565PX,TP20,SPM061,DCM07,1970.00,2050.00,850.00,tấm,"1800002200001469289004",A0200001469289WO,A0200000405264WO,WB2606-0019,GAM40-50N XANH,GAM40-50NH50,GAM40-50N,H50,"",M7,GAM40-50NH50,3.4330,1.0000,3.4330,1.0000,0.0000,0.00,"",79028,79023,0,ASHT-888.FOAM BLOCK--Mousse block,"",SX THEO ĐƠN HÀNG,0.00,116.00,2026-06-19 13:02:47.590,2026-06-24 09:37:08.197,2026-06-19 00:00:00.000,2026-06-23 00:00:00.000,KK0013.06/26,XB0051.06/26,0,"",""
FB00002,A0200003703568PX,TP20,SPM061,DCM07,1980.00,2050.00,750.00,tấm,"1800002200001469289005",A0200001469289WO,A0200000405264WO,WB2606-0019,GAM40-50N XANH,GAM40-50NH50,GAM40-50N,H50,"",M7,GAM40-50NH50,3.0440,1.0000,3.0440,1.0000,0.0000,0.00,"",79028,79023,0,ASHT-888.FOAM BLOCK--Mousse block,"",SX THEO ĐƠN HÀNG,0.00,116.00,2026-06-19 13:02:47.610,2026-06-24 09:37:08.227,2026-06-19 00:00:00.000,2026-06-23 00:00:00.000,KK0013.06/26,XB0051.06/26,0,"",""
FB00002,A0200003703563PX,TP20,SPM061,DCM07,1960.00,2050.00,850.00,tấm,"1800002200001469289006",A0200001469289WO,A0200000405264WO,WB2606-0019,GAM40-50N XANH,GAM40-50NH50,GAM40-50N,H50,"",M7,GAM40-50NH50,3.4150,1.0000,3.4150,1.0000,0.0000,0.00,"",79028,79023,0,ASHT-888.FOAM BLOCK--Mousse block,"",SX THEO ĐƠN HÀNG,0.00,116.00,2026-06-19 13:02:47.600,2026-06-24 09:37:08.183,2026-06-19 00:00:00.000,2026-06-23 00:00:00.000,KK0013.06/26,XB0051.06/26,0,"",""
FB00002,A0200003703567PX,TP20,SPM061,DCM07,1950.00,2050.00,800.00,tấm,"1800002200001469289007",A0200001469289WO,A0200000405264WO,WB2606-0019,GAM40-50N XANH,GAM40-50NH50,GAM40-50N,H50,"",M7,GAM40-50NH50,3.1980,1.0000,3.1980,1.0000,0.0000,0.00,"",79028,79023,0,ASHT-888.FOAM BLOCK--Mousse block,"",SX THEO ĐƠN HÀNG,0.00,116.00,2026-06-19 13:02:47.613,2026-06-24 09:37:08.217,2026-06-19 00:00:00.000,2026-06-23 00:00:00.000,KK0013.06/26,XB0051.06/26,0,"",""
FB00002,A0200003704609PX,TP20,SPM061,DCM07,870.00,2050.00,870.00,tấm,"1800002200001469978001",A0200001469978WO,A0200000405499WO,WB2606-0021,GAM40-50N XANH,GAM40-50NH50,GAM40-50N,H50,"",M7,GAM40-50NH50,1.5520,1.0000,1.5520,1.0000,0.0000,0.00,"",79028,79023,0,"","",SX DƯ,0.00,168.00,2026-06-20 13:26:27.457,2026-06-27 13:20:51.410,2026-06-20 00:00:00.000,2026-06-27 00:00:00.000,KK0014.06/26,XB0058.06/26,0,"",""
FB00002,A0200003711852PX,TP20,SPM061,DCM07,1790.00,2100.00,820.00,tấm,"1800002200001475918001",A0200001458940WO,A0200000401865WO,WB2604-0029,GAM40-50N XANH,GAM40-50NH50,GAM40-50N,H50,"",M7,GAM40-50NH50,3.0820,1.0000,3.0820,1.0000,0.0000,0.00,"",79028,79023,0,MINH HẠO-MH 8-1.7.26 MT-3-GAM,"",SX THEO ĐƠN HÀNG,0.00,17.00,2026-07-22 16:10:46.343,2026-07-23 09:30:50.110,2026-07-22 00:00:00.000,2026-07-23 00:00:00.000,KK0017.07/26,XB0053.07/26,0,"",""
FB00002,A0200003711853PX,TP20,SPM061,DCM07,1790.00,2100.00,820.00,tấm,"1800002200001475918002",A0200001458940WO,A0200000401865WO,WB2604-0029,GAM40-50N XANH,GAM40-50NH50,GAM40-50N,H50,"",M7,GAM40-50NH50,3.0820,1.0000,3.0820,1.0000,0.0000,0.00,"",79028,79023,0,MINH HẠO-MH 8-1.7.26 MT-3-GAM,"",SX THEO ĐƠN HÀNG,0.00,17.00,2026-07-22 16:10:46.337,2026-07-23 09:30:50.117,2026-07-22 00:00:00.000,2026-07-23 00:00:00.000,KK0017.07/26,XB0053.07/26,0,"",""
FB00006,A0200003700428PX,TP20,SPM069,DCM08,1950.00,2060.00,1030.00,tấm,"1800006200001456986002",A0200001456986WO,A0200000401242WO,WB2604-0013,GFD22-H20 TRẮNG,GFD22-H20H55,GFD22-H20,H55,"",B6,GFD22-H20H55,4.1375,1.0000,4.1375,1.0000,0.0000,0.00,"",79032,79023,0,ASHT-882.R0--Mousse tấm/ASHT-884.R0--Mousse tấm,"","",0.00,1458.00,2026-04-10 16:32:19.240,2026-06-10 10:25:54.410,2026-05-31 00:00:00.000,2026-06-10 00:00:00.000,TONKHO,XB0023.06/26,0,"",""
FB00006,A0200003707095PX,TP20,SPM069,DCM08,1110.00,2060.00,740.00,tấm,"1800006200001457104001",A0200001457104WO,A0200000401285WO,WB2604-0014,GFD22-H20 TRẮNG,GFD22-H20H55,GFD22-H20,H55,"",A2,GFD22-H20H55,1.6921,1.0000,1.6921,1.0000,0.0000,0.00,"",79032,79023,0,ASHT-885.R0--Mousse tấm,"","",0.00,2105.00,2026-04-10 16:32:19.340,2026-07-07 09:32:29.977,2026-05-31 00:00:00.000,2026-07-07 00:00:00.000,TONKHO,XB0014.07/26,0,"",""
FB00006,A0200003699483PX,TP20,SPM069,DCM08,1940.00,2060.00,970.00,tấm,"1800006200001459452001",A0200001459452WO,A0200000402094WO,WB2604-0031,GFD22-H20 TRẮNG,GFD22-H20H55,GFD22-H20,H55,"",A2,GFD22-H20H55,3.8765,1.0000,3.8765,1.0000,0.0000,0.00,"",79032,79023,0,ASHT-884.R0--Mousse tấm,"","",0.00,1009.00,2026-04-23 10:22:13.240,2026-06-04 11:13:51.690,2026-05-31 00:00:00.000,2026-06-04 00:00:00.000,TONKHO,XB0012.06/26,0,"",""
FB00006,A0200003699505PX,TP20,SPM069,DCM08,1540.00,2060.00,1060.00,tấm,"1800006200001459453002",A0200001459453WO,A0200000402094WO,WB2604-0031,GFD22-H20 TRẮNG,GFD22-H20H55,GFD22-H20,H55,"",A3,GFD22-H20H55,3.3627,1.0000,3.3627,1.0000,0.0000,0.00,"",79032,79023,0,ASHT-883.R0--Mousse tấm/ASHT-884.R0--Mousse tấm,"","",0.00,1012.00,2026-04-23 10:22:13.317,2026-06-04 14:08:44.690,2026-05-31 00:00:00.000,2026-06-04 00:00:00.000,TONKHO,XB0012.06/26,0,"",""
FB00006,A0200003699501PX,TP20,SPM069,DCM08,1380.00,2060.00,1050.00,tấm,"1800006200001459454001",A0200001459454WO,A0200000402094WO,WB2604-0031,GFD22-H20 TRẮNG,GFD22-H20H55,GFD22-H20,H55,"",A3,GFD22-H20H55,2.9849,1.0000,2.9849,1.0000,0.0000,0.00,"",79032,79023,0,ASHT-884.R0--Mousse tấm,"","",0.00,1012.00,2026-04-23 10:22:13.300,2026-06-04 14:08:44.547,2026-05-31 00:00:00.000,2026-06-04 00:00:00.000,TONKHO,XB0012.06/26,0,"",""
FB00006,A0200003699502PX,TP20,SPM069,DCM08,1350.00,2060.00,1040.00,tấm,"1800006200001459454002",A0200001459454WO,A0200000402094WO,WB2604-0031,GFD22-H20 TRẮNG,GFD22-H20H55,GFD22-H20,H55,"",A3,GFD22-H20H55,2.8922,1.0000,2.8922,1.0000,0.0000,0.00,"",79032,79023,0,ASHT-884.R0--Mousse tấm,"","",0.00,1012.00,2026-04-23 10:22:13.283,2026-06-04 14:08:44.577,2026-05-31 00:00:00.000,2026-06-04 00:00:00.000,TONKHO,XB0012.06/26,0,"",""
FB00006,A0200003699484PX,TP20,SPM069,DCM08,1960.00,2060.00,800.00,tấm,"1800006200001459455001",A0200001459455WO,A0200000402094WO,WB2604-0031,GFD22-H20 TRẮNG,GFD22-H20H55,GFD22-H20,H55,"",A2,GFD22-H20H55,3.2301,1.0000,3.2301,1.0000,0.0000,0.00,"",79032,79023,0,ASHT-884.R0--Mousse tấm,"","",0.00,1009.00,2026-04-23 10:22:13.223,2026-06-04 11:13:51.727,2026-05-31 00:00:00.000,2026-06-04 00:00:00.000,TONKHO,XB0012.06/26,0,"",""
FB00006,A0200003706115PX,TP20,SPM069,DCM08,1960.00,2060.00,800.00,tấm,"1800006200001459779001",A0200001459779WO,A0200000402159WO,WB2604-0033,GFD22-H20 TRẮNG,GFD22-H20H55,GFD22-H20,H55,"",A3,GFD22-H20H55,3.2301,1.0000,3.2301,1.0000,0.0000,0.00,"",79032,79023,0,DÙNG CHO CÔNG NGHIỆP,"","",0.00,1661.00,2026-04-23 10:22:13.437,2026-07-01 15:17:48.333,2026-05-31 00:00:00.000,2026-07-01 00:00:00.000,TONKHO,XB0003.07/26,0,"",""
FB00006,A0200003700429PX,TP20,SPM069,DCM08,1960.00,2060.00,1040.00,tấm,"1800006200001463819002",A0200001463819WO,A0200000403460WO,WB2605-0020,GFD22-H20 TRẮNG,GFD22-H20H55,GFD22-H20,H55,"",B9,GFD22-H20H55,4.1991,1.0000,4.1991,1.0000,0.0000,0.00,"",79032,79023,0,ASHT-886.R0--Mousse tấm,"","",0.00,525.00,2026-05-19 13:09:16.417,2026-06-10 10:25:54.427,2026-05-31 00:00:00.000,2026-06-10 00:00:00.000,TONKHO,XB0023.06/26,0,"",""
FB00006,A0200003700427PX,TP20,SPM069,DCM08,1560.00,2060.00,1050.00,tấm,"1800006200001463820001",A0200001463820WO,A0200000403460WO,WB2605-0020,GFD22-H20 TRẮNG,GFD22-H20H55,GFD22-H20,H55,"",B9,GFD22-H20H55,3.3743,1.0000,3.3743,1.0000,0.0000,0.00,"",79032,79023,0,ASHT-886.R0--Mousse tấm,"","",0.00,525.00,2026-05-19 13:09:16.533,2026-06-10 10:25:54.393,2026-05-31 00:00:00.000,2026-06-10 00:00:00.000,TONKHO,XB0023.06/26,0,"",""
FB00006,A0200003700426PX,TP20,SPM069,DCM08,1550.00,2060.00,1050.00,tấm,"1800006200001463820002",A0200001463820WO,A0200000403460WO,WB2605-0020,GFD22-H20 TRẮNG,GFD22-H20H55,GFD22-H20,H55,"",B9,GFD22-H20H55,3.3527,1.0000,3.3527,1.0000,0.0000,0.00,"",79032,79023,0,ASHT-886.R0--Mousse tấm,"","",0.00,525.00,2026-05-19 13:09:16.513,2026-06-10 10:25:54.377,2026-05-31 00:00:00.000,2026-06-10 00:00:00.000,TONKHO,XB0023.06/26,0,"",""
FB00006,A0200003700430PX,TP20,SPM069,DCM08,1980.00,2060.00,1050.00,tấm,"1800006200001463821001",A0200001463821WO,A0200000403460WO,WB2605-0020,GFD22-H20 TRẮNG,GFD22-H20H55,GFD22-H20,H55,"",B9,GFD22-H20H55,4.2827,1.0000,4.2827,1.0000,0.0000,0.00,"",79032,79023,0,ASHT-885.R0--Mousse tấm,"","",0.00,525.00,2026-05-19 13:09:16.437,2026-06-10 10:25:54.443,2026-05-31 00:00:00.000,2026-06-10 00:00:00.000,TONKHO,XB0023.06/26,0,"",""
FB00006,A0200003699503PX,TP20,SPM069,DCM08,1560.00,2060.00,1050.00,tấm,"1800006200001463822001",A0200001463822WO,A0200000403460WO,WB2605-0020,GFD22-H20 TRẮNG,GFD22-H20H55,GFD22-H20,H55,"",B9,GFD22-H20H55,3.3743,1.0000,3.3743,1.0000,0.0000,0.00,"",79032,79023,0,ASHT-885.R0--Mousse tấm,"","",0.00,385.00,2026-05-19 13:09:16.497,2026-06-04 14:08:44.620,2026-05-31 00:00:00.000,2026-06-04 00:00:00.000,TONKHO,XB0012.06/26,0,"",""
FB00006,A0200003699504PX,TP20,SPM069,DCM08,1560.00,2060.00,1050.00,tấm,"1800006200001463822002",A0200001463822WO,A0200000403460WO,WB2605-0020,GFD22-H20 TRẮNG,GFD22-H20H55,GFD22-H20,H55,"",B9,GFD22-H20H55,3.3743,1.0000,3.3743,1.0000,0.0000,0.00,"",79032,79023,0,ASHT-885.R0--Mousse tấm,"","",0.00,385.00,2026-05-19 13:09:16.477,2026-06-04 14:08:44.657,2026-05-31 00:00:00.000,2026-06-04 00:00:00.000,TONKHO,XB0012.06/26,0,"",""
FB00006,A0200003709766PX,TP20,SPM069,DCM08,1380.00,2060.00,1040.00,tấm,"1800006200001463823003",A0200001463823WO,A0200000403460WO,WB2605-0020,GFD22-H20 TRẮNG,GFD22-H20H55,GFD22-H20,H55,"","",GFD22-H20H55,5.9130,2.0000,2.9565,1.0000,2.9565,1.00,"",79032,79023,0,ASHT-885.R0--Mousse tấm,"","",0.00,45.00,2026-07-15 15:32:37.930,2026-07-17 12:51:29.107,2026-07-15 00:00:00.000,2026-07-15 00:00:00.000,XB0033.07/26,XB0033.07/26,0,"",""
FB00006,A0200003700424PX,TP20,SPM069,DCM08,1400.00,2060.00,1050.00,tấm,"1800006200001463824001",A0200001463824WO,A0200000403460WO,WB2605-0020,GFD22-H20 TRẮNG,GFD22-H20H55,GFD22-H20,H55,"",B9,GFD22-H20H55,3.0282,1.0000,3.0282,1.0000,0.0000,0.00,"",79032,79023,0,ASHT-886.R0--Mousse tấm,"","",0.00,525.00,2026-05-19 13:09:16.550,2026-06-10 10:25:54.320,2026-05-31 00:00:00.000,2026-06-10 00:00:00.000,TONKHO,XB0023.06/26,0,"",""
FB00006,A0200003700425PX,TP20,SPM069,DCM08,1400.00,2060.00,1040.00,tấm,"1800006200001463824002",A0200001463824WO,A0200000403460WO,WB2605-0020,GFD22-H20 TRẮNG,GFD22-H20H55,GFD22-H20,H55,"",B9,GFD22-H20H55,2.9994,1.0000,2.9994,1.0000,0.0000,0.00,"",79032,79023,0,ASHT-886.R0--Mousse tấm,"","",0.00,525.00,2026-05-19 13:09:16.570,2026-06-10 10:25:54.360,2026-05-31 00:00:00.000,2026-06-10 00:00:00.000,TONKHO,XB0023.06/26,0,"",""
FB00006,A0200003707147PX,TP20,SPM069,DCM08,1400.00,2060.00,750.00,tấm,"1800006200001463840001",A0200001463840WO,A0200000403477WO,WB2605-0021,GFD22-H20 TRẮNG,GFD22-H20H55,GFD22-H20,H55,"",B9,GFD22-H20H55,2.1630,1.0000,2.1630,1.0000,0.0000,0.00,"",79032,79023,0,"","","",0.00,1176.00,2026-05-19 13:09:15.067,2026-07-07 13:45:48.580,2026-05-31 00:00:00.000,2026-07-07 00:00:00.000,TONKHO,XB0014.07/26,0,"",""
FB00006,A0200003703357PX,TP20,SPM069,DCM08,1550.00,2060.00,1040.00,tấm,"1800006200001467711001",A0200001467711WO,A0200000404785WO,WB2606-0008,GFD22-H20 TRẮNG,GFD22-H20H55,GFD22-H20,H55,"",B1,GFD22-H20H55,3.3210,1.0000,3.3210,1.0000,0.0000,0.00,"",79032,79023,0,ASHT-887.R0--Mousse tấm,"",SX THEO DON HANG,0.00,341.00,2026-06-09 09:52:00.840,2026-06-23 14:07:25.397,2026-06-09 00:00:00.000,2026-06-23 00:00:00.000,KK0006.06/26,XB0050.06/26,0,"",""
FB00006,A0200003702796PX,TP20,SPM069,DCM08,1550.00,2060.00,1040.00,tấm,"1800006200001467711002",A0200001467711WO,A0200000404785WO,WB2606-0008,GFD22-H20 TRẮNG,GFD22-H20H55,GFD22-H20,H55,"",B1,GFD22-H20H55,3.3210,1.0000,3.3210,1.0000,0.0000,0.00,"",79032,79023,0,ASHT-887.R0--Mousse tấm,"",SX THEO DON HANG,0.00,313.00,2026-06-09 09:52:00.827,2026-06-22 10:04:15.477,2026-06-09 00:00:00.000,2026-06-22 00:00:00.000,KK0006.06/26,XB0046.06/26,0,"",""
FB00006,A0200003706033PX,TP20,SPM069,DCM08,1960.00,2090.00,1030.00,tấm,"1800006200001467712001",A0200001467712WO,A0200000404785WO,WB2606-0008,GFD22-H20 TRẮNG,GFD22-H20H55,GFD22-H20,H55,"",B1,GFD22-H20H55,4.2190,1.0000,4.2190,1.0000,0.0000,0.00,"",79032,79023,0,ASHT-887.R0--Mousse tấm,"",SX THEO DON HANG,0.00,530.00,2026-06-09 09:16:24.233,2026-07-01 11:13:40.467,2026-06-09 00:00:00.000,2026-07-01 00:00:00.000,KK0006.06/26,XB0001.07/26,0,"",""
FB00006,A0200003706741PX,TP20,SPM069,DCM08,1960.00,2090.00,1030.00,tấm,"1800006200001467712002",A0200001467712WO,A0200000404785WO,WB2606-0008,GFD22-H20 TRẮNG,GFD22-H20H55,GFD22-H20,H55,"",B1,GFD22-H20H55,4.2190,1.0000,4.2190,1.0000,0.0000,0.00,"",79032,79023,0,ASHT-887.R0--Mousse tấm,"",SX THEO DON HANG,0.00,601.00,2026-06-09 09:16:24.250,2026-07-04 10:34:01.337,2026-06-09 00:00:00.000,2026-07-04 00:00:00.000,KK0006.06/26,XB0009.07/26,0,"",""
FB00006,A0200003706034PX,TP20,SPM069,DCM08,1960.00,2090.00,1030.00,tấm,"1800006200001467712003",A0200001467712WO,A0200000404785WO,WB2606-0008,GFD22-H20 TRẮNG,GFD22-H20H55,GFD22-H20,H55,"",B1,GFD22-H20H55,4.2190,1.0000,4.2190,1.0000,0.0000,0.00,"",79032,79023,0,ASHT-887.R0--Mousse tấm,"",SX THEO DON HANG,0.00,530.00,2026-06-09 09:16:24.217,2026-07-01 11:13:40.557,2026-06-09 00:00:00.000,2026-07-01 00:00:00.000,KK0006.06/26,XB0001.07/26,0,"",""
FB00006,A0200003703596PN,TP20,SPM069,DCM08,1960.00,2060.00,1020.00,tấm,"1800006200001470433001",A0200001470433WO,A0200000405679WO,WB2606-0025,GFD22-H20 TRẮNG,GFD22-H20H55,GFD22-H20,H55,"",B12,GFD22-H20H55,4.1180,1.0000,0.0000,0.0000,4.1180,1.00,"",79032,79023,0,ASHT-889.R0--Mousse tấm,"",SX THEO ĐƠN HÀNG,0.00,692.00,2026-06-24 13:23:08.930,,2026-06-24 00:00:00.000,,KK0016.06/26,,0,"",RedColor
FB00006,A0200003705387PX,TP20,SPM069,DCM08,1950.00,2060.00,1040.00,tấm,"1800006200001470433002",A0200001470433WO,A0200000405679WO,WB2606-0025,GFD22-H20 TRẮNG,GFD22-H20H55,GFD22-H20,H55,"",B12,GFD22-H20H55,4.1780,1.0000,4.1780,1.0000,0.0000,0.00,"",79032,79023,0,ASHT-889.R0--Mousse tấm,"",SX THEO ĐƠN HÀNG,0.00,141.00,2026-06-24 13:23:08.940,2026-06-30 10:19:06.790,2026-06-24 00:00:00.000,2026-06-30 00:00:00.000,KK0016.06/26,XB0063.06/26,0,"",""
FB00006,A0200003705389PX,TP20,SPM069,DCM08,1970.00,2060.00,1040.00,tấm,"1800006200001470433003",A0200001470433WO,A0200000405679WO,WB2606-0025,GFD22-H20 TRẮNG,GFD22-H20H55,GFD22-H20,H55,"",B12,GFD22-H20H55,4.2210,1.0000,4.2210,1.0000,0.0000,0.00,"",79032,79023,0,ASHT-889.R0--Mousse tấm,"",SX THEO ĐƠN HÀNG,0.00,141.00,2026-06-24 13:23:08.930,2026-06-30 10:19:06.807,2026-06-24 00:00:00.000,2026-06-30 00:00:00.000,KK0016.06/26,XB0063.06/26,0,"",""
FB00006,A0200003705388PX,TP20,SPM069,DCM08,1970.00,2060.00,1020.00,tấm,"1800006200001470433004",A0200001470433WO,A0200000405679WO,WB2606-0025,GFD22-H20 TRẮNG,GFD22-H20H55,GFD22-H20,H55,"",B12,GFD22-H20H55,4.1390,1.0000,4.1390,1.0000,0.0000,0.00,"",79032,79023,0,ASHT-889.R0--Mousse tấm,"",SX THEO ĐƠN HÀNG,0.00,141.00,2026-06-24 13:23:08.943,2026-06-30 10:19:06.797,2026-06-24 00:00:00.000,2026-06-30 00:00:00.000,KK0016.06/26,XB0063.06/26,0,"",""
FB00006,A0200003705386PX,TP20,SPM069,DCM08,1960.00,2060.00,1040.00,tấm,"1800006200001470433005",A0200001470433WO,A0200000405679WO,WB2606-0025,GFD22-H20 TRẮNG,GFD22-H20H55,GFD22-H20,H55,"",B12,GFD22-H20H55,4.1990,1.0000,4.1990,1.0000,0.0000,0.00,"",79032,79023,0,ASHT-889.R0--Mousse tấm,"",SX THEO ĐƠN HÀNG,0.00,141.00,2026-06-24 13:23:08.933,2026-06-30 10:19:06.780,2026-06-24 00:00:00.000,2026-06-30 00:00:00.000,KK0016.06/26,XB0063.06/26,0,"",""
FB00006,A0200003705385PX,TP20,SPM069,DCM08,1950.00,2060.00,1020.00,tấm,"1800006200001470434001",A0200001470434WO,A0200000405679WO,WB2606-0025,GFD22-H20 TRẮNG,GFD22-H20H55,GFD22-H20,H55,"",B12,GFD22-H20H55,4.0970,1.0000,4.0970,1.0000,0.0000,0.00,"",79032,79023,0,ASHT-889.R0--Mousse tấm,"",SX THEO ĐƠN HÀNG,0.00,141.00,2026-06-24 13:23:08.927,2026-06-30 10:19:06.770,2026-06-24 00:00:00.000,2026-06-30 00:00:00.000,KK0016.06/26,XB0063.06/26,0,"",""
FB00006,A0200003705384PX,TP20,SPM069,DCM08,1560.00,2090.00,1020.00,tấm,"1800006200001470435001",A0200001470435WO,A0200000405679WO,WB2606-0025,GFD22-H20 TRẮNG,GFD22-H20H55,GFD22-H20,H55,"",B12,GFD22-H20H55,3.3260,1.0000,3.3260,1.0000,0.0000,0.00,"",79032,79023,0,ASHT-889.R0--Mousse tấm,"",SX THEO ĐƠN HÀNG,0.00,141.00,2026-06-24 13:23:08.920,2026-06-30 10:19:06.763,2026-06-24 00:00:00.000,2026-06-30 00:00:00.000,KK0016.06/26,XB0063.06/26,0,"",""
FB00006,A0200003705383PX,TP20,SPM069,DCM08,1550.00,2090.00,960.00,tấm,"1800006200001470435002",A0200001470435WO,A0200000405679WO,WB2606-0025,GFD22-H20 TRẮNG,GFD22-H20H55,GFD22-H20,H55,"",B12,GFD22-H20H55,3.1100,1.0000,3.1100,1.0000,0.0000,0.00,"",79032,79023,0,ASHT-889.R0--Mousse tấm,"",SX THEO ĐƠN HÀNG,0.00,141.00,2026-06-24 13:23:08.887,2026-06-30 10:19:06.740,2026-06-24 00:00:00.000,2026-06-30 00:00:00.000,KK0016.06/26,XB0063.06/26,0,"",""
FB00006,A0200003707100PX,TP20,SPM069,DCM08,1550.00,2060.00,1020.00,tấm,"1800006200001470436001",A0200001470436WO,A0200000405679WO,WB2606-0025,GFD22-H20 TRẮNG,GFD22-H20H55,GFD22-H20,H55,"",B12,GFD22-H20H55,3.2570,1.0000,3.2570,1.0000,0.0000,0.00,"",79032,79023,0,ASHT-889.R0--Mousse tấm,"",SX THEO ĐƠN HÀNG,0.00,308.00,2026-06-24 13:23:08.923,2026-07-07 09:32:30.073,2026-06-24 00:00:00.000,2026-07-07 00:00:00.000,KK0016.06/26,XB0014.07/26,0,"",""
FB00006,A0200003706739PX,TP20,SPM069,DCM08,1560.00,2060.00,1000.00,tấm,"1800006200001470436002",A0200001470436WO,A0200000405679WO,WB2606-0025,GFD22-H20 TRẮNG,GFD22-H20H55,GFD22-H20,H55,"",B12,GFD22-H20H55,3.2140,1.0000,3.2140,1.0000,0.0000,0.00,"",79032,79023,0,ASHT-889.R0--Mousse tấm,"",SX THEO ĐƠN HÀNG,0.00,237.00,2026-06-24 13:23:08.913,2026-07-04 10:34:01.290,2026-06-24 00:00:00.000,2026-07-04 00:00:00.000,KK0016.06/26,XB0009.07/26,0,"",""
FB00006,A0200003707099PX,TP20,SPM069,DCM08,1550.00,2060.00,990.00,tấm,"1800006200001470436003",A0200001470436WO,A0200000405679WO,WB2606-0025,GFD22-H20 TRẮNG,GFD22-H20H55,GFD22-H20,H55,"",B12,GFD22-H20H55,3.1610,1.0000,3.1610,1.0000,0.0000,0.00,"",79032,79023,0,ASHT-889.R0--Mousse tấm,"",SX THEO ĐƠN HÀNG,0.00,308.00,2026-06-24 13:23:08.893,2026-07-07 09:32:30.040,2026-06-24 00:00:00.000,2026-07-07 00:00:00.000,KK0016.06/26,XB0014.07/26,0,"",""
FB00006,A0200003706366PX,TP20,SPM069,DCM08,1550.00,2060.00,880.00,tấm,"1800006200001470437001",A0200001470437WO,A0200000405679WO,WB2606-0025,GFD22-H20 TRẮNG,GFD22-H20H55,GFD22-H20,H55,"",B12,GFD22-H20H55,2.8100,1.0000,2.8100,1.0000,0.0000,0.00,"",79032,79023,0,ASHT-890.R0--Mousse tấm,"",SX THEO ĐƠN HÀNG,0.00,194.00,2026-06-24 13:23:08.883,2026-07-02 15:40:50.823,2026-06-24 00:00:00.000,2026-07-02 00:00:00.000,KK0016.06/26,XB0005.07/26,0,"",""
FB00006,A0200003706740PX,TP20,SPM069,DCM08,1550.00,2060.00,1010.00,tấm,"1800006200001470437002",A0200001470437WO,A0200000405679WO,WB2606-0025,GFD22-H20 TRẮNG,GFD22-H20H55,GFD22-H20,H55,"",B12,GFD22-H20H55,3.2250,1.0000,3.2250,1.0000,0.0000,0.00,"",79032,79023,0,ASHT-890.R0--Mousse tấm,"",SX THEO ĐƠN HÀNG,0.00,237.00,2026-06-24 13:23:08.917,2026-07-04 10:34:01.300,2026-06-24 00:00:00.000,2026-07-04 00:00:00.000,KK0016.06/26,XB0009.07/26,0,"",""
FB00006,A0200003706116PX,TP20,SPM069,DCM08,1370.00,2090.00,690.00,tấm,"1800006200001470706001",A0200001470706WO,A0200000405733WO,WB2606-0026,GFD22-H20 TRẮNG,GFD22-H20H55,GFD22-H20,H55,"",B12,GFD22-H20H55,1.9760,1.0000,1.9760,1.0000,0.0000,0.00,"",79032,79023,0,"","",SX DƯ,0.00,170.00,2026-06-24 13:23:07.603,2026-07-01 15:17:48.370,2026-06-24 00:00:00.000,2026-07-01 00:00:00.000,KK0016.06/26,XB0003.07/26,0,"",""
FB00006,A0200003709586PX,TP20,SPM069,DCM08,1840.00,2040.00,930.00,tấm,"1800006200001474026001",A0200001474026WO,A0200000406810WO,WB2607-0012,GFD22-H20 TRẮNG,GFD22-H20H55,GFD22-H20,H55,"",B7,GFD22-H20H55,3.4910,1.0000,3.4910,1.0000,0.0000,0.00,"",79032,79023,0,SHV-035--Mousse tấm,"",SX THEO ĐƠN HÀNG,0.00,73.00,2026-07-14 09:43:01.833,2026-07-17 10:11:18.717,2026-07-14 00:00:00.000,2026-07-17 00:00:00.000,KK0010.07/26,XB0036.07/26,0,"",""
FB00006,A0200003709585PX,TP20,SPM069,DCM08,1530.00,2040.00,680.00,tấm,"1800006200001474027001",A0200001474027WO,A0200000406810WO,WB2607-0012,GFD22-H20 TRẮNG,GFD22-H20H55,GFD22-H20,H55,"",B7,GFD22-H20H55,2.1220,1.0000,2.1220,1.0000,0.0000,0.00,"",79032,79023,0,SHV-035--Mousse tấm,"",SX THEO ĐƠN HÀNG,0.00,73.00,2026-07-14 09:43:01.843,2026-07-17 10:11:18.700,2026-07-14 00:00:00.000,2026-07-17 00:00:00.000,KK0010.07/26,XB0036.07/26,0,"",""
FB00006,A0200003709587PX,TP20,SPM069,DCM08,1820.00,2040.00,880.00,tấm,"1800006200001474028001",A0200001474028WO,A0200000406810WO,WB2607-0012,GFD22-H20 TRẮNG,GFD22-H20H55,GFD22-H20,H55,"",B7,GFD22-H20H55,3.2670,1.0000,3.2670,1.0000,0.0000,0.00,"",79032,79023,0,SHV-035--Mousse tấm,"",SX THEO ĐƠN HÀNG,0.00,73.00,2026-07-14 09:43:01.840,2026-07-17 10:11:18.727,2026-07-14 00:00:00.000,2026-07-17 00:00:00.000,KK0010.07/26,XB0036.07/26,0,"",""
FB00006,A0200003710928PN,TP20,SPM069,DCM08,920.00,2080.00,900.00,tấm,"1800006200001475362001",A0200001458940WO,A0200000401865WO,WB2604-0029,GFD22-H20 TRẮNG,GFD22-H20H55,GFD22-H20,H55,"",A3,GFD22-H20H55,1.7220,1.0000,0.0000,0.0000,1.7220,1.00,"",79032,79023,0,"","",SX DƯ,0.00,25.00,2026-07-22 08:33:41.943,,2026-07-22 00:00:00.000,,KK0016.07/26,,0,"",""
FB00008,A0200003703081PX,TP20,SPM077,DCM16,1010.00,2080.00,440.00,tấm,"1800008200001417896001",A0200001417896WO,A0200000387065WO,WB2510-0021,GMF60-50N XANH,GMF60-50NH75,GMF60-50N,H75,"","",GMF60-50NH75,1.8488,2.0000,0.9244,1.0000,0.9244,1.00,"",79034,79023,0,"","",SX DU,0.00,0.00,2026-06-22 16:27:11.233,2026-06-22 16:27:26.270,2026-06-22 00:00:00.000,2026-06-22 00:00:00.000,XB0048.06/26,XB0048.06/26,0,"",""
FB00008,A0200003709265PX,TP20,SPM077,DCM16,1370.00,2080.00,540.00,tấm,"1800008200001429545002",A0200001429545WO,A0200000391848WO,WB2512-0004,GMF60-50N XANH,GMF60-50NH75,GMF60-50N,H75,"","",GMF60-50NH75,3.0776,2.0000,1.5388,1.0000,1.5388,1.00,"",79034,79023,0,SST-158--Mousse tấm/SST-171--Mousse tấm,Mút bị rỗ,"",0.00,1.00,2026-07-15 15:32:37.930,2026-07-15 16:06:57.637,2026-07-15 00:00:00.000,2026-07-15 00:00:00.000,XB0033.07/26,XB0033.07/26,0,"",""
FB00008,A0200003709264PX,TP20,SPM077,DCM16,1200.00,2060.00,580.00,tấm,"1800008200001434342001",A0200001434342WO,A0200000393389WO,WB2512-0035,GMF60-50N XANH,GMF60-50NH75,GMF60-50N,H75,"","",GMF60-50NH75,2.8676,2.0000,1.4338,1.0000,1.4338,1.00,"",79034,79023,0,LEM MÀU/LEM MÀU,Lem màu,"",0.00,1.00,2026-07-15 15:32:37.930,2026-07-15 16:06:57.633,2026-07-15 00:00:00.000,2026-07-15 00:00:00.000,XB0033.07/26,XB0033.07/26,0,"",""
FB00008,A0200003699271PX,TP20,SPM077,DCM16,1880.00,2080.00,470.00,tấm,"1800008200001451450001",A0200001451450WO,A0200000398530WO,WB2603-0021,GMF60-50N XANH,GMF60-50NH75,GMF60-50N,H75,"",M7,GMF60-50NH75,1.8379,1.0000,1.8379,1.0000,0.0000,0.00,"",79034,79023,0,SST-171--Mousse tấm,"","",0.00,1848.00,2026-03-18 10:37:04.847,2026-06-03 10:06:42.920,2026-05-31 00:00:00.000,2026-06-03 00:00:00.000,TONKHO,XB0009.06/26,0,"",""
FB00008,A0200003709767PX,TP20,SPM077,DCM16,1560.00,2070.00,560.00,tấm,"1800008200001463278005",A0200001463278WO,A0200000403217WO,WB2605-0015,GMF60-50N XANH,GMF60-50NH75,GMF60-50N,H75,"","",GMF60-50NH75,3.6168,2.0000,1.8084,1.0000,1.8084,1.00,"",79034,79023,0,SST-170--Mousse tấm,"","",0.00,45.00,2026-07-15 15:32:37.930,2026-07-17 12:51:29.110,2026-07-15 00:00:00.000,2026-07-15 00:00:00.000,XB0033.07/26,XB0033.07/26,0,"",""
FB00008,A0200003698997PX,TP20,SPM077,DCM16,1860.00,2070.00,590.00,tấm,"1800008200001465316001",A0200001465316WO,A0200000403973WO,WB2605-0032,GMF60-50N XANH,GMF60-50NH75,GMF60-50N,H75,"",M7,GMF60-50NH75,2.2716,1.0000,2.2716,1.0000,0.0000,0.00,"",79034,79023,0,SST-171--Mousse tấm,"","",0.00,185.00,2026-05-26 16:00:35.827,2026-06-03 09:25:20.373,2026-05-31 00:00:00.000,2026-06-03 00:00:00.000,TONKHO,XB0009.06/26,0,"",""
FB00008,A0200003698996PX,TP20,SPM077,DCM16,1880.00,2070.00,590.00,tấm,"1800008200001465317001",A0200001465317WO,A0200000403973WO,WB2605-0032,GMF60-50N XANH,GMF60-50NH75,GMF60-50N,H75,"",M7,GMF60-50NH75,2.2960,1.0000,2.2960,1.0000,0.0000,0.00,"",79034,79023,0,SST-171--Mousse tấm,"","",0.00,185.00,2026-05-26 16:00:35.807,2026-06-03 09:25:20.363,2026-05-31 00:00:00.000,2026-06-03 00:00:00.000,TONKHO,XB0009.06/26,0,"",""
FB00008,A0200003699001PX,TP20,SPM077,DCM16,1880.00,2070.00,590.00,tấm,"1800008200001465317002",A0200001465317WO,A0200000403973WO,WB2605-0032,GMF60-50N XANH,GMF60-50NH75,GMF60-50N,H75,"",M7,GMF60-50NH75,2.2960,1.0000,2.2960,1.0000,0.0000,0.00,"",79034,79023,0,SST-171--Mousse tấm,"","",0.00,185.00,2026-05-26 16:00:35.777,2026-06-03 09:25:20.413,2026-05-31 00:00:00.000,2026-06-03 00:00:00.000,TONKHO,XB0009.06/26,0,"",""
FB00008,A0200003699003PX,TP20,SPM077,DCM16,1380.00,2070.00,590.00,tấm,"1800008200001465318001",A0200001465318WO,A0200000403973WO,WB2605-0032,GMF60-50N XANH,GMF60-50NH75,GMF60-50N,H75,"",M7,GMF60-50NH75,1.6854,1.0000,1.6854,1.0000,0.0000,0.00,"",79034,79023,0,SST-171--Mousse tấm,"","",0.00,185.00,2026-05-26 16:00:35.680,2026-06-03 09:25:20.437,2026-05-31 00:00:00.000,2026-06-03 00:00:00.000,TONKHO,XB0009.06/26,0,"",""
FB00008,A0200003698998PX,TP20,SPM077,DCM16,1390.00,2070.00,590.00,tấm,"1800008200001465318002",A0200001465318WO,A0200000403973WO,WB2605-0032,GMF60-50N XANH,GMF60-50NH75,GMF60-50N,H75,"",M7,GMF60-50NH75,1.6976,1.0000,1.6976,1.0000,0.0000,0.00,"",79034,79023,0,SST-171--Mousse tấm,"","",0.00,185.00,2026-05-26 16:00:35.720,2026-06-03 09:25:20.383,2026-05-31 00:00:00.000,2026-06-03 00:00:00.000,TONKHO,XB0009.06/26,0,"",""
FB00008,A0200003698999PX,TP20,SPM077,DCM16,1380.00,2070.00,590.00,tấm,"1800008200001465319001",A0200001465319WO,A0200000403973WO,WB2605-0032,GMF60-50N XANH,GMF60-50NH75,GMF60-50N,H75,"",M7,GMF60-50NH75,1.6854,1.0000,1.6854,1.0000,0.0000,0.00,"",79034,79023,0,SST-171--Mousse tấm,"","",0.00,185.00,2026-05-26 16:00:35.737,2026-06-03 09:25:20.393,2026-05-31 00:00:00.000,2026-06-03 00:00:00.000,TONKHO,XB0009.06/26,0,"",""
FB00008,A0200003699491PX,TP20,SPM077,DCM16,1380.00,2070.00,590.00,tấm,"1800008200001465319002",A0200001465319WO,A0200000403973WO,WB2605-0032,GMF60-50N XANH,GMF60-50NH75,GMF60-50N,H75,"",M7,GMF60-50NH75,1.6854,1.0000,1.6854,1.0000,0.0000,0.00,"",79034,79023,0,SST-171--Mousse tấm,"","",0.00,211.00,2026-05-26 16:00:35.757,2026-06-04 11:13:52.180,2026-05-31 00:00:00.000,2026-06-04 00:00:00.000,TONKHO,XB0012.06/26,0,"",""
FB00008,A0200003699002PX,TP20,SPM077,DCM16,1380.00,2070.00,590.00,tấm,"1800008200001465319003",A0200001465319WO,A0200000403973WO,WB2605-0032,GMF60-50N XANH,GMF60-50NH75,GMF60-50N,H75,"",M7,GMF60-50NH75,1.6854,1.0000,1.6854,1.0000,0.0000,0.00,"",79034,79023,0,SST-171--Mousse tấm,"","",0.00,185.00,2026-05-26 16:00:35.663,2026-06-03 09:25:20.427,2026-05-31 00:00:00.000,2026-06-03 00:00:00.000,TONKHO,XB0009.06/26,0,"",""
FB00008,A0200003699000PX,TP20,SPM077,DCM16,1370.00,2070.00,590.00,tấm,"1800008200001465319004",A0200001465319WO,A0200000403973WO,WB2605-0032,GMF60-50N XANH,GMF60-50NH75,GMF60-50N,H75,"",M7,GMF60-50NH75,1.6732,1.0000,1.6732,1.0000,0.0000,0.00,"",79034,79023,0,SST-171--Mousse tấm,"","",0.00,185.00,2026-05-26 16:00:35.700,2026-06-03 09:25:20.403,2026-05-31 00:00:00.000,2026-06-03 00:00:00.000,TONKHO,XB0009.06/26,0,"",""
FB00008,A0200003699005PX,TP20,SPM077,DCM16,1370.00,2070.00,590.00,tấm,"1800008200001465319005",A0200001465319WO,A0200000403973WO,WB2605-0032,GMF60-50N XANH,GMF60-50NH75,GMF60-50N,H75,"",M7,GMF60-50NH75,1.6732,1.0000,1.6732,1.0000,0.0000,0.00,"",79034,79023,0,SST-171--Mousse tấm,"","",0.00,185.00,2026-05-26 16:00:35.643,2026-06-03 09:25:20.483,2026-05-31 00:00:00.000,2026-06-03 00:00:00.000,TONKHO,XB0009.06/26,0,"",""
FB00008,A0200003699004PX,TP20,SPM077,DCM16,1380.00,2070.00,590.00,tấm,"1800008200001465319006",A0200001465319WO,A0200000403973WO,WB2605-0032,GMF60-50N XANH,GMF60-50NH75,GMF60-50N,H75,"",M7,GMF60-50NH75,1.6854,1.0000,1.6854,1.0000,0.0000,0.00,"",79034,79023,0,SST-171--Mousse tấm,"","",0.00,185.00,2026-05-26 16:00:35.623,2026-06-03 09:25:20.443,2026-05-31 00:00:00.000,2026-06-03 00:00:00.000,TONKHO,XB0009.06/26,0,"",""
FB00008,A0200003699007PX,TP20,SPM077,DCM16,1130.00,2070.00,550.00,tấm,"1800008200001465320001",A0200001465320WO,A0200000403973WO,WB2605-0032,GMF60-50N XANH,GMF60-50NH75,GMF60-50N,H75,"",M7,GMF60-50NH75,1.2865,1.0000,1.2865,1.0000,0.0000,0.00,"",79034,79023,0,SST-171--Mousse tấm,"","",0.00,185.00,2026-05-26 16:00:35.583,2026-06-03 09:25:20.593,2026-05-31 00:00:00.000,2026-06-03 00:00:00.000,TONKHO,XB0009.06/26,0,"",""
FB00008,A0200003699006PX,TP20,SPM077,DCM16,1100.00,2070.00,590.00,tấm,"1800008200001465320002",A0200001465320WO,A0200000403973WO,WB2605-0032,GMF60-50N XANH,GMF60-50NH75,GMF60-50N,H75,"",M7,GMF60-50NH75,1.3434,1.0000,1.3434,1.0000,0.0000,0.00,"",79034,79023,0,SST-171--Mousse tấm,"","",0.00,185.00,2026-05-26 16:00:35.603,2026-06-03 09:25:20.570,2026-05-31 00:00:00.000,2026-06-03 00:00:00.000,TONKHO,XB0009.06/26,0,"",""
FB00008,A0200003705068PX,TP20,SPM077,DCM16,1390.00,2070.00,480.00,tấm,"1800008200001465470001",A0200001465470WO,A0200000404034WO,WB2605-0033,GMF60-50N XANH,GMF60-50NH75,GMF60-50N,H75,"",M7,GMF60-50NH75,1.3811,1.0000,1.3811,1.0000,0.0000,0.00,"",79034,79023,0,"","","",0.00,809.00,2026-05-26 16:00:34.327,2026-06-29 09:19:47.773,2026-05-31 00:00:00.000,2026-06-29 00:00:00.000,TONKHO,XB0059.06/26,0,"",""
FB00008,A0200003705069PX,TP20,SPM077,DCM16,1400.00,2070.00,530.00,tấm,"1800008200001465470002",A0200001465470WO,A0200000404034WO,WB2605-0033,GMF60-50N XANH,GMF60-50NH75,GMF60-50N,H75,"",M7,GMF60-50NH75,1.5359,1.0000,1.5359,1.0000,0.0000,0.00,"",79034,79023,0,"","","",0.00,809.00,2026-05-26 16:00:35.540,2026-06-29 09:19:47.780,2026-05-31 00:00:00.000,2026-06-29 00:00:00.000,TONKHO,XB0059.06/26,0,"",""
FB00008,A0200003705070PX,TP20,SPM077,DCM16,1390.00,2070.00,590.00,tấm,"1800008200001468135001",A0200001468135WO,A0200000404897WO,WB2606-0011,GMF60-50N XANH,GMF60-50NH75,GMF60-50N,H75,"",M7,GMF60-50NH75,1.6980,1.0000,1.6980,1.0000,0.0000,0.00,"",79034,79023,0,SST-172--Mousse tấm,"",SX THEO DON HANG,0.00,384.00,2026-06-13 09:01:17.147,2026-06-29 09:19:47.810,2026-06-13 00:00:00.000,2026-06-29 00:00:00.000,KK0009.06/26,XB0059.06/26,0,"",""
FB00008,A0200003705071PX,TP20,SPM077,DCM16,1370.00,2070.00,560.00,tấm,"1800008200001468135002",A0200001468135WO,A0200000404897WO,WB2606-0011,GMF60-50N XANH,GMF60-50NH75,GMF60-50N,H75,"",M7,GMF60-50NH75,1.5880,1.0000,1.5880,1.0000,0.0000,0.00,"",79034,79023,0,SST-172--Mousse tấm,"",SX THEO DON HANG,0.00,384.00,2026-06-13 09:01:17.220,2026-06-29 09:19:47.827,2026-06-13 00:00:00.000,2026-06-29 00:00:00.000,KK0009.06/26,XB0059.06/26,0,"",""
FB00008,A0200003705072PX,TP20,SPM077,DCM16,1860.00,2070.00,550.00,tấm,"1800008200001468136001",A0200001468136WO,A0200000404897WO,WB2606-0011,GMF60-50N XANH,GMF60-50NH75,GMF60-50N,H75,"",M7,GMF60-50NH75,2.1180,1.0000,2.1180,1.0000,0.0000,0.00,"",79034,79023,0,SST-172--Mousse tấm,"",SX THEO DON HANG,0.00,384.00,2026-06-13 09:01:17.167,2026-06-29 09:19:47.837,2026-06-13 00:00:00.000,2026-06-29 00:00:00.000,KK0009.06/26,XB0059.06/26,0,"",""
FB00008,A0200003705073PX,TP20,SPM077,DCM16,1850.00,2070.00,570.00,tấm,"1800008200001468136003",A0200001468136WO,A0200000404897WO,WB2606-0011,GMF60-50N XANH,GMF60-50NH75,GMF60-50N,H75,"",M7,GMF60-50NH75,2.1830,1.0000,2.1830,1.0000,0.0000,0.00,"",79034,79023,0,SST-172--Mousse tấm,"",SX THEO DON HANG,0.00,384.00,2026-06-13 09:01:17.183,2026-06-29 09:19:47.843,2026-06-13 00:00:00.000,2026-06-29 00:00:00.000,KK0009.06/26,XB0059.06/26,0,"",""
FB00008,A0200003709692PN,TP20,SPM077,DCM16,1380.00,2070.00,540.00,tấm,"1800008200001475101001",A0200001458940WO,A0200000401865WO,WB2604-0029,GMF60-50N XANH,GMF60-50NH75,GMF60-50N,H75,"",M7,GMF60-50NH75,1.5430,1.0000,0.0000,0.0000,1.5430,1.00,"",79034,79023,0,SST-174--Mousse tấm,"",SX THEO ĐƠN HÀNG,0.00,143.00,2026-07-17 10:18:54.643,,2026-07-16 00:00:00.000,,KK0013.07/26,,0,"",""
FB00008,A0200003709691PN,TP20,SPM077,DCM16,1860.00,2070.00,600.00,tấm,"1800008200001475102001",A0200001458940WO,A0200000401865WO,WB2604-0029,GMF60-50N XANH,GMF60-50NH75,GMF60-50N,H75,"",M7,GMF60-50NH75,2.3100,1.0000,0.0000,0.0000,2.3100,1.00,"",79034,79023,0,SST-174--Mousse tấm,"",SX THEO ĐƠN HÀNG,0.00,143.00,2026-07-17 10:18:54.640,,2026-07-16 00:00:00.000,,KK0013.07/26,,0,"",""
FB00008,A0200003710930PN,TP20,SPM077,DCM16,1560.00,2080.00,500.00,tấm,"1800008200001475363001",A0200001458940WO,A0200000401865WO,WB2604-0029,GMF60-50N XANH,GMF60-50NH75,GMF60-50N,H75,"",M7,GMF60-50NH75,1.6220,1.0000,0.0000,0.0000,1.6220,1.00,"",79034,79023,0,"","",SX DƯ,0.00,25.00,2026-07-22 08:33:41.963,,2026-07-22 00:00:00.000,,KK0016.07/26,,0,"",""
FB00009,A0200003709771PX,TP20,SPM078,DCM12,1040.00,2050.00,500.00,tấm,"1800009200001375949001",A0200001375949WO,A0200000368443WO,WB2503-0052,GMF65-50N XANH,GMF65-50NH80,GMF65-50N,H80,"","",GMF65-50NH80,2.1320,2.0000,1.0660,1.0000,1.0660,1.00,"",79035,79023,0,"","","",0.00,45.00,2026-07-15 15:32:37.930,2026-07-17 12:51:29.123,2026-07-15 00:00:00.000,2026-07-15 00:00:00.000,XB0033.07/26,XB0033.07/26,0,"",""
FB00009,A0200003709770PX,TP20,SPM078,DCM12,1850.00,2070.00,550.00,tấm,"1800009200001433470001",A0200001433470WO,A0200000393146WO,WB2512-0028,GMF65-50N XANH,GMF65-50NH80,GMF65-50N,H80,"","",GMF65-50NH80,4.2124,2.0000,2.1062,1.0000,2.1062,1.00,"",79035,79023,0,LEM MÀU K SD ĐC,Lem màu,"",0.00,45.00,2026-07-15 15:32:37.930,2026-07-17 12:51:29.120,2026-07-15 00:00:00.000,2026-07-15 00:00:00.000,XB0033.07/26,XB0033.07/26,0,"",""
FB00009,A0200003703997PX,TP20,SPM078,DCM12,1890.00,2070.00,490.00,tấm,"1800009200001453937001",A0200001453937WO,A0200000399273WO,WB2603-0032,GMF65-50N XANH,GMF65-50NH80,GMF65-50N,H80,"",M7,GMF65-50NH80,1.9170,1.0000,1.9170,1.0000,0.0000,0.00,"",79035,79023,0,SST-168--Mousse tấm/SST-170--Mousse tấm,"","",0.00,2065.00,2026-03-31 10:23:36.250,2026-06-25 11:13:10.167,2026-05-31 00:00:00.000,2026-06-25 00:00:00.000,TONKHO,XB0053.06/26,0,"",""
FB00009,A0200003703998PX,TP20,SPM078,DCM12,1830.00,2070.00,590.00,tấm,"1800009200001453937003",A0200001453937WO,A0200000399273WO,WB2603-0032,GMF65-50N XANH,GMF65-50NH80,GMF65-50N,H80,"",M7,GMF65-50NH80,2.2350,1.0000,2.2350,1.0000,0.0000,0.00,"",79035,79023,0,SST-168--Mousse tấm/SST-170--Mousse tấm,"","",0.00,2065.00,2026-03-31 10:23:36.240,2026-06-25 11:13:10.177,2026-05-31 00:00:00.000,2026-06-25 00:00:00.000,TONKHO,XB0053.06/26,0,"",""
FB00009,A0200003709814PX,TP20,SPM078,DCM12,1100.00,2070.00,550.00,tấm,"1800009200001455780001",A0200001455780WO,A0200000400793WO,WB2604-0003,GMF65-50N XANH,GMF65-50NH80,GMF65-50N,H80,"","",GMF65-50NH80,2.5048,2.0000,1.2524,1.0000,1.2524,1.00,"",79035,79023,0,"",Lem màu,"",0.00,46.00,2026-07-15 15:32:37.930,2026-07-17 13:34:57.153,2026-07-15 00:00:00.000,2026-07-15 00:00:00.000,XB0033.07/26,XB0033.07/26,0,"",""
FB00009,A0200003702032PX,TP20,SPM078,DCM12,1390.00,2070.00,590.00,tấm,"1800009200001460349004",A0200001460349WO,A0200000402322WO,WB2604-0037,GMF65-50N XANH,GMF65-50NH80,GMF65-50N,H80,"",M7,GMF65-50NH80,1.6976,1.0000,1.6976,1.0000,0.0000,0.00,"",79035,79023,0,SST-169--Mousse tấm,"","",0.00,1197.00,2026-04-29 13:37:57.800,2026-06-18 10:55:18.857,2026-05-31 00:00:00.000,2026-06-18 00:00:00.000,TONKHO,XB0039.06/26,0,"",""
FB00009,A0200003709768PX,TP20,SPM078,DCM12,1420.00,2070.00,460.00,tấm,"1800009200001463667001",A0200001463667WO,A0200000403343WO,WB2605-0018,GMF65-50N XANH,GMF65-50NH80,GMF65-50N,H80,"","",GMF65-50NH80,2.7042,2.0000,1.3521,1.0000,1.3521,1.00,"",79035,79023,0,"","","",0.00,45.00,2026-07-15 15:32:37.930,2026-07-17 12:51:29.113,2026-07-15 00:00:00.000,2026-07-15 00:00:00.000,XB0033.07/26,XB0033.07/26,0,"",""
FB00009,A0200003709769PX,TP20,SPM078,DCM12,1220.00,2070.00,550.00,tấm,"1800009200001465321003",A0200001465321WO,A0200000403973WO,WB2605-0032,GMF65-50N XANH,GMF65-50NH80,GMF65-50N,H80,"","",GMF65-50NH80,2.7780,2.0000,1.3890,1.0000,1.3890,1.00,"",79035,79023,0,SST-171--Mousse tấm,"",SX THEO ĐƠN HÀNG,0.00,382.00,2026-07-01 14:47:33.733,2026-07-17 12:51:29.117,2026-07-15 00:00:00.000,2026-07-15 00:00:00.000,XB0033.07/26,XB0033.07/26,0,"",""
FB00009,A0200003702038PX,TP20,SPM078,DCM12,1360.00,2070.00,550.00,tấm,"1800009200001468137001",A0200001468137WO,A0200000404897WO,WB2606-0011,GMF65-50N XANH,GMF65-50NH80,GMF65-50N,H80,"",M7,GMF65-50NH80,1.5480,1.0000,1.5480,1.0000,0.0000,0.00,"",79035,79023,0,SST-172--Mousse tấm,"",SX THEO DON HANG,0.00,142.00,2026-06-12 12:05:04.280,2026-06-18 10:55:18.980,2026-06-12 00:00:00.000,2026-06-18 00:00:00.000,KK0008.06/26,XB0039.06/26,0,"",""
FB00009,A0200003702037PX,TP20,SPM078,DCM12,1340.00,2070.00,550.00,tấm,"1800009200001468137002",A0200001468137WO,A0200000404897WO,WB2606-0011,GMF65-50N XANH,GMF65-50NH80,GMF65-50N,H80,"",M7,GMF65-50NH80,1.5260,1.0000,1.5260,1.0000,0.0000,0.00,"",79035,79023,0,SST-172--Mousse tấm,"",SX THEO DON HANG,0.00,142.00,2026-06-12 12:05:04.267,2026-06-18 10:55:18.960,2026-06-12 00:00:00.000,2026-06-18 00:00:00.000,KK0008.06/26,XB0039.06/26,0,"",""
FB00009,A0200003702036PX,TP20,SPM078,DCM12,1200.00,2070.00,560.00,tấm,"1800009200001468138001",A0200001468138WO,A0200000404897WO,WB2606-0011,GMF65-50N XANH,GMF65-50NH80,GMF65-50N,H80,"",M7,GMF65-50NH80,1.3910,1.0000,1.3910,1.0000,0.0000,0.00,"",79035,79023,0,SST-172--Mousse tấm,"",SX THEO DON HANG,0.00,142.00,2026-06-12 12:05:04.313,2026-06-18 10:55:18.947,2026-06-12 00:00:00.000,2026-06-18 00:00:00.000,KK0008.06/26,XB0039.06/26,0,"",""
FB00009,A0200003702034PX,TP20,SPM078,DCM12,1200.00,2070.00,560.00,tấm,"1800009200001468138002",A0200001468138WO,A0200000404897WO,WB2606-0011,GMF65-50N XANH,GMF65-50NH80,GMF65-50N,H80,"",M7,GMF65-50NH80,1.3910,1.0000,1.3910,1.0000,0.0000,0.00,"",79035,79023,0,SST-172--Mousse tấm,"",SX THEO DON HANG,0.00,142.00,2026-06-12 12:05:04.347,2026-06-18 10:55:18.907,2026-06-12 00:00:00.000,2026-06-18 00:00:00.000,KK0008.06/26,XB0039.06/26,0,"",""
FB00009,A0200003702035PX,TP20,SPM078,DCM12,1190.00,2070.00,550.00,tấm,"1800009200001468138003",A0200001468138WO,A0200000404897WO,WB2606-0011,GMF65-50N XANH,GMF65-50NH80,GMF65-50N,H80,"",M7,GMF65-50NH80,1.3550,1.0000,1.3550,1.0000,0.0000,0.00,"",79035,79023,0,SST-172--Mousse tấm,"",SX THEO DON HANG,0.00,142.00,2026-06-12 12:05:04.297,2026-06-18 10:55:18.920,2026-06-12 00:00:00.000,2026-06-18 00:00:00.000,KK0008.06/26,XB0039.06/26,0,"",""
FB00009,A0200003702033PX,TP20,SPM078,DCM12,1190.00,2070.00,560.00,tấm,"1800009200001468138004",A0200001468138WO,A0200000404897WO,WB2606-0011,GMF65-50N XANH,GMF65-50NH80,GMF65-50N,H80,"",M7,GMF65-50NH80,1.3790,1.0000,1.3790,1.0000,0.0000,0.00,"",79035,79023,0,SST-172--Mousse tấm,"",SX THEO DON HANG,0.00,142.00,2026-06-12 12:05:04.330,2026-06-18 10:55:18.897,2026-06-12 00:00:00.000,2026-06-18 00:00:00.000,KK0008.06/26,XB0039.06/26,0,"",""
FB00009,A0200003703356PX,TP20,SPM078,DCM12,1800.00,2070.00,550.00,tấm,"1800009200001468139001",A0200001468139WO,A0200000404897WO,WB2606-0011,GMF65-50N XANH,GMF65-50NH80,GMF65-50N,H80,"",M7,GMF65-50NH80,2.0490,1.0000,2.0490,1.0000,0.0000,0.00,"",79035,79023,0,SST-172--Mousse tấm,"",SX THEO DON HANG,0.00,266.00,2026-06-12 12:05:04.393,2026-06-23 14:07:25.353,2026-06-12 00:00:00.000,2026-06-23 00:00:00.000,KK0008.06/26,XB0050.06/26,0,"",""
FB00009,A0200003705074PX,TP20,SPM078,DCM12,1810.00,2070.00,550.00,tấm,"1800009200001468139002",A0200001468139WO,A0200000404897WO,WB2606-0011,GMF65-50N XANH,GMF65-50NH80,GMF65-50N,H80,"",M7,GMF65-50NH80,2.0610,1.0000,2.0610,1.0000,0.0000,0.00,"",79035,79023,0,SST-172--Mousse tấm,"",SX THEO DON HANG,0.00,405.00,2026-06-12 12:05:04.360,2026-06-29 09:19:47.860,2026-06-12 00:00:00.000,2026-06-29 00:00:00.000,KK0008.06/26,XB0059.06/26,0,"",""
FB00009,A0200003703355PX,TP20,SPM078,DCM12,1810.00,2070.00,550.00,tấm,"1800009200001468139003",A0200001468139WO,A0200000404897WO,WB2606-0011,GMF65-50N XANH,GMF65-50NH80,GMF65-50N,H80,"",M7,GMF65-50NH80,2.0610,1.0000,2.0610,1.0000,0.0000,0.00,"",79035,79023,0,SST-172--Mousse tấm,"",SX THEO DON HANG,0.00,266.00,2026-06-12 12:05:04.377,2026-06-23 14:07:25.340,2026-06-12 00:00:00.000,2026-06-23 00:00:00.000,KK0008.06/26,XB0050.06/26,0,"",""
FB00009,A0200003703353PX,TP20,SPM078,DCM12,1810.00,2070.00,550.00,tấm,"1800009200001468139004",A0200001468139WO,A0200000404897WO,WB2606-0011,GMF65-50N XANH,GMF65-50NH80,GMF65-50N,H80,"",M7,GMF65-50NH80,2.0610,1.0000,2.0610,1.0000,0.0000,0.00,"",79035,79023,0,SST-172--Mousse tấm,"",SX THEO DON HANG,0.00,266.00,2026-06-12 12:05:04.410,2026-06-23 14:07:25.310,2026-06-12 00:00:00.000,2026-06-23 00:00:00.000,KK0008.06/26,XB0050.06/26,0,"",""
FB00009,A0200003703352PX,TP20,SPM078,DCM12,1820.00,2070.00,550.00,tấm,"1800009200001468139005",A0200001468139WO,A0200000404897WO,WB2606-0011,GMF65-50N XANH,GMF65-50NH80,GMF65-50N,H80,"",M7,GMF65-50NH80,2.0720,1.0000,2.0720,1.0000,0.0000,0.00,"",79035,79023,0,SST-172--Mousse tấm,"",SX THEO DON HANG,0.00,266.00,2026-06-12 12:05:04.460,2026-06-23 14:07:25.297,2026-06-12 00:00:00.000,2026-06-23 00:00:00.000,KK0008.06/26,XB0050.06/26,0,"",""
FB00009,A0200003703354PX,TP20,SPM078,DCM12,1810.00,2070.00,550.00,tấm,"1800009200001468139006",A0200001468139WO,A0200000404897WO,WB2606-0011,GMF65-50N XANH,GMF65-50NH80,GMF65-50N,H80,"",M7,GMF65-50NH80,2.0610,1.0000,2.0610,1.0000,0.0000,0.00,"",79035,79023,0,SST-172--Mousse tấm,"",SX THEO DON HANG,0.00,266.00,2026-06-12 12:05:04.427,2026-06-23 14:07:25.327,2026-06-12 00:00:00.000,2026-06-23 00:00:00.000,KK0008.06/26,XB0050.06/26,0,"",""
FB00009,A0200003703351PX,TP20,SPM078,DCM12,1810.00,2070.00,550.00,tấm,"1800009200001468139007",A0200001468139WO,A0200000404897WO,WB2606-0011,GMF65-50N XANH,GMF65-50NH80,GMF65-50N,H80,"",M7,GMF65-50NH80,2.0610,1.0000,2.0610,1.0000,0.0000,0.00,"",79035,79023,0,SST-172--Mousse tấm,"",SX THEO DON HANG,0.00,266.00,2026-06-12 12:05:04.443,2026-06-23 14:07:25.290,2026-06-12 00:00:00.000,2026-06-23 00:00:00.000,KK0008.06/26,XB0050.06/26,0,"",""
FB00009,A0200003703347PX,TP20,SPM078,DCM12,1830.00,2070.00,550.00,tấm,"1800009200001468139008",A0200001468139WO,A0200000404897WO,WB2606-0011,GMF65-50N XANH,GMF65-50NH80,GMF65-50N,H80,"",M7,GMF65-50NH80,2.0830,1.0000,2.0830,1.0000,0.0000,0.00,"",79035,79023,0,SST-172--Mousse tấm,"",SX THEO DON HANG,0.00,266.00,2026-06-12 12:05:04.507,2026-06-23 14:07:25.240,2026-06-12 00:00:00.000,2026-06-23 00:00:00.000,KK0008.06/26,XB0050.06/26,0,"",""
FB00009,A0200003703350PX,TP20,SPM078,DCM12,1830.00,2070.00,550.00,tấm,"1800009200001468139009",A0200001468139WO,A0200000404897WO,WB2606-0011,GMF65-50N XANH,GMF65-50NH80,GMF65-50N,H80,"",M7,GMF65-50NH80,2.0830,1.0000,2.0830,1.0000,0.0000,0.00,"",79035,79023,0,SST-172--Mousse tấm,"",SX THEO DON HANG,0.00,266.00,2026-06-12 12:05:04.490,2026-06-23 14:07:25.277,2026-06-12 00:00:00.000,2026-06-23 00:00:00.000,KK0008.06/26,XB0050.06/26,0,"",""
FB00009,A0200003703573PX,TP20,SPM078,DCM12,1840.00,2070.00,540.00,tấm,"1800009200001468139010",A0200001468139WO,A0200000404897WO,WB2606-0011,GMF65-50N XANH,GMF65-50NH80,GMF65-50N,H80,"",M7,GMF65-50NH80,2.0570,1.0000,2.0570,1.0000,0.0000,0.00,"",79035,79023,0,SST-172--Mousse tấm,"",SX THEO DON HANG,0.00,264.00,2026-06-13 09:01:17.270,2026-06-24 09:37:08.377,2026-06-13 00:00:00.000,2026-06-23 00:00:00.000,KK0009.06/26,XB0051.06/26,0,"",""
FB00009,A0200003703349PX,TP20,SPM078,DCM12,1820.00,2070.00,550.00,tấm,"1800009200001468139011",A0200001468139WO,A0200000404897WO,WB2606-0011,GMF65-50N XANH,GMF65-50NH80,GMF65-50N,H80,"",M7,GMF65-50NH80,2.0720,1.0000,2.0720,1.0000,0.0000,0.00,"",79035,79023,0,SST-172--Mousse tấm,"",SX THEO DON HANG,0.00,266.00,2026-06-12 12:05:04.473,2026-06-23 14:07:25.260,2026-06-12 00:00:00.000,2026-06-23 00:00:00.000,KK0008.06/26,XB0050.06/26,0,"",""
FB00009,A0200003703348PX,TP20,SPM078,DCM12,1820.00,2070.00,550.00,tấm,"1800009200001468139012",A0200001468139WO,A0200000404897WO,WB2606-0011,GMF65-50N XANH,GMF65-50NH80,GMF65-50N,H80,"",M7,GMF65-50NH80,2.0720,1.0000,2.0720,1.0000,0.0000,0.00,"",79035,79023,0,SST-172--Mousse tấm,"",SX THEO DON HANG,0.00,266.00,2026-06-12 12:05:04.523,2026-06-23 14:07:25.250,2026-06-12 00:00:00.000,2026-06-23 00:00:00.000,KK0008.06/26,XB0050.06/26,0,"",""
FB00009,A0200003703571PX,TP20,SPM078,DCM12,1520.00,2070.00,560.00,tấm,"1800009200001468140001",A0200001468140WO,A0200000404897WO,WB2606-0011,GMF65-50N XANH,GMF65-50NH80,GMF65-50N,H80,"",M7,GMF65-50NH80,1.7620,1.0000,1.7620,1.0000,0.0000,0.00,"",79035,79023,0,SST-172--Mousse tấm,"",SX THEO DON HANG,0.00,264.00,2026-06-13 09:01:17.253,2026-06-24 09:37:08.347,2026-06-13 00:00:00.000,2026-06-23 00:00:00.000,KK0009.06/26,XB0051.06/26,0,"",""
FB00009,A0200003703572PX,TP20,SPM078,DCM12,1530.00,2070.00,530.00,tấm,"1800009200001468140002",A0200001468140WO,A0200000404897WO,WB2606-0011,GMF65-50N XANH,GMF65-50NH80,GMF65-50N,H80,"",M7,GMF65-50NH80,1.6790,1.0000,1.6790,1.0000,0.0000,0.00,"",79035,79023,0,SST-172--Mousse tấm,"",SX THEO DON HANG,0.00,264.00,2026-06-13 09:01:17.287,2026-06-24 09:37:08.363,2026-06-13 00:00:00.000,2026-06-23 00:00:00.000,KK0009.06/26,XB0051.06/26,0,"",""
FB00009,A0200003703570PX,TP20,SPM078,DCM12,1530.00,2070.00,560.00,tấm,"1800009200001468140003",A0200001468140WO,A0200000404897WO,WB2606-0011,GMF65-50N XANH,GMF65-50NH80,GMF65-50N,H80,"",M7,GMF65-50NH80,1.7740,1.0000,1.7740,1.0000,0.0000,0.00,"",79035,79023,0,SST-172--Mousse tấm,"",SX THEO DON HANG,0.00,264.00,2026-06-13 09:01:17.200,2026-06-24 09:37:08.330,2026-06-13 00:00:00.000,2026-06-23 00:00:00.000,KK0009.06/26,XB0051.06/26,0,"",""
FB00009,A0200003703569PX,TP20,SPM078,DCM12,1530.00,2070.00,540.00,tấm,"1800009200001468140004",A0200001468140WO,A0200000404897WO,WB2606-0011,GMF65-50N XANH,GMF65-50NH80,GMF65-50N,H80,"",M7,GMF65-50NH80,1.7100,1.0000,1.7100,1.0000,0.0000,0.00,"",79035,79023,0,SST-172--Mousse tấm,"",SX THEO DON HANG,0.00,264.00,2026-06-13 09:01:17.237,2026-06-24 09:37:08.267,2026-06-13 00:00:00.000,2026-06-23 00:00:00.000,KK0009.06/26,XB0051.06/26,0,"",""
FB00009,A0200003709430PX,TP20,SPM078,DCM12,1860.00,2070.00,560.00,tấm,"1800009200001472988001",A0200001472988WO,A0200000406462WO,WB2607-0003,GMF65-50N XANH,GMF65-50NH80,GMF65-50N,H80,"",M7,GMF65-50NH80,2.1560,1.0000,2.1560,1.0000,0.0000,0.00,"",79035,79023,0,SST-173--Mousse tấm,"",SX THEO ĐƠN HÀNG,0.00,187.00,2026-07-08 15:07:56.803,2026-07-16 10:50:55.673,2026-07-08 00:00:00.000,2026-07-16 00:00:00.000,KK0005.07/26,XB0034.07/26,0,"",""
FB00009,A0200003709429PX,TP20,SPM078,DCM12,1860.00,2070.00,550.00,tấm,"1800009200001472988002",A0200001472988WO,A0200000406462WO,WB2607-0003,GMF65-50N XANH,GMF65-50NH80,GMF65-50N,H80,"",M7,GMF65-50NH80,2.1180,1.0000,2.1180,1.0000,0.0000,0.00,"",79035,79023,0,SST-173--Mousse tấm,"",SX THEO ĐƠN HÀNG,0.00,187.00,2026-07-08 15:07:56.810,2026-07-16 10:50:55.663,2026-07-08 00:00:00.000,2026-07-16 00:00:00.000,KK0005.07/26,XB0034.07/26,0,"",""
FB00009,A0200003709427PX,TP20,SPM078,DCM12,1860.00,2070.00,560.00,tấm,"1800009200001472988003",A0200001472988WO,A0200000406462WO,WB2607-0003,GMF65-50N XANH,GMF65-50NH80,GMF65-50N,H80,"",M7,GMF65-50NH80,2.1560,1.0000,2.1560,1.0000,0.0000,0.00,"",79035,79023,0,SST-173--Mousse tấm,"",SX THEO ĐƠN HÀNG,0.00,187.00,2026-07-08 15:07:56.800,2026-07-16 10:50:55.647,2026-07-08 00:00:00.000,2026-07-16 00:00:00.000,KK0005.07/26,XB0034.07/26,0,"",""
FB00009,A0200003709428PX,TP20,SPM078,DCM12,1860.00,2070.00,560.00,tấm,"1800009200001472988004",A0200001472988WO,A0200000406462WO,WB2607-0003,GMF65-50N XANH,GMF65-50NH80,GMF65-50N,H80,"",M7,GMF65-50NH80,2.1560,1.0000,2.1560,1.0000,0.0000,0.00,"",79035,79023,0,SST-173--Mousse tấm,"",SX THEO ĐƠN HÀNG,0.00,187.00,2026-07-08 15:07:56.793,2026-07-16 10:50:55.653,2026-07-08 00:00:00.000,2026-07-16 00:00:00.000,KK0005.07/26,XB0034.07/26,0,"",""
FB00009,A0200003709423PX,TP20,SPM078,DCM12,1860.00,2070.00,550.00,tấm,"1800009200001472988005",A0200001472988WO,A0200000406462WO,WB2607-0003,GMF65-50N XANH,GMF65-50NH80,GMF65-50N,H80,"",M7,GMF65-50NH80,2.1180,1.0000,2.1180,1.0000,0.0000,0.00,"",79035,79023,0,SST-173--Mousse tấm,"",SX THEO ĐƠN HÀNG,0.00,187.00,2026-07-08 15:07:56.780,2026-07-16 10:50:55.603,2026-07-08 00:00:00.000,2026-07-16 00:00:00.000,KK0005.07/26,XB0034.07/26,0,"",""
FB00009,A0200003709426PX,TP20,SPM078,DCM12,1850.00,2070.00,550.00,tấm,"1800009200001472988006",A0200001472988WO,A0200000406462WO,WB2607-0003,GMF65-50N XANH,GMF65-50NH80,GMF65-50N,H80,"",M7,GMF65-50NH80,2.1060,1.0000,2.1060,1.0000,0.0000,0.00,"",79035,79023,0,SST-173--Mousse tấm,"",SX THEO ĐƠN HÀNG,0.00,187.00,2026-07-08 15:07:56.783,2026-07-16 10:50:55.633,2026-07-08 00:00:00.000,2026-07-16 00:00:00.000,KK0005.07/26,XB0034.07/26,0,"",""
FB00009,A0200003709424PX,TP20,SPM078,DCM12,1900.00,2070.00,550.00,tấm,"1800009200001472988007",A0200001472988WO,A0200000406462WO,WB2607-0003,GMF65-50N XANH,GMF65-50NH80,GMF65-50N,H80,"",M7,GMF65-50NH80,2.1630,1.0000,2.1630,1.0000,0.0000,0.00,"",79035,79023,0,SST-173--Mousse tấm,"",SX THEO ĐƠN HÀNG,0.00,187.00,2026-07-08 15:07:56.773,2026-07-16 10:50:55.617,2026-07-08 00:00:00.000,2026-07-16 00:00:00.000,KK0005.07/26,XB0034.07/26,0,"",""
FB00009,A0200003709425PX,TP20,SPM078,DCM12,1860.00,2070.00,560.00,tấm,"1800009200001472988008",A0200001472988WO,A0200000406462WO,WB2607-0003,GMF65-50N XANH,GMF65-50NH80,GMF65-50N,H80,"",M7,GMF65-50NH80,2.1560,1.0000,2.1560,1.0000,0.0000,0.00,"",79035,79023,0,SST-173--Mousse tấm,"",SX THEO ĐƠN HÀNG,0.00,187.00,2026-07-08 15:07:56.790,2026-07-16 10:50:55.627,2026-07-08 00:00:00.000,2026-07-16 00:00:00.000,KK0005.07/26,XB0034.07/26,0,"",""
FB00009,A0200003709422PX,TP20,SPM078,DCM12,1850.00,2070.00,500.00,tấm,"1800009200001472988009",A0200001472988WO,A0200000406462WO,WB2607-0003,GMF65-50N XANH,GMF65-50NH80,GMF65-50N,H80,"",M7,GMF65-50NH80,1.9150,1.0000,1.9150,1.0000,0.0000,0.00,"",79035,79023,0,SST-173--Mousse tấm,"",SX THEO ĐƠN HÀNG,0.00,187.00,2026-07-08 15:07:56.770,2026-07-16 10:50:55.593,2026-07-08 00:00:00.000,2026-07-16 00:00:00.000,KK0005.07/26,XB0034.07/26,0,"",""
FB00009,A0200003709421PX,TP20,SPM078,DCM12,1870.00,2070.00,430.00,tấm,"1800009200001473347001",A0200001473347WO,A0200000406600WO,WB2607-0005,GMF65-50N XANH,GMF65-50NH80,GMF65-50N,H80,"",M7,GMF65-50NH80,1.6640,1.0000,1.6640,1.0000,0.0000,0.00,"",79035,79023,0,"","",SX DƯ,0.00,165.00,2026-07-09 13:46:20.680,2026-07-16 10:50:55.557,2026-07-09 00:00:00.000,2026-07-16 00:00:00.000,KK0006.07/26,XB0034.07/26,0,"",""
FB00009,A0200003709688PN,TP20,SPM078,DCM12,1850.00,2070.00,580.00,tấm,"1800009200001475103001",A0200001458940WO,A0200000401865WO,WB2604-0029,GMF65-50N XANH,GMF65-50NH80,GMF65-50N,H80,"",M7,GMF65-50NH80,2.2210,1.0000,0.0000,0.0000,2.2210,1.00,"",79035,79023,0,SST-174--Mousse tấm,"",SX THEO ĐƠN HÀNG,0.00,143.00,2026-07-17 10:18:54.630,,2026-07-16 00:00:00.000,,KK0013.07/26,,0,"",""
FB00009,A0200003709689PN,TP20,SPM078,DCM12,1530.00,2070.00,600.00,tấm,"1800009200001475104001",A0200001458940WO,A0200000401865WO,WB2604-0029,GMF65-50N XANH,GMF65-50NH80,GMF65-50N,H80,"",M7,GMF65-50NH80,1.9000,1.0000,0.0000,0.0000,1.9000,1.00,"",79035,79023,0,SST-174--Mousse tấm,"",SX THEO ĐƠN HÀNG,0.00,143.00,2026-07-17 10:18:54.630,,2026-07-16 00:00:00.000,,KK0013.07/26,,0,"",""
FB00009,A0200003709690PN,TP20,SPM078,DCM12,1530.00,2070.00,600.00,tấm,"1800009200001475104002",A0200001458940WO,A0200000401865WO,WB2604-0029,GMF65-50N XANH,GMF65-50NH80,GMF65-50N,H80,"",M7,GMF65-50NH80,1.9000,1.0000,0.0000,0.0000,1.9000,1.00,"",79035,79023,0,SST-174--Mousse tấm,"",SX THEO ĐƠN HÀNG,0.00,143.00,2026-07-17 10:18:54.633,,2026-07-16 00:00:00.000,,KK0013.07/26,,0,"",""
FB00010,A0200003709777PX,TP20,SPM065,DCM09,1880.00,2070.00,760.00,tấm,"1800010200001454755001",A0200001454755WO,A0200000399465WO,WB2603-0035,MAM40-50N VÀNG ĐỒNG,MAM40-50NH60,MAM40-50N,H60,"","",MAM40-50NH60,5.9152,2.0000,2.9576,1.0000,2.9576,1.00,"",79036,79023,0,SST-167--Mousse tấm,"","",0.00,45.00,2026-07-15 15:32:37.930,2026-07-17 12:51:29.190,2026-07-15 00:00:00.000,2026-07-15 00:00:00.000,XB0033.07/26,XB0033.07/26,0,"",""
FB00010,A0200003711769PN,TP20,SPM065,DCM09,1850.00,2070.00,820.00,tấm,"1800010200001475369001",A0200001458940WO,A0200000401865WO,WB2604-0029,MAM40-50N VÀNG ĐỒNG,MAM40-50NH60,MAM40-50N,H60,"",M7,MAM40-50NH60,3.1400,1.0000,0.0000,0.0000,3.1400,1.00,"",79036,79023,0,SST-174--Mousse tấm,"",SX THEO ĐƠN HÀNG,0.00,17.00,2026-07-22 16:10:46.330,,2026-07-22 00:00:00.000,,KK0017.07/26,,0,"",""
FB00012,A0200003709813PX,TP20,SPM063,DCM25,1010.00,2020.00,500.00,tấm,"1800012200001112716001","","","",NAM40-50N TRẮNG,NAM40-50N50N,NAM40-50N,"50N","",M6,NAM40-50N50N,2.0402,2.0000,1.0201,1.0000,1.0201,1.00,"",79038,79023,0,"","","",0.00,597.00,2026-06-22 16:27:11.233,2026-07-17 13:33:36.597,2026-06-22 00:00:00.000,2026-06-22 00:00:00.000,XB0048.06/26,XB0048.06/26,0,"",RedColor
FB00017,A0200003711119PX,TP20,SPM113,DCM08,1740.00,1830.00,1000.00,tấm,"1800017200001414827001",A0200001414827WO,A0200000386248WO,WB2509-0038,IEF30-H55 VÀNG,IEF30-H55H55,IEF30-H55,H55,"","",IEF30-H55H55,6.3684,2.0000,3.1842,1.0000,3.1842,1.00,"",79043,79023,0,TN,"",SX DU,0.00,0.00,2026-07-22 09:54:27.340,2026-07-22 09:54:28.330,2026-06-22 00:00:00.000,2026-06-22 00:00:00.000,XB0064.06/26,XB0064.06/26,0,"",""
FB00018,A0200003711001PX,TP20,SPM114,DCM11,1300.00,2080.00,700.00,tấm,"1800018200001401476001",A0200001401476WO,A0200000376606WO,WB2507-0042,IEF30-H70 VÀNG,IEF30-H70H70,IEF30-H70,H70,"","",IEF30-H70H70,3.7856,2.0000,1.8928,1.0000,1.8928,1.00,"",79044,79023,0,TN/Nứt,Nứt,"",0.00,0.00,2026-07-22 09:48:33.690,2026-07-22 09:48:34.440,2026-07-15 00:00:00.000,2026-07-15 00:00:00.000,XB0047.07/26,XB0047.07/26,0,"",""
FB00018,A0200003711000PX,TP20,SPM114,DCM11,1640.00,2050.00,700.00,tấm,"1800018200001441371001",A0200001441371WO,A0200000395565WO,WB2601-0029,IEF30-H70 VÀNG,IEF30-H70H70,IEF30-H70,H70,"","",IEF30-H70H70,4.7068,2.0000,2.3534,1.0000,2.3534,1.00,"",79044,79023,0,Nứt,Nứt,"",0.00,0.00,2026-07-22 09:48:33.690,2026-07-22 09:48:34.393,2026-07-15 00:00:00.000,2026-07-15 00:00:00.000,XB0047.07/26,XB0047.07/26,0,"",""
FB00018,A0200003710997PX,TP20,SPM114,DCM11,1710.00,2050.00,960.00,tấm,"1800018200001458940001",A0200001458940WO,A0200000401865WO,WB2604-0029,IEF30-H70 VÀNG,IEF30-H70H70,IEF30-H70,H70,"","",IEF30-H70H70,6.7306,2.0000,3.3653,1.0000,3.3653,1.00,"",79044,79023,0,NHUYPHAT-NYP-PO 038-26-EF,Chai ,"",0.00,0.00,2026-07-22 09:48:33.690,2026-07-22 09:48:34.260,2026-07-15 00:00:00.000,2026-07-15 00:00:00.000,XB0047.07/26,XB0047.07/26,0,"",""
FB00018,A0200003710998PX,TP20,SPM114,DCM11,1550.00,2050.00,1000.00,tấm,"1800018200001458941001",A0200001458941WO,A0200000401865WO,WB2604-0029,IEF30-H70 VÀNG,IEF30-H70H70,IEF30-H70,H70,"","",IEF30-H70H70,6.3550,2.0000,3.1775,1.0000,3.1775,1.00,"",79044,79023,0,PHƯƠNG MI-PM-PO 1404-EF,Chai ,"",0.00,0.00,2026-07-22 09:48:33.690,2026-07-22 09:48:34.303,2026-07-15 00:00:00.000,2026-07-15 00:00:00.000,XB0047.07/26,XB0047.07/26,0,"",""
FB00018,A0200003710999PX,TP20,SPM114,DCM11,1870.00,2050.00,870.00,tấm,"1800018200001458942001",A0200001458942WO,A0200000401865WO,WB2604-0029,IEF30-H70 VÀNG,IEF30-H70H70,IEF30-H70,H70,"","",IEF30-H70H70,6.6703,2.0000,3.3352,1.0000,3.3351,1.00,"",79044,79023,0,PHƯƠNG MI-PM-PO 1404-EF,Chai ,"",0.00,0.00,2026-07-22 09:48:33.690,2026-07-22 09:48:34.350,2026-07-15 00:00:00.000,2026-07-15 00:00:00.000,XB0047.07/26,XB0047.07/26,0,"",""
FB00018,A0200003700567PX,TP20,SPM114,DCM11,1870.00,2020.00,970.00,tấm,"1800018200001463419001",A0200001463419WO,A0200000403258WO,WB2605-0016,IEF30-H70 VÀNG,IEF30-H70H70,IEF30-H70,H70,"",B24,IEF30-H70H70,3.6641,1.0000,3.6641,1.0000,0.0000,0.00,"",79044,79023,0,GIABAOPHAT-GBP-PO 06-2026-EF,"","",0.00,649.00,2026-05-15 10:54:11.157,2026-06-11 11:10:24.073,2026-05-31 00:00:00.000,2026-06-10 00:00:00.000,TONKHO,XB0024.06/26,0,"",""
FB00018,A0200003711120PX,TP20,SPM114,DCM11,1510.00,2020.00,900.00,tấm,"1800018200001463664001",A0200001463664WO,A0200000403342WO,WB2605-0017,IEF30-H70 VÀNG,IEF30-H70H70,IEF30-H70,H70,"",A2,IEF30-H70H70,5.4900,2.0000,2.7450,1.0000,2.7450,1.00,"",79044,79023,0,TN,"",SX THEO DON HANG,0.00,1201.00,2026-06-02 08:21:46.270,2026-07-22 09:54:28.370,2026-06-22 00:00:00.000,2026-06-22 00:00:00.000,XB0064.06/26,XB0064.06/26,0,"",RedColor
FB00018,A0200003711121PX,TP20,SPM114,DCM11,1870.00,2020.00,1100.00,tấm,"1800018200001467201001",A0200001467201WO,A0200000404643WO,WB2606-0005,IEF30-H70 VÀNG,IEF30-H70H70,IEF30-H70,H70,"","1030",IEF30-H70H70,8.3100,2.0000,4.1550,1.0000,4.1550,1.00,"",79044,79023,0,TN 14/5/26,"",SX THEO DON HANG,0.00,1126.00,2026-06-05 11:18:43.100,2026-07-22 09:54:28.417,2026-06-22 00:00:00.000,2026-06-22 00:00:00.000,XB0064.06/26,XB0064.06/26,0,"",RedColor
FB00023,A0200003699470PX,TP20,SPM119,DCM08,2250.00,2200.00,1060.00,tấm,"1800023200001459776001",A0200001459776WO,A0200000402159WO,WB2604-0033,IFD16-H55 TRẮNG,IFD16-H55H55,IFD16-H55,H55,"",A6,IFD16-H55H55,5.2470,1.0000,5.2470,1.0000,0.0000,0.00,"",79049,79023,0,PHƯƠNG MI-PM-11-2025-1+2/3/06,"","",0.00,1005.00,2026-04-23 10:22:13.180,2026-06-04 07:48:55.427,2026-05-31 00:00:00.000,2026-06-03 00:00:00.000,TONKHO,XB0010.06/26,0,"",""
FB00023,A0200003699476PX,TP20,SPM119,DCM08,2060.00,1900.00,1180.00,tấm,"1800023200001465154001",A0200001465154WO,A0200000403911WO,WB2605-0030,IFD16-H55 TRẮNG,IFD16-H55H55,IFD16-H55,H55,"",B12,IFD16-H55H55,4.6185,1.0000,4.6185,1.0000,0.0000,0.00,"",79049,79023,0,ADX-ADX-PU323-2,"","",0.00,238.00,2026-05-25 13:30:14.823,2026-06-04 11:07:38.527,2026-05-31 00:00:00.000,2026-06-04 00:00:00.000,TONKHO,XB0011.06/26,0,"",""
FB00023,A0200003699475PX,TP20,SPM119,DCM08,1770.00,1900.00,900.00,tấm,"1800023200001465156001",A0200001465156WO,A0200000403911WO,WB2605-0030,IFD16-H55 TRẮNG,IFD16-H55H55,IFD16-H55,H55,"",B12,IFD16-H55H55,3.0267,1.0000,3.0267,1.0000,0.0000,0.00,"",79049,79023,0,THIÊNMINH-TM-11-2026-1,"","",0.00,238.00,2026-05-25 13:30:13.433,2026-06-04 11:07:36.997,2026-05-31 00:00:00.000,2026-06-04 00:00:00.000,TONKHO,XB0011.06/26,0,"",""
FB00023,A0200003700882PX,TP20,SPM119,DCM08,2260.00,1900.00,1150.00,tấm,"1800023200001465157001",A0200001465157WO,A0200000403911WO,WB2605-0030,IFD16-H55 TRẮNG,IFD16-H55H55,IFD16-H55,H55,"",B12,IFD16-H55H55,4.9381,1.0000,4.9381,1.0000,0.0000,0.00,"",79049,79023,0,THIÊNMINH-TM-11-2026-1,"","",0.00,429.00,2026-05-25 13:30:14.853,2026-06-12 10:17:45.733,2026-05-31 00:00:00.000,2026-06-11 00:00:00.000,TONKHO,XB0026.06/26,0,"",""
FB00023,A0200003701698PX,TP20,SPM119,DCM08,2260.00,1900.00,1150.00,tấm,"1800023200001465157002",A0200001465157WO,A0200000403911WO,WB2605-0030,IFD16-H55 TRẮNG,IFD16-H55H55,IFD16-H55,H55,"",B12,IFD16-H55H55,4.9381,1.0000,4.9381,1.0000,0.0000,0.00,"",79049,79023,0,THIÊNMINH-TM-11-2026-1,"","",0.00,546.00,2026-05-25 13:30:14.870,2026-06-17 07:41:55.830,2026-05-31 00:00:00.000,2026-06-17 00:00:00.000,TONKHO,XB0036.06/26,0,"",""
FB00023,A0200003711007PX,TP20,SPM119,DCM08,1990.00,2200.00,1100.00,tấm,"1800023200001468487001",A0200001468487WO,A0200000405046WO,WB2606-0013,IFD16-H55 TRẮNG,IFD16-H55H55,IFD16-H55,H55,"",A4,IFD16-H55H55,9.6320,2.0000,4.8160,1.0000,4.8160,1.00,"",79049,79023,0,"","",SX THEO DON HANG,0.00,885.00,2026-06-15 12:45:00.050,2026-07-22 09:48:34.657,2026-07-15 00:00:00.000,2026-07-15 00:00:00.000,XB0047.07/26,XB0047.07/26,0,"",RedColor
FB00023,A0200003701402PX,TP20,SPM119,DCM08,2150.00,2040.00,1110.00,tấm,"1800023200001468697001",A0200001468697WO,A0200000405074WO,WB2606-0015,IFD16-H55 TRẮNG,IFD16-H55H55,IFD16-H55,H55,"",B12,IFD16-H55H55,4.8680,1.0000,4.8680,1.0000,0.0000,0.00,"",79049,79023,0,PGH-PGH-PO 03-2026-01,"",SX THEO DON HANG,0.00,2.00,2026-06-15 12:44:59.630,2026-06-15 14:00:32.867,2026-06-15 00:00:00.000,2026-06-15 00:00:00.000,KK0010.06/26,XB0033.06/26,0,"",""
FB00023,A0200003701405PX,TP20,SPM119,DCM08,2160.00,2040.00,1170.00,tấm,"1800023200001468697002",A0200001468697WO,A0200000405074WO,WB2606-0015,IFD16-H55 TRẮNG,IFD16-H55H55,IFD16-H55,H55,"",B12,IFD16-H55H55,5.1550,1.0000,5.1550,1.0000,0.0000,0.00,"",79049,79023,0,PGH-PGH-PO 03-2026-01,"",SX THEO DON HANG,0.00,2.00,2026-06-15 12:44:59.637,2026-06-15 14:00:32.897,2026-06-15 00:00:00.000,2026-06-15 00:00:00.000,KK0010.06/26,XB0033.06/26,0,"",""
FB00023,A0200003701401PX,TP20,SPM119,DCM08,2170.00,2040.00,1050.00,tấm,"1800023200001468697003",A0200001468697WO,A0200000405074WO,WB2606-0015,IFD16-H55 TRẮNG,IFD16-H55H55,IFD16-H55,H55,"",B12,IFD16-H55H55,4.6480,1.0000,4.6480,1.0000,0.0000,0.00,"",79049,79023,0,PGH-PGH-PO 03-2026-01,"",SX THEO DON HANG,0.00,2.00,2026-06-15 12:44:59.623,2026-06-15 14:00:32.853,2026-06-15 00:00:00.000,2026-06-15 00:00:00.000,KK0010.06/26,XB0033.06/26,0,"",""
FB00023,A0200003701403PX,TP20,SPM119,DCM08,2150.00,2040.00,1160.00,tấm,"1800023200001468697004",A0200001468697WO,A0200000405074WO,WB2606-0015,IFD16-H55 TRẮNG,IFD16-H55H55,IFD16-H55,H55,"",B12,IFD16-H55H55,5.0880,1.0000,5.0880,1.0000,0.0000,0.00,"",79049,79023,0,PGH-PGH-PO 03-2026-01,"",SX THEO DON HANG,0.00,2.00,2026-06-15 12:44:59.640,2026-06-15 14:00:32.877,2026-06-15 00:00:00.000,2026-06-15 00:00:00.000,KK0010.06/26,XB0033.06/26,0,"",""
FB00023,A0200003701404PX,TP20,SPM119,DCM08,2170.00,2040.00,1180.00,tấm,"1800023200001468697005",A0200001468697WO,A0200000405074WO,WB2606-0015,IFD16-H55 TRẮNG,IFD16-H55H55,IFD16-H55,H55,"",B12,IFD16-H55H55,5.2240,1.0000,5.2240,1.0000,0.0000,0.00,"",79049,79023,0,PGH-PGH-PO 03-2026-01,"",SX THEO DON HANG,0.00,2.00,2026-06-15 12:44:59.643,2026-06-15 14:00:32.887,2026-06-15 00:00:00.000,2026-06-15 00:00:00.000,KK0010.06/26,XB0033.06/26,0,"",""
FB00023,A0200003701399PX,TP20,SPM119,DCM08,2060.00,2040.00,1190.00,tấm,"1800023200001468698001",A0200001468698WO,A0200000405074WO,WB2606-0015,IFD16-H55 TRẮNG,IFD16-H55H55,IFD16-H55,H55,"",B12,IFD16-H55H55,5.0010,1.0000,5.0010,1.0000,0.0000,0.00,"",79049,79023,0,PGH-PGH-PO 03-2026-01,"",SX THEO DON HANG,0.00,2.00,2026-06-15 12:44:59.660,2026-06-15 14:00:32.830,2026-06-15 00:00:00.000,2026-06-15 00:00:00.000,KK0010.06/26,XB0033.06/26,0,"",""
FB00023,A0200003701396PX,TP20,SPM119,DCM08,2030.00,2040.00,1190.00,tấm,"1800023200001468698002",A0200001468698WO,A0200000405074WO,WB2606-0015,IFD16-H55 TRẮNG,IFD16-H55H55,IFD16-H55,H55,"",B12,IFD16-H55H55,4.9280,1.0000,4.9280,1.0000,0.0000,0.00,"",79049,79023,0,PGH-PGH-PO 03-2026-01,"",SX THEO DON HANG,0.00,2.00,2026-06-15 12:44:59.650,2026-06-15 14:00:32.790,2026-06-15 00:00:00.000,2026-06-15 00:00:00.000,KK0010.06/26,XB0033.06/26,0,"",""
FB00023,A0200003701397PX,TP20,SPM119,DCM08,2050.00,2040.00,1190.00,tấm,"1800023200001468698003",A0200001468698WO,A0200000405074WO,WB2606-0015,IFD16-H55 TRẮNG,IFD16-H55H55,IFD16-H55,H55,"",B12,IFD16-H55H55,4.9770,1.0000,4.9770,1.0000,0.0000,0.00,"",79049,79023,0,PGH-PGH-PO 03-2026-01,"",SX THEO DON HANG,0.00,2.00,2026-06-15 12:44:59.670,2026-06-15 14:00:32.810,2026-06-15 00:00:00.000,2026-06-15 00:00:00.000,KK0010.06/26,XB0033.06/26,0,"",""
FB00023,A0200003701400PX,TP20,SPM119,DCM08,2030.00,2040.00,1190.00,tấm,"1800023200001468698004",A0200001468698WO,A0200000405074WO,WB2606-0015,IFD16-H55 TRẮNG,IFD16-H55H55,IFD16-H55,H55,"",B12,IFD16-H55H55,4.9280,1.0000,4.9280,1.0000,0.0000,0.00,"",79049,79023,0,PGH-PGH-PO 03-2026-01,"",SX THEO DON HANG,0.00,2.00,2026-06-15 12:44:59.653,2026-06-15 14:00:32.837,2026-06-15 00:00:00.000,2026-06-15 00:00:00.000,KK0010.06/26,XB0033.06/26,0,"",""
FB00023,A0200003701398PX,TP20,SPM119,DCM08,2040.00,2040.00,1190.00,tấm,"1800023200001468698005",A0200001468698WO,A0200000405074WO,WB2606-0015,IFD16-H55 TRẮNG,IFD16-H55H55,IFD16-H55,H55,"",B12,IFD16-H55H55,4.9520,1.0000,4.9520,1.0000,0.0000,0.00,"",79049,79023,0,PGH-PGH-PO 03-2026-01,"",SX THEO DON HANG,0.00,2.00,2026-06-15 12:44:59.667,2026-06-15 14:00:32.820,2026-06-15 00:00:00.000,2026-06-15 00:00:00.000,KK0010.06/26,XB0033.06/26,0,"",""
FB00023,A0200003702912PX,TP20,SPM119,DCM08,1820.00,2040.00,1190.00,tấm,"1800023200001468699001",A0200001468699WO,A0200000405074WO,WB2606-0015,IFD16-H55 TRẮNG,IFD16-H55H55,IFD16-H55,H55,"",B12,IFD16-H55H55,4.4180,1.0000,4.4180,1.0000,0.0000,0.00,"",79049,79023,0,PGH-PGH-PO 03-2026-03,"",SX THEO DON HANG,0.00,169.00,2026-06-15 12:44:59.677,2026-06-22 13:25:41.003,2026-06-15 00:00:00.000,2026-06-22 00:00:00.000,KK0010.06/26,XB0047.06/26,0,"",""
FB00023,A0200003702916PX,TP20,SPM119,DCM08,1820.00,2040.00,1190.00,tấm,"1800023200001468699002",A0200001468699WO,A0200000405074WO,WB2606-0015,IFD16-H55 TRẮNG,IFD16-H55H55,IFD16-H55,H55,"",B12,IFD16-H55H55,4.4180,1.0000,4.4180,1.0000,0.0000,0.00,"",79049,79023,0,PGH-PGH-PO 03-2026-03,"",SX THEO DON HANG,0.00,169.00,2026-06-15 12:44:59.700,2026-06-22 13:25:42.263,2026-06-15 00:00:00.000,2026-06-22 00:00:00.000,KK0010.06/26,XB0047.06/26,0,"",""
FB00023,A0200003702914PX,TP20,SPM119,DCM08,1820.00,2040.00,1190.00,tấm,"1800023200001468699003",A0200001468699WO,A0200000405074WO,WB2606-0015,IFD16-H55 TRẮNG,IFD16-H55H55,IFD16-H55,H55,"",B12,IFD16-H55H55,4.4180,1.0000,4.4180,1.0000,0.0000,0.00,"",79049,79023,0,PGH-PGH-PO 03-2026-03,"",SX THEO DON HANG,0.00,169.00,2026-06-15 12:44:59.690,2026-06-22 13:25:42.240,2026-06-15 00:00:00.000,2026-06-22 00:00:00.000,KK0010.06/26,XB0047.06/26,0,"",""
FB00023,A0200003702915PX,TP20,SPM119,DCM08,1840.00,2040.00,1190.00,tấm,"1800023200001468700001",A0200001468700WO,A0200000405074WO,WB2606-0015,IFD16-H55 TRẮNG,IFD16-H55H55,IFD16-H55,H55,"",B12,IFD16-H55H55,4.4670,1.0000,4.4670,1.0000,0.0000,0.00,"",79049,79023,0,PGH-PGH-PO 03-2026-02,"",SX THEO DON HANG,0.00,169.00,2026-06-15 12:44:59.697,2026-06-22 13:25:42.250,2026-06-15 00:00:00.000,2026-06-22 00:00:00.000,KK0010.06/26,XB0047.06/26,0,"",""
FB00023,A0200003708768PX,TP20,SPM119,DCM08,1840.00,2040.00,1190.00,tấm,"1800023200001468700002",A0200001468700WO,A0200000405074WO,WB2606-0015,IFD16-H55 TRẮNG,IFD16-H55H55,IFD16-H55,H55,"",B12,IFD16-H55H55,4.4670,1.0000,4.4670,1.0000,0.0000,0.00,"",79049,79023,0,PGH-PGH-PO 03-2026-02,"",SX THEO DON HANG,0.00,677.00,2026-06-15 12:44:59.683,2026-07-13 17:52:28.817,2026-06-15 00:00:00.000,2026-07-13 00:00:00.000,KK0010.06/26,XB0028.07/26,0,"",""
FB00023,A0200003702917PX,TP20,SPM119,DCM08,1820.00,2040.00,1130.00,tấm,"1800023200001468700003",A0200001468700WO,A0200000405074WO,WB2606-0015,IFD16-H55 TRẮNG,IFD16-H55H55,IFD16-H55,H55,"",B12,IFD16-H55H55,4.1950,1.0000,4.1950,1.0000,0.0000,0.00,"",79049,79023,0,PGH-PGH-PO 03-2026-02,"",SX THEO DON HANG,0.00,169.00,2026-06-15 12:44:59.710,2026-06-22 13:25:42.273,2026-06-15 00:00:00.000,2026-06-22 00:00:00.000,KK0010.06/26,XB0047.06/26,0,"",""
FB00023,A0200003708038PX,TP20,SPM119,DCM08,1830.00,2040.00,990.00,tấm,"1800023200001469008001",A0200001469008WO,A0200000405167WO,WB2606-0016,IFD16-H55 TRẮNG,IFD16-H55H55,IFD16-H55,H55,"",B12,IFD16-H55H55,3.6960,1.0000,3.6960,1.0000,0.0000,0.00,"",79049,79023,0,"","",SX THEO DON HANG,0.00,580.00,2026-06-15 12:44:59.747,2026-07-09 16:17:36.413,2026-06-15 00:00:00.000,2026-07-09 00:00:00.000,KK0010.06/26,XB0021.07/26,0,"",""
FB00023,A0200003702858PN,TP20,SPM119,DCM08,1910.00,2240.00,1110.00,tấm,"1800023200001470216001",A0200001470216WO,A0200000405570WO,WB2606-0023,IFD16-H55 TRẮNG,IFD16-H55H55,IFD16-H55,H55,"",B6,IFD16-H55H55,4.7490,1.0000,0.0000,0.0000,4.7490,1.00,"",79049,79023,0,PGH-PGH-PO 03-2026-03,"",SX THEO ĐƠN HÀNG,0.00,742.00,2026-06-22 11:11:25.660,,2026-06-22 00:00:00.000,,KK0015.06/26,,0,"",RedColor
FB00023,A0200003702925PX,TP20,SPM119,DCM08,1910.00,2240.00,660.00,tấm,"1800023200001470216002",A0200001470216WO,A0200000405570WO,WB2606-0023,IFD16-H55 TRẮNG,IFD16-H55H55,IFD16-H55,H55,"",B6,IFD16-H55H55,2.8240,1.0000,2.8240,1.0000,0.0000,0.00,"",79049,79023,0,PGH-PGH-PO 03-2026-03,"",SX THEO ĐƠN HÀNG,0.00,2.00,2026-06-22 11:11:25.600,2026-06-22 13:25:42.443,2026-06-22 00:00:00.000,2026-06-22 00:00:00.000,KK0015.06/26,XB0047.06/26,0,"",""
FB00023,A0200003702859PN,TP20,SPM119,DCM08,1910.00,2240.00,1090.00,tấm,"1800023200001470216003",A0200001470216WO,A0200000405570WO,WB2606-0023,IFD16-H55 TRẮNG,IFD16-H55H55,IFD16-H55,H55,"",B6,IFD16-H55H55,4.6630,1.0000,0.0000,0.0000,4.6630,1.00,"",79049,79023,0,PGH-PGH-PO 03-2026-03,"",SX THEO ĐƠN HÀNG,0.00,742.00,2026-06-22 11:11:25.667,,2026-06-22 00:00:00.000,,KK0015.06/26,,0,"",RedColor
FB00023,A0200003708767PX,TP20,SPM119,DCM08,1900.00,2240.00,1140.00,tấm,"1800023200001470216004",A0200001470216WO,A0200000405570WO,WB2606-0023,IFD16-H55 TRẮNG,IFD16-H55H55,IFD16-H55,H55,"",B6,IFD16-H55H55,4.8520,1.0000,4.8520,1.0000,0.0000,0.00,"",79049,79023,0,PGH-PGH-PO 03-2026-03,"",SX THEO ĐƠN HÀNG,0.00,510.00,2026-06-22 11:11:25.657,2026-07-13 17:52:28.750,2026-06-22 00:00:00.000,2026-07-13 00:00:00.000,KK0015.06/26,XB0028.07/26,0,"",""
FB00023,A0200003702922PX,TP20,SPM119,DCM08,1910.00,2240.00,660.00,tấm,"1800023200001470216005",A0200001470216WO,A0200000405570WO,WB2606-0023,IFD16-H55 TRẮNG,IFD16-H55H55,IFD16-H55,H55,"",B6,IFD16-H55H55,2.8240,1.0000,2.8240,1.0000,0.0000,0.00,"",79049,79023,0,PGH-PGH-PO 03-2026-03,"",SX THEO ĐƠN HÀNG,0.00,2.00,2026-06-22 11:11:25.587,2026-06-22 13:25:42.390,2026-06-22 00:00:00.000,2026-06-22 00:00:00.000,KK0015.06/26,XB0047.06/26,0,"",""
FB00023,A0200003702926PX,TP20,SPM119,DCM08,1900.00,2240.00,660.00,tấm,"1800023200001470216006",A0200001470216WO,A0200000405570WO,WB2606-0023,IFD16-H55 TRẮNG,IFD16-H55H55,IFD16-H55,H55,"",B6,IFD16-H55H55,2.8090,1.0000,2.8090,1.0000,0.0000,0.00,"",79049,79023,0,PGH-PGH-PO 03-2026-03,"",SX THEO ĐƠN HÀNG,0.00,2.00,2026-06-22 11:11:25.607,2026-06-22 13:25:42.460,2026-06-22 00:00:00.000,2026-06-22 00:00:00.000,KK0015.06/26,XB0047.06/26,0,"",""
FB00023,A0200003702919PX,TP20,SPM119,DCM08,1920.00,2240.00,660.00,tấm,"1800023200001470216007",A0200001470216WO,A0200000405570WO,WB2606-0023,IFD16-H55 TRẮNG,IFD16-H55H55,IFD16-H55,H55,"",B6,IFD16-H55H55,2.8390,1.0000,2.8390,1.0000,0.0000,0.00,"",79049,79023,0,PGH-PGH-PO 03-2026-03,"",SX THEO ĐƠN HÀNG,0.00,2.00,2026-06-22 11:11:24.393,2026-06-22 13:25:42.353,2026-06-22 00:00:00.000,2026-06-22 00:00:00.000,KK0015.06/26,XB0047.06/26,0,"",""
FB00023,A0200003702856PN,TP20,SPM119,DCM08,1940.00,2240.00,1120.00,tấm,"1800023200001470216008",A0200001470216WO,A0200000405570WO,WB2606-0023,IFD16-H55 TRẮNG,IFD16-H55H55,IFD16-H55,H55,"",B6,IFD16-H55H55,4.8670,1.0000,0.0000,0.0000,4.8670,1.00,"",79049,79023,0,PGH-PGH-PO 03-2026-03,"",SX THEO ĐƠN HÀNG,0.00,742.00,2026-06-22 11:11:25.653,,2026-06-22 00:00:00.000,,KK0015.06/26,,0,"",RedColor
FB00023,A0200003702923PX,TP20,SPM119,DCM08,1920.00,2240.00,660.00,tấm,"1800023200001470217001",A0200001470217WO,A0200000405570WO,WB2606-0023,IFD16-H55 TRẮNG,IFD16-H55H55,IFD16-H55,H55,"",B6,IFD16-H55H55,2.8390,1.0000,2.8390,1.0000,0.0000,0.00,"",79049,79023,0,PGH-PGH-PO 03-2026-02,"",SX THEO ĐƠN HÀNG,0.00,2.00,2026-06-22 11:11:25.590,2026-06-22 13:25:42.410,2026-06-22 00:00:00.000,2026-06-22 00:00:00.000,KK0015.06/26,XB0047.06/26,0,"",""
FB00023,A0200003702927PX,TP20,SPM119,DCM08,1900.00,2240.00,660.00,tấm,"1800023200001470217002",A0200001470217WO,A0200000405570WO,WB2606-0023,IFD16-H55 TRẮNG,IFD16-H55H55,IFD16-H55,H55,"",B6,IFD16-H55H55,2.8090,1.0000,2.8090,1.0000,0.0000,0.00,"",79049,79023,0,PGH-PGH-PO 03-2026-02,"",SX THEO ĐƠN HÀNG,0.00,2.00,2026-06-22 11:11:25.613,2026-06-22 13:25:42.480,2026-06-22 00:00:00.000,2026-06-22 00:00:00.000,KK0015.06/26,XB0047.06/26,0,"",""
FB00023,A0200003702920PX,TP20,SPM119,DCM08,1910.00,2240.00,660.00,tấm,"1800023200001470217003",A0200001470217WO,A0200000405570WO,WB2606-0023,IFD16-H55 TRẮNG,IFD16-H55H55,IFD16-H55,H55,"",B6,IFD16-H55H55,2.8240,1.0000,2.8240,1.0000,0.0000,0.00,"",79049,79023,0,PGH-PGH-PO 03-2026-02,"",SX THEO ĐƠN HÀNG,0.00,2.00,2026-06-22 11:11:25.580,2026-06-22 13:25:42.363,2026-06-22 00:00:00.000,2026-06-22 00:00:00.000,KK0015.06/26,XB0047.06/26,0,"",""
FB00023,A0200003702929PX,TP20,SPM119,DCM08,1930.00,2240.00,1000.00,tấm,"1800023200001470217004",A0200001470217WO,A0200000405570WO,WB2606-0023,IFD16-H55 TRẮNG,IFD16-H55H55,IFD16-H55,H55,"",B6,IFD16-H55H55,4.3230,1.0000,4.3230,1.0000,0.0000,0.00,"",79049,79023,0,PGH-PGH-PO 03-2026-02,"",SX THEO ĐƠN HÀNG,0.00,2.00,2026-06-22 11:11:25.650,2026-06-22 13:25:42.530,2026-06-22 00:00:00.000,2026-06-22 00:00:00.000,KK0015.06/26,XB0047.06/26,0,"",""
FB00023,A0200003702924PX,TP20,SPM119,DCM08,1900.00,2240.00,660.00,tấm,"1800023200001470217005",A0200001470217WO,A0200000405570WO,WB2606-0023,IFD16-H55 TRẮNG,IFD16-H55H55,IFD16-H55,H55,"",B6,IFD16-H55H55,2.8090,1.0000,2.8090,1.0000,0.0000,0.00,"",79049,79023,0,PGH-PGH-PO 03-2026-02,"",SX THEO ĐƠN HÀNG,0.00,2.00,2026-06-22 11:11:25.597,2026-06-22 13:25:42.427,2026-06-22 00:00:00.000,2026-06-22 00:00:00.000,KK0015.06/26,XB0047.06/26,0,"",""
FB00023,A0200003702928PX,TP20,SPM119,DCM08,1910.00,2240.00,660.00,tấm,"1800023200001470217006",A0200001470217WO,A0200000405570WO,WB2606-0023,IFD16-H55 TRẮNG,IFD16-H55H55,IFD16-H55,H55,"",B6,IFD16-H55H55,2.8240,1.0000,2.8240,1.0000,0.0000,0.00,"",79049,79023,0,PGH-PGH-PO 03-2026-02,"",SX THEO ĐƠN HÀNG,0.00,2.00,2026-06-22 11:11:25.617,2026-06-22 13:25:42.497,2026-06-22 00:00:00.000,2026-06-22 00:00:00.000,KK0015.06/26,XB0047.06/26,0,"",""
FB00023,A0200003702921PX,TP20,SPM119,DCM08,1930.00,2240.00,660.00,tấm,"1800023200001470217007",A0200001470217WO,A0200000405570WO,WB2606-0023,IFD16-H55 TRẮNG,IFD16-H55H55,IFD16-H55,H55,"",B6,IFD16-H55H55,2.8530,1.0000,2.8530,1.0000,0.0000,0.00,"",79049,79023,0,PGH-PGH-PO 03-2026-02,"",SX THEO ĐƠN HÀNG,0.00,2.00,2026-06-22 11:11:25.580,2026-06-22 13:25:42.377,2026-06-22 00:00:00.000,2026-06-22 00:00:00.000,KK0015.06/26,XB0047.06/26,0,"",""
FB00023,A0200003711006PX,TP20,SPM119,DCM08,1900.00,2240.00,660.00,tấm,"1800023200001470314001",A0200001470314WO,A0200000405625WO,WB2606-0024,IFD16-H55 TRẮNG,IFD16-H55H55,IFD16-H55,H55,"",B9,IFD16-H55H55,5.6180,2.0000,2.8090,1.0000,2.8090,1.00,"",79049,79023,0,"","",SX DƯ,0.00,668.00,2026-06-24 13:23:09.110,2026-07-22 09:48:34.603,2026-07-15 00:00:00.000,2026-07-15 00:00:00.000,XB0047.07/26,XB0047.07/26,0,"",RedColor
FB00023,A0200003711005PX,TP20,SPM119,DCM08,1900.00,2240.00,660.00,tấm,"1800023200001470314002",A0200001470314WO,A0200000405625WO,WB2606-0024,IFD16-H55 TRẮNG,IFD16-H55H55,IFD16-H55,H55,"",B9,IFD16-H55H55,5.6180,2.0000,2.8090,1.0000,2.8090,1.00,"",79049,79023,0,"","",SX DƯ,0.00,668.00,2026-06-24 13:23:09.113,2026-07-22 09:48:34.583,2026-07-15 00:00:00.000,2026-07-15 00:00:00.000,XB0047.07/26,XB0047.07/26,0,"",RedColor
FB00023,A0200003711004PX,TP20,SPM119,DCM08,1770.00,2240.00,660.00,tấm,"1800023200001470315001",A0200001470315WO,A0200000405625WO,WB2606-0024,IFD16-H55 TRẮNG,IFD16-H55H55,IFD16-H55,H55,"",B9,IFD16-H55H55,5.2340,2.0000,2.6170,1.0000,2.6170,1.00,"",79049,79023,0,"","",SX DƯ,0.00,668.00,2026-06-24 13:23:09.117,2026-07-22 09:48:34.563,2026-07-15 00:00:00.000,2026-07-15 00:00:00.000,XB0047.07/26,XB0047.07/26,0,"",RedColor
FB00024,A0200003699480PX,TP20,SPM120,DCM16,1980.00,2020.00,1080.00,tấm,"1800024200001456836001",A0200001456836WO,A0200000401102WO,WB2604-0011,IFD16-H75 TRẮNG,IFD16-H75H75,IFD16-H75,H75,"",A2,IFD16-H75H75,4.3196,1.0000,4.3196,1.0000,0.0000,0.00,"",79050,79023,0,KHÔI NGUYÊN-KN-0104/HUỲNH LÊ-HL-PO 27-05-701-ACE-9/6,"","",0.00,1315.00,2026-04-10 16:27:57.830,2026-06-04 11:07:39.520,2026-05-31 00:00:00.000,2026-06-04 00:00:00.000,TONKHO,XB0011.06/26,0,"",""
FB00024,A0200003699479PX,TP20,SPM120,DCM16,2150.00,2180.00,1100.00,tấm,"1800024200001465654001",A0200001465654WO,A0200000404101WO,WB2605-0035,IFD16-H75 TRẮNG,IFD16-H75H75,IFD16-H75,H75,"",B10,IFD16-H75H75,5.1557,1.0000,5.1557,1.0000,0.0000,0.00,"",79050,79023,0,KHÔI NGUYÊN-KN-PO 12-05,"","",0.00,169.00,2026-05-28 10:45:15.833,2026-06-04 11:07:39.230,2026-05-31 00:00:00.000,2026-06-04 00:00:00.000,TONKHO,XB0011.06/26,0,"",""
FB00024,A0200003698477PN,TP20,SPM120,DCM16,1900.00,2180.00,1090.00,tấm,"1800024200001465655001",A0200001465655WO,A0200000404101WO,WB2605-0035,IFD16-H75 TRẮNG,IFD16-H75H75,IFD16-H75,H75,"",B10,IFD16-H75H75,4.5148,1.0000,4.5148,1.0000,0.0000,0.00,"",79050,79023,0,KHÔI NGUYÊN-KN-PO 12-05,"","",0.00,124.00,2026-05-28 10:45:14.617,2026-06-02 14:51:26.100,2026-05-31 00:00:00.000,2026-06-02 00:00:00.000,TONKHO,XB0003.06/26,0,"",""
FB00024,A0200003698478PN,TP20,SPM120,DCM16,2130.00,2180.00,960.00,tấm,"1800024200001466035001",A0200001466035WO,A0200000404142WO,WB2605-0036,IFD16-H75 TRẮNG,IFD16-H75H75,IFD16-H75,H75,"",B10,IFD16-H75H75,4.4577,1.0000,4.4577,1.0000,0.0000,0.00,"",79050,79023,0,DD-05-27,"","",0.00,124.00,2026-05-28 10:45:16.190,2026-06-02 14:51:26.063,2026-05-31 00:00:00.000,2026-06-02 00:00:00.000,TONKHO,XB0003.06/26,0,"",""
FB00024,A0200003698532PN,TP20,SPM120,DCM16,1630.00,2020.00,1190.00,tấm,"1800024200001466124001",A0200001466124WO,A0200000404268WO,WB2605-0037,IFD16-H75 TRẮNG,IFD16-H75H75,IFD16-H75,H75,"",B7,IFD16-H75H75,3.9182,1.0000,3.9182,1.0000,0.0000,0.00,"",79050,79023,0,HUỲNH LÊ-HL-PO 27-05-MT,"","",0.00,72.00,2026-05-30 14:13:14.750,2026-06-02 14:48:12.637,2026-05-31 00:00:00.000,2026-06-02 00:00:00.000,TONKHO,XB0008.06/26,0,"",""
FB00024,A0200003698535PN,TP20,SPM120,DCM16,1630.00,2020.00,1130.00,tấm,"1800024200001466124002",A0200001466124WO,A0200000404268WO,WB2605-0037,IFD16-H75 TRẮNG,IFD16-H75H75,IFD16-H75,H75,"",B7,IFD16-H75H75,3.7206,1.0000,3.7206,1.0000,0.0000,0.00,"",79050,79023,0,HUỲNH LÊ-HL-PO 27-05-MT,"","",0.00,72.00,2026-05-30 14:13:14.800,2026-06-02 14:48:12.663,2026-05-31 00:00:00.000,2026-06-02 00:00:00.000,TONKHO,XB0008.06/26,0,"",""
FB00024,A0200003698533PN,TP20,SPM120,DCM16,1640.00,2020.00,1180.00,tấm,"1800024200001466124003",A0200001466124WO,A0200000404268WO,WB2605-0037,IFD16-H75 TRẮNG,IFD16-H75H75,IFD16-H75,H75,"",B7,IFD16-H75H75,3.9091,1.0000,3.9091,1.0000,0.0000,0.00,"",79050,79023,0,HUỲNH LÊ-HL-PO 27-05-MT,"","",0.00,72.00,2026-05-30 14:13:14.767,2026-06-02 14:48:12.643,2026-05-31 00:00:00.000,2026-06-02 00:00:00.000,TONKHO,XB0008.06/26,0,"",""
FB00024,A0200003698534PN,TP20,SPM120,DCM16,1630.00,2020.00,1160.00,tấm,"1800024200001466124004",A0200001466124WO,A0200000404268WO,WB2605-0037,IFD16-H75 TRẮNG,IFD16-H75H75,IFD16-H75,H75,"",B7,IFD16-H75H75,3.8194,1.0000,3.8194,1.0000,0.0000,0.00,"",79050,79023,0,HUỲNH LÊ-HL-PO 27-05-MT,"","",0.00,72.00,2026-05-30 14:13:14.783,2026-06-02 14:48:12.650,2026-05-31 00:00:00.000,2026-06-02 00:00:00.000,TONKHO,XB0008.06/26,0,"",""
FB00024,A0200003698536PN,TP20,SPM120,DCM16,1630.00,2020.00,1130.00,tấm,"1800024200001466124005",A0200001466124WO,A0200000404268WO,WB2605-0037,IFD16-H75 TRẮNG,IFD16-H75H75,IFD16-H75,H75,"",B7,IFD16-H75H75,3.7206,1.0000,3.7206,1.0000,0.0000,0.00,"",79050,79023,0,HUỲNH LÊ-HL-PO 27-05-MT,"","",0.00,72.00,2026-05-30 14:13:14.817,2026-06-02 14:48:12.670,2026-05-31 00:00:00.000,2026-06-02 00:00:00.000,TONKHO,XB0008.06/26,0,"",""
FB00024,A0200003698530PN,TP20,SPM120,DCM16,1630.00,2020.00,1200.00,tấm,"1800024200001466124006",A0200001466124WO,A0200000404268WO,WB2605-0037,IFD16-H75 TRẮNG,IFD16-H75H75,IFD16-H75,H75,"",B7,IFD16-H75H75,3.9511,1.0000,3.9511,1.0000,0.0000,0.00,"",79050,79023,0,HUỲNH LÊ-HL-PO 27-05-MT,"","",0.00,72.00,2026-05-30 14:13:14.717,2026-06-02 14:48:12.623,2026-05-31 00:00:00.000,2026-06-02 00:00:00.000,TONKHO,XB0008.06/26,0,"",""
FB00024,A0200003698531PN,TP20,SPM120,DCM16,1630.00,2020.00,1200.00,tấm,"1800024200001466124007",A0200001466124WO,A0200000404268WO,WB2605-0037,IFD16-H75 TRẮNG,IFD16-H75H75,IFD16-H75,H75,"",B7,IFD16-H75H75,3.9511,1.0000,3.9511,1.0000,0.0000,0.00,"",79050,79023,0,HUỲNH LÊ-HL-PO 27-05-MT,"","",0.00,72.00,2026-05-30 14:13:14.733,2026-06-02 14:48:12.630,2026-05-31 00:00:00.000,2026-06-02 00:00:00.000,TONKHO,XB0008.06/26,0,"",""
FB00024,A0200003698529PN,TP20,SPM120,DCM16,1830.00,2020.00,1200.00,tấm,"1800024200001466125001",A0200001466125WO,A0200000404268WO,WB2605-0037,IFD16-H75 TRẮNG,IFD16-H75H75,IFD16-H75,H75,"",B7,IFD16-H75H75,4.4359,1.0000,4.4359,1.0000,0.0000,0.00,"",79050,79023,0,HUỲNH LÊ-HL-PO 27-05-701-ACE,"","",0.00,72.00,2026-05-30 14:13:14.673,2026-06-02 14:48:12.613,2026-05-31 00:00:00.000,2026-06-02 00:00:00.000,TONKHO,XB0008.06/26,0,"",""
FB00024,A0200003698528PN,TP20,SPM120,DCM16,1800.00,2020.00,1210.00,tấm,"1800024200001466126001",A0200001466126WO,A0200000404268WO,WB2605-0037,IFD16-H75 TRẮNG,IFD16-H75H75,IFD16-H75,H75,"",B7,IFD16-H75H75,4.3996,1.0000,4.3996,1.0000,0.0000,0.00,"",79050,79023,0,HUỲNH LÊ-HL-PO 27-05-701-ACE,"","",0.00,72.00,2026-05-30 14:13:14.653,2026-06-02 14:48:12.607,2026-05-31 00:00:00.000,2026-06-02 00:00:00.000,TONKHO,XB0008.06/26,0,"",""
FB00024,A0200003698527PN,TP20,SPM120,DCM16,1630.00,2020.00,1150.00,tấm,"1800024200001466184001",A0200001466184WO,A0200000404286WO,WB2605-0039,IFD16-H75 TRẮNG,IFD16-H75H75,IFD16-H75,H75,"",B7,IFD16-H75H75,3.7865,1.0000,3.7865,1.0000,0.0000,0.00,"",79050,79023,0,"","","",0.00,72.00,2026-05-30 14:13:14.613,2026-06-02 14:51:26.023,2026-05-31 00:00:00.000,2026-06-02 00:00:00.000,TONKHO,XB0003.06/26,0,"",""
FB00024,A0200003699498PX,TP20,SPM120,DCM16,2220.00,2020.00,860.00,tấm,"1800024200001466185001",A0200001466185WO,A0200000404286WO,WB2605-0039,IFD16-H75 TRẮNG,IFD16-H75H75,IFD16-H75,H75,"",B7,IFD16-H75H75,3.8566,1.0000,3.8566,1.0000,0.0000,0.00,"",79050,79023,0,"","","",0.00,117.00,2026-05-30 14:13:14.567,2026-06-04 11:15:57.117,2026-05-31 00:00:00.000,2026-06-04 00:00:00.000,TONKHO,XB0013.06/26,0,"",""
FB00024,A0200003701573PX,TP20,SPM120,DCM16,1680.00,2050.00,1090.00,tấm,"1800024200001469064001",A0200001469064WO,A0200000405180WO,WB2606-0017,IFD16-H75 TRẮNG,IFD16-H75H75,IFD16-H75,H75,"",B9,IFD16-H75H75,3.7540,1.0000,3.7540,1.0000,0.0000,0.00,"",79050,79023,0,ĐÔNG NAM-ĐMH-HV-61,"",SX THEO DON HANG,0.00,1.00,2026-06-16 10:27:00.567,2026-06-16 11:26:09.407,2026-06-16 00:00:00.000,2026-06-15 00:00:00.000,KK0011.06/26,XB0033.06/26,0,"",""
FB00024,A0200003701572PX,TP20,SPM120,DCM16,1650.00,2050.00,1050.00,tấm,"1800024200001469064002",A0200001469064WO,A0200000405180WO,WB2606-0017,IFD16-H75 TRẮNG,IFD16-H75H75,IFD16-H75,H75,"",B9,IFD16-H75H75,3.5520,1.0000,3.5520,1.0000,0.0000,0.00,"",79050,79023,0,ĐÔNG NAM-ĐMH-HV-61,"",SX THEO DON HANG,0.00,1.00,2026-06-16 10:26:59.363,2026-06-16 11:26:08.197,2026-06-16 00:00:00.000,2026-06-15 00:00:00.000,KK0011.06/26,XB0033.06/26,0,"",""
FB00024,A0200003702244PX,TP20,SPM120,DCM16,1960.00,2050.00,1100.00,tấm,"1800024200001469065001",A0200001469065WO,A0200000405180WO,WB2606-0017,IFD16-H75 TRẮNG,IFD16-H75H75,IFD16-H75,H75,"",B9,IFD16-H75H75,4.4200,1.0000,4.4200,1.0000,0.0000,0.00,"",79050,79023,0,KHÔI NGUYÊN-KN-0706,"",SX THEO DON HANG,0.00,75.00,2026-06-16 10:27:00.777,2026-06-19 13:04:03.650,2026-06-16 00:00:00.000,2026-06-19 00:00:00.000,KK0011.06/26,XB0043.06/26,0,"",""
FB00024,A0200003706522PX,TP20,SPM120,DCM16,1940.00,2050.00,1120.00,tấm,"1800024200001469066001",A0200001469066WO,A0200000405180WO,WB2606-0017,IFD16-H75 TRẮNG,IFD16-H75H75,IFD16-H75,H75,"",B9,IFD16-H75H75,4.4540,1.0000,4.4540,1.0000,0.0000,0.00,"",79050,79023,0,KHÔI NGUYÊN-KN-0806,"",SX THEO DON HANG,0.00,411.00,2026-06-16 10:27:00.770,2026-07-03 13:43:57.417,2026-06-16 00:00:00.000,2026-07-03 00:00:00.000,KK0011.06/26,XB0008.07/26,0,"",""
FB00024,A0200003702243PX,TP20,SPM120,DCM16,1930.00,2050.00,1150.00,tấm,"1800024200001469067001",A0200001469067WO,A0200000405180WO,WB2606-0017,IFD16-H75 TRẮNG,IFD16-H75H75,IFD16-H75,H75,"",B9,IFD16-H75H75,4.5500,1.0000,4.5500,1.0000,0.0000,0.00,"",79050,79023,0,ĐÔNG NAM+KN,"",SX THEO DON HANG,0.00,75.00,2026-06-16 10:27:00.757,2026-06-19 13:04:03.630,2026-06-16 00:00:00.000,2026-06-19 00:00:00.000,KK0011.06/26,XB0043.06/26,0,"",""
FB00024,A0200003708388PX,TP20,SPM120,DCM16,1950.00,2050.00,1100.00,tấm,"1800024200001469067002",A0200001469067WO,A0200000405180WO,WB2606-0017,IFD16-H75 TRẮNG,IFD16-H75H75,IFD16-H75,H75,"",B9,IFD16-H75H75,4.3970,1.0000,4.3970,1.0000,0.0000,0.00,"",79050,79023,0,ĐÔNG NAM+KN,"",SX THEO DON HANG,0.00,600.00,2026-06-16 10:27:00.793,2026-07-11 10:31:25.873,2026-06-16 00:00:00.000,2026-07-10 00:00:00.000,KK0011.06/26,XB0025.07/26,0,"",""
FB00024,A0200003702242PX,TP20,SPM120,DCM16,1950.00,2050.00,1180.00,tấm,"1800024200001469112001",A0200001469112WO,A0200000405217WO,WB2606-0018,IFD16-H75 TRẮNG,IFD16-H75H75,IFD16-H75,H75,"",B9,IFD16-H75H75,4.7170,1.0000,4.7170,1.0000,0.0000,0.00,"",79050,79023,0,"","",SX THEO DON HANG,0.00,75.00,2026-06-16 10:27:00.727,2026-06-19 13:04:03.600,2026-06-16 00:00:00.000,2026-06-19 00:00:00.000,KK0011.06/26,XB0043.06/26,0,"",""
FB00024,A0200003702240PX,TP20,SPM120,DCM16,1970.00,2050.00,970.00,tấm,"1800024200001469112002",A0200001469112WO,A0200000405217WO,WB2606-0018,IFD16-H75 TRẮNG,IFD16-H75H75,IFD16-H75,H75,"",B9,IFD16-H75H75,3.9170,1.0000,3.9170,1.0000,0.0000,0.00,"",79050,79023,0,"","",SX THEO DON HANG,0.00,75.00,2026-06-16 10:27:00.720,2026-06-19 13:04:03.567,2026-06-16 00:00:00.000,2026-06-19 00:00:00.000,KK0011.06/26,XB0043.06/26,0,"",""
FB00024,A0200003702241PX,TP20,SPM120,DCM16,2220.00,2050.00,1140.00,tấm,"1800024200001469113001",A0200001469113WO,A0200000405217WO,WB2606-0018,IFD16-H75 TRẮNG,IFD16-H75H75,IFD16-H75,H75,"",B9,IFD16-H75H75,5.1880,1.0000,5.1880,1.0000,0.0000,0.00,"",79050,79023,0,"","",SX THEO DON HANG,0.00,75.00,2026-06-16 10:27:00.723,2026-06-19 13:04:03.590,2026-06-16 00:00:00.000,2026-06-19 00:00:00.000,KK0011.06/26,XB0043.06/26,0,"",""
FB00024,A0200003705394PX,TP20,SPM120,DCM16,1620.00,2020.00,1180.00,tấm,"1800024200001471863001",A0200001471863WO,A0200000406123WO,WB2606-0034,IFD16-H75 TRẮNG,IFD16-H75H75,IFD16-H75,H75,"",B1-4,IFD16-H75H75,3.8610,1.0000,3.8610,1.0000,0.0000,0.00,"",79050,79023,0,HUỲNH LÊ-HL-2606-2,"",SX THEO ĐƠN HÀNG,0.00,1.00,2026-06-30 09:03:35.780,2026-06-30 10:49:15.390,2026-06-30 00:00:00.000,2026-06-29 00:00:00.000,KK0021.06/26,XB0061.06/26,0,"",""
FB00024,A0200003705403PX,TP20,SPM120,DCM16,1620.00,2020.00,1150.00,tấm,"1800024200001471863002",A0200001471863WO,A0200000406123WO,WB2606-0034,IFD16-H75 TRẮNG,IFD16-H75H75,IFD16-H75,H75,"",B1-4,IFD16-H75H75,3.7630,1.0000,3.7630,1.0000,0.0000,0.00,"",79050,79023,0,HUỲNH LÊ-HL-2606-2,"",SX THEO ĐƠN HÀNG,0.00,1.00,2026-06-30 09:03:35.827,2026-06-30 10:49:15.500,2026-06-30 00:00:00.000,2026-06-29 00:00:00.000,KK0021.06/26,XB0061.06/26,0,"",""
FB00024,A0200003705397PX,TP20,SPM120,DCM16,1630.00,2020.00,1160.00,tấm,"1800024200001471863003",A0200001471863WO,A0200000406123WO,WB2606-0034,IFD16-H75 TRẮNG,IFD16-H75H75,IFD16-H75,H75,"",B1-4,IFD16-H75H75,3.8190,1.0000,3.8190,1.0000,0.0000,0.00,"",79050,79023,0,HUỲNH LÊ-HL-2606-2,"",SX THEO ĐƠN HÀNG,0.00,1.00,2026-06-30 09:03:35.797,2026-06-30 10:49:15.430,2026-06-30 00:00:00.000,2026-06-29 00:00:00.000,KK0021.06/26,XB0061.06/26,0,"",""
FB00024,A0200003706520PX,TP20,SPM120,DCM16,2230.00,2020.00,1060.00,tấm,"1800024200001471864001",A0200001471864WO,A0200000406123WO,WB2606-0034,IFD16-H75 TRẮNG,IFD16-H75H75,IFD16-H75,H75,"",B1-4,IFD16-H75H75,4.7750,1.0000,4.7750,1.0000,0.0000,0.00,"",79050,79023,0,Đông Nam+KN,"",SX THEO ĐƠN HÀNG,0.00,76.00,2026-06-30 09:03:35.860,2026-07-03 13:43:57.360,2026-06-30 00:00:00.000,2026-07-03 00:00:00.000,KK0021.06/26,XB0008.07/26,0,"",""
FB00024,A0200003705393PX,TP20,SPM120,DCM16,1630.00,2020.00,1210.00,tấm,"1800024200001471865001",A0200001471865WO,A0200000406123WO,WB2606-0034,IFD16-H75 TRẮNG,IFD16-H75H75,IFD16-H75,H75,"",B1-4,IFD16-H75H75,3.9840,1.0000,3.9840,1.0000,0.0000,0.00,"",79050,79023,0,HUỲNH LÊ-HL-2606-2,"",SX THEO ĐƠN HÀNG,0.00,1.00,2026-06-30 09:03:35.777,2026-06-30 10:49:15.380,2026-06-30 00:00:00.000,2026-06-29 00:00:00.000,KK0021.06/26,XB0061.06/26,0,"",""
FB00024,A0200003705402PX,TP20,SPM120,DCM16,1620.00,2020.00,1170.00,tấm,"1800024200001471865002",A0200001471865WO,A0200000406123WO,WB2606-0034,IFD16-H75 TRẮNG,IFD16-H75H75,IFD16-H75,H75,"",B1-4,IFD16-H75H75,3.8290,1.0000,3.8290,1.0000,0.0000,0.00,"",79050,79023,0,HUỲNH LÊ-HL-2606-2,"",SX THEO ĐƠN HÀNG,0.00,1.00,2026-06-30 09:03:35.820,2026-06-30 10:49:15.490,2026-06-30 00:00:00.000,2026-06-29 00:00:00.000,KK0021.06/26,XB0061.06/26,0,"",""
FB00024,A0200003705396PX,TP20,SPM120,DCM16,1620.00,2020.00,1180.00,tấm,"1800024200001471865003",A0200001471865WO,A0200000406123WO,WB2606-0034,IFD16-H75 TRẮNG,IFD16-H75H75,IFD16-H75,H75,"",B1-4,IFD16-H75H75,3.8610,1.0000,3.8610,1.0000,0.0000,0.00,"",79050,79023,0,HUỲNH LÊ-HL-2606-2,"",SX THEO ĐƠN HÀNG,0.00,1.00,2026-06-30 09:03:35.790,2026-06-30 10:49:15.423,2026-06-30 00:00:00.000,2026-06-29 00:00:00.000,KK0021.06/26,XB0061.06/26,0,"",""
FB00024,A0200003705399PX,TP20,SPM120,DCM16,1630.00,2020.00,1190.00,tấm,"1800024200001471865004",A0200001471865WO,A0200000406123WO,WB2606-0034,IFD16-H75 TRẮNG,IFD16-H75H75,IFD16-H75,H75,"",B1-4,IFD16-H75H75,3.9180,1.0000,3.9180,1.0000,0.0000,0.00,"",79050,79023,0,HUỲNH LÊ-HL-2606-2,"",SX THEO ĐƠN HÀNG,0.00,1.00,2026-06-30 09:03:35.807,2026-06-30 10:49:15.457,2026-06-30 00:00:00.000,2026-06-29 00:00:00.000,KK0021.06/26,XB0061.06/26,0,"",""
FB00024,A0200003705392PX,TP20,SPM120,DCM16,1640.00,2020.00,1200.00,tấm,"1800024200001471866001",A0200001471866WO,A0200000406123WO,WB2606-0034,IFD16-H75 TRẮNG,IFD16-H75H75,IFD16-H75,H75,"",B1-4,IFD16-H75H75,3.9750,1.0000,3.9750,1.0000,0.0000,0.00,"",79050,79023,0,HUỲNH LÊ-HL-2606-1,"",SX THEO ĐƠN HÀNG,0.00,1.00,2026-06-30 09:03:35.770,2026-06-30 10:49:15.370,2026-06-30 00:00:00.000,2026-06-29 00:00:00.000,KK0021.06/26,XB0061.06/26,0,"",""
FB00024,A0200003705401PX,TP20,SPM120,DCM16,1630.00,2020.00,1190.00,tấm,"1800024200001471866002",A0200001471866WO,A0200000406123WO,WB2606-0034,IFD16-H75 TRẮNG,IFD16-H75H75,IFD16-H75,H75,"",B1-4,IFD16-H75H75,3.9180,1.0000,3.9180,1.0000,0.0000,0.00,"",79050,79023,0,HUỲNH LÊ-HL-2606-1,"",SX THEO ĐƠN HÀNG,0.00,1.00,2026-06-30 09:03:35.817,2026-06-30 10:49:15.480,2026-06-30 00:00:00.000,2026-06-29 00:00:00.000,KK0021.06/26,XB0061.06/26,0,"",""
FB00024,A0200003705395PX,TP20,SPM120,DCM16,1640.00,2020.00,1180.00,tấm,"1800024200001471867001",A0200001471867WO,A0200000406123WO,WB2606-0034,IFD16-H75 TRẮNG,IFD16-H75H75,IFD16-H75,H75,"",B1-4,IFD16-H75H75,3.9090,1.0000,3.9090,1.0000,0.0000,0.00,"",79050,79023,0,HUỲNH LÊ-HL-2606-1,"",SX THEO ĐƠN HÀNG,0.00,1.00,2026-06-30 09:03:35.783,2026-06-30 10:49:15.403,2026-06-30 00:00:00.000,2026-06-29 00:00:00.000,KK0021.06/26,XB0061.06/26,0,"",""
FB00024,A0200003705398PX,TP20,SPM120,DCM16,1630.00,2020.00,1180.00,tấm,"1800024200001471867002",A0200001471867WO,A0200000406123WO,WB2606-0034,IFD16-H75 TRẮNG,IFD16-H75H75,IFD16-H75,H75,"",B1-4,IFD16-H75H75,3.8850,1.0000,3.8850,1.0000,0.0000,0.00,"",79050,79023,0,HUỲNH LÊ-HL-2606-1,"",SX THEO ĐƠN HÀNG,0.00,1.00,2026-06-30 09:03:35.800,2026-06-30 10:49:15.450,2026-06-30 00:00:00.000,2026-06-29 00:00:00.000,KK0021.06/26,XB0061.06/26,0,"",""
FB00024,A0200003705391PX,TP20,SPM120,DCM16,1640.00,2020.00,1180.00,tấm,"1800024200001471867003",A0200001471867WO,A0200000406123WO,WB2606-0034,IFD16-H75 TRẮNG,IFD16-H75H75,IFD16-H75,H75,"",B1-4,IFD16-H75H75,3.9090,1.0000,3.9090,1.0000,0.0000,0.00,"",79050,79023,0,HUỲNH LÊ-HL-2606-1,"",SX THEO ĐƠN HÀNG,0.00,1.00,2026-06-30 09:03:35.767,2026-06-30 10:49:15.360,2026-06-30 00:00:00.000,2026-06-29 00:00:00.000,KK0021.06/26,XB0061.06/26,0,"",""
FB00024,A0200003705400PX,TP20,SPM120,DCM16,1620.00,2020.00,1200.00,tấm,"1800024200001471867004",A0200001471867WO,A0200000406123WO,WB2606-0034,IFD16-H75 TRẮNG,IFD16-H75H75,IFD16-H75,H75,"",B1-4,IFD16-H75H75,3.9270,1.0000,3.9270,1.0000,0.0000,0.00,"",79050,79023,0,HUỲNH LÊ-HL-2606-1,"",SX THEO ĐƠN HÀNG,0.00,1.00,2026-06-30 09:03:35.810,2026-06-30 10:49:15.470,2026-06-30 00:00:00.000,2026-06-29 00:00:00.000,KK0021.06/26,XB0061.06/26,0,"",""
FB00024,A0200003706521PX,TP20,SPM120,DCM16,2210.00,2020.00,960.00,tấm,"1800024200001471932001",A0200001471932WO,A0200000406167WO,WB2606-0035,IFD16-H75 TRẮNG,IFD16-H75H75,IFD16-H75,H75,"",B1-4,IFD16-H75H75,4.2860,1.0000,4.2860,1.0000,0.0000,0.00,"",79050,79023,0,"","",SX DƯ,0.00,76.00,2026-06-30 09:03:35.750,2026-07-03 13:43:57.383,2026-06-30 00:00:00.000,2026-07-03 00:00:00.000,KK0021.06/26,XB0008.07/26,0,"",""
FB00024,A0200003708925PX,TP20,SPM120,DCM16,2370.00,2080.00,1190.00,tấm,"1800024200001474167001",A0200001474167WO,A0200000406883WO,WB2607-0013,IFD16-H75 TRẮNG,IFD16-H75H75,IFD16-H75,H75,"",B4,IFD16-H75H75,5.8660,1.0000,5.8660,1.0000,0.0000,0.00,"",79050,79023,0,ADX-ADX-PO 419-sample,"",SX THEO ĐƠN HÀNG,0.00,6.00,2026-07-14 09:43:01.510,2026-07-14 15:05:22.227,2026-07-14 00:00:00.000,2026-07-13 00:00:00.000,KK0010.07/26,XB0028.07/26,0,"",""
FB00024,A0200003711405PX,TP20,SPM120,DCM16,1890.00,2080.00,1200.00,tấm,"1800024200001474168001",A0200001458940WO,A0200000401865WO,WB2604-0029,IFD16-H75 TRẮNG,IFD16-H75H75,IFD16-H75,H75,"",B4,IFD16-H75H75,0.0000,0.0000,4.7170,1.0000,-4.7170,-1.00,"",79050,79023,0,ADX-ADX-PO 419-sample,"","",0.00,,,2026-07-22 10:59:27.790,,2026-07-22 00:00:00.000,,XB0050.07/26,0,"",""
FB00024,A0200003708795PN,TP20,SPM120,DCM16,1890.00,2080.00,1200.00,tấm,"1800024200001474168001",A0200001474168WO,A0200000406883WO,WB2607-0013,IFD16-H75 TRẮNG,IFD16-H75H75,IFD16-H75,H75,"",B4,IFD16-H75H75,4.7170,1.0000,0.0000,0.0000,4.7170,1.00,"",79050,79023,0,ADX-ADX-PO 419-sample,"",SX THEO ĐƠN HÀNG,0.00,216.00,2026-07-14 09:43:01.573,,2026-07-14 00:00:00.000,,KK0010.07/26,,0,"",""
FB00024,A0200003708793PN,TP20,SPM120,DCM16,2210.00,2080.00,1140.00,tấm,"1800024200001474169001",A0200001474169WO,A0200000406883WO,WB2607-0013,IFD16-H75 TRẮNG,IFD16-H75H75,IFD16-H75,H75,"",B4,IFD16-H75H75,5.2400,1.0000,0.0000,0.0000,5.2400,1.00,"",79050,79023,0,HUỲNH LÊ-HL-2306-701+ACE,"",SX THEO ĐƠN HÀNG,0.00,216.00,2026-07-14 09:43:01.553,,2026-07-14 00:00:00.000,,KK0010.07/26,,0,"",""
FB00024,A0200003711404PX,TP20,SPM120,DCM16,2220.00,2080.00,1160.00,tấm,"1800024200001474170001",A0200001458940WO,A0200000401865WO,WB2604-0029,IFD16-H75 TRẮNG,IFD16-H75H75,IFD16-H75,H75,"",B4,IFD16-H75H75,0.0000,0.0000,5.3560,1.0000,-5.3560,-1.00,"",79050,79023,0,ĐƠN HÀNG KN+ĐN,"","",0.00,,,2026-07-22 10:59:27.757,,2026-07-22 00:00:00.000,,XB0050.07/26,0,"",""
FB00024,A0200003708794PN,TP20,SPM120,DCM16,2220.00,2080.00,1160.00,tấm,"1800024200001474170001",A0200001474170WO,A0200000406883WO,WB2607-0013,IFD16-H75 TRẮNG,IFD16-H75H75,IFD16-H75,H75,"",B4,IFD16-H75H75,5.3560,1.0000,0.0000,0.0000,5.3560,1.00,"",79050,79023,0,ĐƠN HÀNG KN+ĐN,"",SX THEO ĐƠN HÀNG,0.00,216.00,2026-07-14 09:43:01.570,,2026-07-14 00:00:00.000,,KK0010.07/26,,0,"",""
FB00024,A0200003708926PX,TP20,SPM120,DCM16,1820.00,2080.00,1120.00,tấm,"1800024200001474171001",A0200001474171WO,A0200000406883WO,WB2607-0013,IFD16-H75 TRẮNG,IFD16-H75H75,IFD16-H75,H75,"",B4,IFD16-H75H75,4.2400,1.0000,4.2400,1.0000,0.0000,0.00,"",79050,79023,0,KHÔI NGUYÊN-KN-0907,"",SX THEO ĐƠN HÀNG,0.00,6.00,2026-07-14 09:43:01.527,2026-07-14 15:05:22.270,2026-07-14 00:00:00.000,2026-07-13 00:00:00.000,KK0010.07/26,XB0028.07/26,0,"",""
FB00024,A0200003708790PN,TP20,SPM120,DCM16,1820.00,2080.00,1100.00,tấm,"1800024200001474172001",A0200001474172WO,A0200000406883WO,WB2607-0013,IFD16-H75 TRẮNG,IFD16-H75H75,IFD16-H75,H75,"",B4,IFD16-H75H75,4.1640,1.0000,0.0000,0.0000,4.1640,1.00,"",79050,79023,0,HUỲNH LÊ-HL-2306-701+ACE,"",SX THEO ĐƠN HÀNG,0.00,216.00,2026-07-14 09:43:01.543,,2026-07-14 00:00:00.000,,KK0010.07/26,,0,"",""
FB00024,A0200003708927PX,TP20,SPM120,DCM16,1810.00,2080.00,1090.00,tấm,"1800024200001474173001",A0200001474173WO,A0200000406883WO,WB2607-0013,IFD16-H75 TRẮNG,IFD16-H75H75,IFD16-H75,H75,"",B4,IFD16-H75H75,4.1040,1.0000,4.1040,1.0000,0.0000,0.00,"",79050,79023,0,HUỲNH LÊ-HL-2306-701+ACE,"",SX THEO ĐƠN HÀNG,0.00,6.00,2026-07-14 09:43:01.547,2026-07-14 15:05:22.703,2026-07-14 00:00:00.000,2026-07-13 00:00:00.000,KK0010.07/26,XB0028.07/26,0,"",""
FB00024,A0200003708792PN,TP20,SPM120,DCM16,2160.00,2080.00,1060.00,tấm,"1800024200001474174001",A0200001474174WO,A0200000406883WO,WB2607-0013,IFD16-H75 TRẮNG,IFD16-H75H75,IFD16-H75,H75,"",B4,IFD16-H75H75,4.7620,1.0000,0.0000,0.0000,4.7620,1.00,"",79050,79023,0,KHÔI NGUYÊN-KN-0907,"",SX THEO ĐƠN HÀNG,0.00,216.00,2026-07-14 09:43:01.550,,2026-07-14 00:00:00.000,,KK0010.07/26,,0,"",""
FB00024,A0200003709686PN,TP20,SPM120,DCM16,2240.00,2080.00,900.00,tấm,"1800024200001475090001",A0200001458940WO,A0200000401865WO,WB2604-0029,IFD16-H75 TRẮNG,IFD16-H75H75,IFD16-H75,H75,"",A2,IFD16-H75H75,4.1930,1.0000,0.0000,0.0000,4.1930,1.00,"",79050,79023,0,"","",SX DƯ,0.00,143.00,2026-07-17 10:18:54.620,,2026-07-16 00:00:00.000,,KK0013.07/26,,0,"",""
FB00026,A0200003702836PX,TP20,SPM122,DCM08,2140.00,1900.00,1180.00,tấm,"1800026200001428346004",A0200001428346WO,A0200000391379WO,WB2511-0041,IFD17-H55 TRẮNG,IFD17-H55H55,IFD17-H55,H55,"",A4,IFD17-H55H55,4.7979,1.0000,4.7979,1.0000,0.0000,0.00,"",79052,79023,0,MEKONG-MEKTEX 04-2025-3,"","",0.00,4944.00,2025-11-28 10:36:12.723,2026-06-22 10:22:34.530,2026-05-31 00:00:00.000,2026-06-20 00:00:00.000,TONKHO,XB0045.06/26,0,"",""
FB00026,A0200003699747PX,TP20,SPM122,DCM08,2130.00,1900.00,1200.00,tấm,"1800026200001428346006",A0200001428346WO,A0200000391379WO,WB2511-0041,IFD17-H55 TRẮNG,IFD17-H55H55,IFD17-H55,H55,"",A4,IFD17-H55H55,4.8564,1.0000,4.8564,1.0000,0.0000,0.00,"",79052,79023,0,MEKONG-MEKTEX 04-2025-3,"","",0.00,4539.00,2025-11-28 10:36:12.720,2026-06-05 13:49:52.430,2026-05-31 00:00:00.000,2026-06-05 00:00:00.000,TONKHO,XB0015.06/26,0,"",""
FB00026,A0200003711034PX,TP20,SPM122,DCM08,1630.00,1900.00,1020.00,tấm,"1800026200001432778001",A0200001432778WO,A0200000392942WO,WB2512-0023,IFD17-H55 TRẮNG,IFD17-H55H55,IFD17-H55,H55,"","",IFD17-H55H55,6.3178,2.0000,3.1589,1.0000,3.1589,1.00,"",79052,79023,0,HẢIĐĂNG-HĐ-PO 15-12-VMS-01,"","",0.00,0.00,2026-07-22 09:48:33.690,2026-07-22 09:48:35.680,2026-07-15 00:00:00.000,2026-07-15 00:00:00.000,XB0047.07/26,XB0047.07/26,0,"",""
FB00026,A0200003708380PX,TP20,SPM122,DCM08,1640.00,1900.00,1090.00,tấm,"1800026200001432778003",A0200001432778WO,A0200000392942WO,WB2512-0023,IFD17-H55 TRẮNG,IFD17-H55H55,IFD17-H55,H55,"",B2,IFD17-H55H55,3.3964,1.0000,3.3964,1.0000,0.0000,0.00,"",79052,79023,0,HẢIĐĂNG-HĐ-PO 15-12-VMS-01,"","",0.00,4893.00,2025-12-19 13:15:05.723,2026-07-11 10:27:42.767,2026-05-31 00:00:00.000,2026-07-10 00:00:00.000,TONKHO,XB0024.07/26,0,"",""
FB00026,A0200003699748PX,TP20,SPM122,DCM08,1750.00,1900.00,990.00,tấm,"1800026200001432976001",A0200001432976WO,A0200000393012WO,WB2512-0024,IFD17-H55 TRẮNG,IFD17-H55H55,IFD17-H55,H55,"",A4,IFD17-H55H55,3.2918,1.0000,3.2918,1.0000,0.0000,0.00,"",79052,79023,0,"","","",0.00,4032.00,2025-12-19 13:15:05.997,2026-06-05 13:49:52.477,2026-05-31 00:00:00.000,2026-06-05 00:00:00.000,TONKHO,XB0015.06/26,0,"",""
FB00027,A0200003699478PX,TP20,SPM123,DCM16,2240.00,1960.00,1170.00,tấm,"1800027200001454787001",A0200001454787WO,A0200000399468WO,WB2603-0036,IFD18-H75 TRẮNG,IFD18-H75H75,IFD18-H75,H75,"",B6,IFD18-H75H75,5.1368,1.0000,5.1368,1.0000,0.0000,0.00,"",79054,79023,0,ĐÔNG NAM-ĐMH-HV-34-A Tuấn SX,"","",0.00,1561.00,2026-03-31 10:19:07.340,2026-06-04 11:07:38.990,2026-05-31 00:00:00.000,2026-06-04 00:00:00.000,TONKHO,XB0011.06/26,0,"",""
FB00027,A0200003700455PX,TP20,SPM123,DCM16,1980.00,2020.00,950.00,tấm,"1800027200001456972001",A0200001456972WO,A0200000401240WO,WB2604-0012,IFD18-H75 TRẮNG,IFD18-H75H75,IFD18-H75,H75,"",B6,IFD18-H75H75,3.7996,1.0000,3.7996,1.0000,0.0000,0.00,"",79054,79023,0,D16-H75,"","",0.00,1462.00,2026-04-10 16:32:19.693,2026-06-10 14:39:45.260,2026-05-31 00:00:00.000,2026-06-10 00:00:00.000,TONKHO,XB0024.06/26,0,"",""
FB00027,A0200003711045PX,TP20,SPM123,DCM16,1980.00,1900.00,1100.00,tấm,"1800027200001465159001",A0200001465159WO,A0200000403911WO,WB2605-0030,IFD18-H75 TRẮNG,IFD18-H75H75,IFD18-H75,H75,"","",IFD18-H75H75,8.2764,2.0000,4.1382,1.0000,4.1382,1.00,"",79054,79023,0,ĐÔNG NAM-ĐN-PO 50,Mút rỗ,"",0.00,0.00,2026-07-22 09:48:33.690,2026-07-22 09:48:36.123,2026-07-15 00:00:00.000,2026-07-15 00:00:00.000,XB0047.07/26,XB0047.07/26,0,"",""
FB00027,A0200003698425PN,TP20,SPM123,DCM16,1960.00,1900.00,1180.00,tấm,"1800027200001465160001",A0200001465160WO,A0200000403911WO,WB2605-0030,IFD18-H75 TRẮNG,IFD18-H75H75,IFD18-H75,H75,"",B12,IFD18-H75H75,4.3943,1.0000,4.3943,1.0000,0.0000,0.00,"",79054,79023,0,THIÊNMINH-TM-11-2026-2,"","",0.00,193.00,2026-05-25 13:30:15.113,2026-06-02 14:39:39.653,2026-05-31 00:00:00.000,2026-06-02 00:00:00.000,TONKHO,XB0007.06/26,0,"",""
FB00027,A0200003700628PX,TP20,SPM123,DCM16,1950.00,1900.00,1200.00,tấm,"1800027200001465163001",A0200001465163WO,A0200000403911WO,WB2605-0030,IFD18-H75 TRẮNG,IFD18-H75H75,IFD18-H75,H75,"",B12,IFD18-H75H75,4.4460,1.0000,4.4460,1.0000,0.0000,0.00,"",79054,79023,0,ĐÔNG NAM-ĐN-PO 51,"","",0.00,406.00,2026-05-25 13:30:15.063,2026-06-11 11:16:22.643,2026-05-31 00:00:00.000,2026-06-10 00:00:00.000,TONKHO,XB0024.06/26,0,"",""
FB00027,A0200003700453PX,TP20,SPM123,DCM16,2050.00,1900.00,1190.00,tấm,"1800027200001465165001",A0200001465165WO,A0200000403911WO,WB2605-0030,IFD18-H75 TRẮNG,IFD18-H75H75,IFD18-H75,H75,"",B12,IFD18-H75H75,4.6351,1.0000,4.6351,1.0000,0.0000,0.00,"",79054,79023,0,THIÊNMINH-TM-DT,"","",0.00,385.00,2026-05-25 13:30:14.990,2026-06-10 14:39:45.240,2026-05-31 00:00:00.000,2026-06-10 00:00:00.000,TONKHO,XB0024.06/26,0,"",""
FB00027,A0200003698417PN,TP20,SPM123,DCM16,2030.00,1900.00,1180.00,tấm,"1800027200001465165002",A0200001465165WO,A0200000403911WO,WB2605-0030,IFD18-H75 TRẮNG,IFD18-H75H75,IFD18-H75,H75,"",B12,IFD18-H75H75,4.5513,1.0000,4.5513,1.0000,0.0000,0.00,"",79054,79023,0,THIÊNMINH-TM-DT,"","",0.00,193.00,2026-05-25 13:30:15.007,2026-06-02 14:39:39.690,2026-05-31 00:00:00.000,2026-06-02 00:00:00.000,TONKHO,XB0007.06/26,0,"",""
FB00027,A0200003700452PX,TP20,SPM123,DCM16,1770.00,1900.00,1180.00,tấm,"1800027200001465202001",A0200001465202WO,A0200000403925WO,WB2605-0031,IFD18-H75 TRẮNG,IFD18-H75H75,IFD18-H75,H75,"",B12,IFD18-H75H75,3.9683,1.0000,3.9683,1.0000,0.0000,0.00,"",79054,79023,0,"","","",0.00,385.00,2026-05-25 13:30:14.900,2026-06-10 14:39:45.200,2026-05-31 00:00:00.000,2026-06-10 00:00:00.000,TONKHO,XB0024.06/26,0,"",""
FB00027,A0200003700454PX,TP20,SPM123,DCM16,1780.00,1900.00,1150.00,tấm,"1800027200001465202002",A0200001465202WO,A0200000403925WO,WB2605-0031,IFD18-H75 TRẮNG,IFD18-H75H75,IFD18-H75,H75,"",B12,IFD18-H75H75,3.8893,1.0000,3.8893,1.0000,0.0000,0.00,"",79054,79023,0,"","","",0.00,385.00,2026-05-25 13:30:14.887,2026-06-10 14:39:45.250,2026-05-31 00:00:00.000,2026-06-10 00:00:00.000,TONKHO,XB0024.06/26,0,"",""
FB00027,A0200003711044PX,TP20,SPM123,DCM16,970.00,1900.00,1180.00,tấm,"1800027200001465203001",A0200001465203WO,A0200000403925WO,WB2605-0031,IFD18-H75 TRẮNG,IFD18-H75H75,IFD18-H75,H75,"","",IFD18-H75H75,4.3494,2.0000,2.1747,1.0000,2.1747,1.00,"",79054,79023,0,"","","",0.00,0.00,2026-07-22 09:48:33.690,2026-07-22 09:48:36.080,2026-07-15 00:00:00.000,2026-07-15 00:00:00.000,XB0047.07/26,XB0047.07/26,0,"",""
FB00027,A0200003706944PX,TP20,SPM123,DCM16,2050.00,1960.00,1080.00,tấm,"1800027200001472970001",A0200001472970WO,A0200000406461WO,WB2607-0002,IFD18-H75 TRẮNG,IFD18-H75H75,IFD18-H75,H75,"","",IFD18-H75H75,4.3390,1.0000,4.3390,1.0000,0.0000,0.00,"",79054,79023,0,ĐÔNG NAM-ĐMH-HV-1675,"",SX THEO ĐƠN HÀNG,0.00,1.00,2026-07-06 11:02:12.833,2026-07-06 12:38:04.287,2026-07-06 00:00:00.000,2026-07-06 00:00:00.000,KK0003.07/26,XB0011.07/26,0,"",""
FB00027,A0200003706941PX,TP20,SPM123,DCM16,1720.00,1960.00,1080.00,tấm,"1800027200001472971001",A0200001472971WO,A0200000406461WO,WB2607-0002,IFD18-H75 TRẮNG,IFD18-H75H75,IFD18-H75,H75,"","",IFD18-H75H75,3.6410,1.0000,3.6410,1.0000,0.0000,0.00,"",79054,79023,0,THIÊNMINH-TM-15-2026-2,"",SX THEO ĐƠN HÀNG,0.00,3.00,2026-07-06 09:01:54.437,2026-07-06 12:38:04.260,2026-07-06 00:00:00.000,2026-07-06 00:00:00.000,KK0003.07/26,XB0011.07/26,0,"",""
FB00027,A0200003706945PX,TP20,SPM123,DCM16,2260.00,1960.00,1120.00,tấm,"1800027200001472972001",A0200001472972WO,A0200000406461WO,WB2607-0002,IFD18-H75 TRẮNG,IFD18-H75H75,IFD18-H75,H75,"","",IFD18-H75H75,4.9610,1.0000,4.9610,1.0000,0.0000,0.00,"",79054,79023,0,ĐÔNG NAM-ĐMH-HV,"",SX THEO ĐƠN HÀNG,0.00,1.00,2026-07-06 11:02:12.850,2026-07-06 12:38:04.303,2026-07-06 00:00:00.000,2026-07-06 00:00:00.000,KK0003.07/26,XB0011.07/26,0,"",""
FB00027,A0200003708390PX,TP20,SPM123,DCM16,1950.00,1960.00,1142.00,tấm,"1800027200001472973001",A0200001472973WO,A0200000406461WO,WB2607-0002,IFD18-H75 TRẮNG,IFD18-H75H75,IFD18-H75,H75,"",B8,IFD18-H75H75,4.3650,1.0000,4.3650,1.0000,0.0000,0.00,"",79054,79023,0,ĐÔNG NAM-ĐMH-HV-71,"",SX THEO ĐƠN HÀNG,0.00,116.00,2026-07-06 14:11:49.027,2026-07-11 10:31:25.920,2026-07-06 00:00:00.000,2026-07-10 00:00:00.000,KK0004.07/26,XB0025.07/26,0,"",""
FB00027,A0200003706939PX,TP20,SPM123,DCM16,2110.00,1960.00,1160.00,tấm,"1800027200001472974001",A0200001472974WO,A0200000406461WO,WB2607-0002,IFD18-H75 TRẮNG,IFD18-H75H75,IFD18-H75,H75,"","",IFD18-H75H75,4.7970,1.0000,4.7970,1.0000,0.0000,0.00,"",79054,79023,0,ĐÔNG NAM-ĐMH-HV-64,"",SX THEO ĐƠN HÀNG,0.00,3.00,2026-07-06 09:01:54.360,2026-07-06 12:38:04.237,2026-07-06 00:00:00.000,2026-07-06 00:00:00.000,KK0003.07/26,XB0011.07/26,0,"",""
FB00027,A0200003706940PX,TP20,SPM123,DCM16,2110.00,1960.00,1160.00,tấm,"1800027200001472974002",A0200001472974WO,A0200000406461WO,WB2607-0002,IFD18-H75 TRẮNG,IFD18-H75H75,IFD18-H75,H75,"","",IFD18-H75H75,4.7970,1.0000,4.7970,1.0000,0.0000,0.00,"",79054,79023,0,ĐÔNG NAM-ĐMH-HV-64,"",SX THEO ĐƠN HÀNG,0.00,3.00,2026-07-06 09:01:54.393,2026-07-06 12:38:04.243,2026-07-06 00:00:00.000,2026-07-06 00:00:00.000,KK0003.07/26,XB0011.07/26,0,"",""
FB00027,A0200003708389PX,TP20,SPM123,DCM16,2010.00,1960.00,1160.00,tấm,"1800027200001472975001",A0200001472975WO,A0200000406461WO,WB2607-0002,IFD18-H75 TRẮNG,IFD18-H75H75,IFD18-H75,H75,"",B8,IFD18-H75H75,4.5700,1.0000,4.5700,1.0000,0.0000,0.00,"",79054,79023,0,ĐÔNG NAM-ĐMH-HV,"",SX THEO ĐƠN HÀNG,0.00,116.00,2026-07-06 14:11:49.020,2026-07-11 10:31:25.900,2026-07-06 00:00:00.000,2026-07-10 00:00:00.000,KK0004.07/26,XB0025.07/26,0,"",""
FB00027,A0200003706943PX,TP20,SPM123,DCM16,2010.00,1960.00,1160.00,tấm,"1800027200001472976001",A0200001472976WO,A0200000406461WO,WB2607-0002,IFD18-H75 TRẮNG,IFD18-H75H75,IFD18-H75,H75,"","",IFD18-H75H75,4.5700,1.0000,4.5700,1.0000,0.0000,0.00,"",79054,79023,0,ĐÔNG NAM-ĐMH-HV-71,"",SX THEO ĐƠN HÀNG,0.00,1.00,2026-07-06 11:02:12.810,2026-07-06 12:38:04.270,2026-07-06 00:00:00.000,2026-07-06 00:00:00.000,KK0003.07/26,XB0011.07/26,0,"",""
FB00027,A0200003707150PX,TP20,SPM123,DCM16,1850.00,1960.00,1160.00,tấm,"1800027200001472977001",A0200001472977WO,A0200000406461WO,WB2607-0002,IFD18-H75 TRẮNG,IFD18-H75H75,IFD18-H75,H75,"",B8,IFD18-H75H75,4.2060,1.0000,4.2060,1.0000,0.0000,0.00,"",79054,79023,0,ĐÔNG NAM-ĐMH-HV-65,"",SX THEO ĐƠN HÀNG,0.00,23.00,2026-07-06 14:11:49.010,2026-07-07 13:55:56.950,2026-07-06 00:00:00.000,2026-07-07 00:00:00.000,KK0004.07/26,XB0016.07/26,0,"",""
FB00027,A0200003707149PX,TP20,SPM123,DCM16,1720.00,1960.00,1160.00,tấm,"1800027200001472978001",A0200001472978WO,A0200000406461WO,WB2607-0002,IFD18-H75 TRẮNG,IFD18-H75H75,IFD18-H75,H75,"",B8,IFD18-H75H75,3.9110,1.0000,3.9110,1.0000,0.0000,0.00,"",79054,79023,0,ĐÔNG NAM-ĐMH-HV-72,"",SX THEO ĐƠN HÀNG,0.00,23.00,2026-07-06 14:11:49.003,2026-07-07 13:55:56.940,2026-07-06 00:00:00.000,2026-07-07 00:00:00.000,KK0004.07/26,XB0016.07/26,0,"",""
FB00027,A0200003707148PX,TP20,SPM123,DCM16,1420.00,1960.00,1160.00,tấm,"1800027200001472979001",A0200001472979WO,A0200000406461WO,WB2607-0002,IFD18-H75 TRẮNG,IFD18-H75H75,IFD18-H75,H75,"",B9,IFD18-H75H75,3.2290,1.0000,3.2290,1.0000,0.0000,0.00,"",79054,79023,0,ĐÔNG NAM-ĐMH-HV-65,"",SX THEO ĐƠN HÀNG,0.00,23.00,2026-07-06 14:11:49.143,2026-07-07 13:55:55.680,2026-07-06 00:00:00.000,2026-07-07 00:00:00.000,KK0004.07/26,XB0016.07/26,0,"",""
FB00027,A0200003707670PX,TP20,SPM123,DCM16,2240.00,1960.00,1190.00,tấm,"1800027200001472980001",A0200001472980WO,A0200000406461WO,WB2607-0002,IFD18-H75 TRẮNG,IFD18-H75H75,IFD18-H75,H75,"",B9,IFD18-H75H75,5.2250,1.0000,5.2250,1.0000,0.0000,0.00,"",79054,79023,0,ĐÔNG NAM-ĐMH-HV-1675,"",SX THEO ĐƠN HÀNG,0.00,49.00,2026-07-06 14:11:49.150,2026-07-08 15:09:18.217,2026-07-06 00:00:00.000,2026-07-08 00:00:00.000,KK0004.07/26,XB0017.07/26,0,"",""
FB00027,A0200003708800PN,TP20,SPM123,DCM16,2360.00,2080.00,1090.00,tấm,"1800027200001474182001",A0200001474182WO,A0200000406883WO,WB2607-0013,IFD18-H75 TRẮNG,IFD18-H75H75,IFD18-H75,H75,"",B4,IFD18-H75H75,5.3510,1.0000,0.0000,0.0000,5.3510,1.00,"",79054,79023,0,ĐÔNG NAM-ĐMH-HV-73-2,"",SX THEO ĐƠN HÀNG,0.00,216.00,2026-07-14 09:43:01.613,,2026-07-14 00:00:00.000,,KK0010.07/26,,0,"",""
FB00027,A0200003708799PN,TP20,SPM123,DCM16,2210.00,2080.00,1120.00,tấm,"1800027200001474183001",A0200001474183WO,A0200000406883WO,WB2607-0013,IFD18-H75 TRẮNG,IFD18-H75H75,IFD18-H75,H75,"",B4,IFD18-H75H75,5.1480,1.0000,0.0000,0.0000,5.1480,1.00,"",79054,79023,0,ĐÔNG NAM-ĐMH-HV-75,"",SX THEO ĐƠN HÀNG,0.00,216.00,2026-07-14 09:43:01.610,,2026-07-14 00:00:00.000,,KK0010.07/26,,0,"",""
FB00027,A0200003708798PN,TP20,SPM123,DCM16,1940.00,2080.00,1120.00,tấm,"1800027200001474184001",A0200001474184WO,A0200000406883WO,WB2607-0013,IFD18-H75 TRẮNG,IFD18-H75H75,IFD18-H75,H75,"",B4,IFD18-H75H75,4.5190,1.0000,0.0000,0.0000,4.5190,1.00,"",79054,79023,0,ĐÔNG NAM-ĐMH-HV-75,"",SX THEO ĐƠN HÀNG,0.00,216.00,2026-07-14 09:43:01.610,,2026-07-14 00:00:00.000,,KK0010.07/26,,0,"",""
FB00027,A0200003708797PN,TP20,SPM123,DCM16,1960.00,2080.00,1120.00,tấm,"1800027200001474184002",A0200001474184WO,A0200000406883WO,WB2607-0013,IFD18-H75 TRẮNG,IFD18-H75H75,IFD18-H75,H75,"",B4,IFD18-H75H75,4.5660,1.0000,0.0000,0.0000,4.5660,1.00,"",79054,79023,0,ĐÔNG NAM-ĐMH-HV-75,"",SX THEO ĐƠN HÀNG,0.00,216.00,2026-07-14 09:43:01.603,,2026-07-14 00:00:00.000,,KK0010.07/26,,0,"",""
FB00027,A0200003708796PN,TP20,SPM123,DCM16,1830.00,2080.00,1120.00,tấm,"1800027200001474185001",A0200001474185WO,A0200000406883WO,WB2607-0013,IFD18-H75 TRẮNG,IFD18-H75H75,IFD18-H75,H75,"",B4,IFD18-H75H75,4.2630,1.0000,0.0000,0.0000,4.2630,1.00,"",79054,79023,0,ĐÔNG NAM-ĐMH-HV-73-2,"",SX THEO ĐƠN HÀNG,0.00,216.00,2026-07-14 09:43:01.590,,2026-07-14 00:00:00.000,,KK0010.07/26,,0,"",""
FB00027,A0200003711407PX,TP20,SPM123,DCM16,1890.00,2080.00,1050.00,tấm,"1800027200001475091001",A0200001458940WO,A0200000401865WO,WB2604-0029,IFD18-H75 TRẮNG,IFD18-H75H75,IFD18-H75,H75,"",B4,IFD18-H75H75,4.1280,1.0000,4.1280,1.0000,0.0000,0.00,"",79054,79023,0,"","",SX DƯ,0.00,2.00,2026-07-22 08:33:41.990,2026-07-22 10:59:27.850,2026-07-22 00:00:00.000,2026-07-22 00:00:00.000,KK0016.07/26,XB0050.07/26,0,"",""
FB00028,A0200003699907PX,TP20,SPM072,DCM07,1980.00,2060.00,1150.00,tấm,"1800028200001442541001",A0200001442541WO,A0200000395829WO,WB2601-0035,NFD20-H50 TRẮNG,NFD20-H50H50,NFD20-H50,H50,"",B8,NFD20-H50H50,4.6906,1.0000,4.6906,1.0000,0.0000,0.00,"",79055,79023,0,MSP-092--Mousse tấm/SST-167--Mousse tấm,"","",0.00,3068.00,2026-01-29 13:24:13.730,2026-06-06 09:45:03.343,2026-05-31 00:00:00.000,2026-06-05 00:00:00.000,TONKHO,XB0015.06/26,0,"",""
FB00028,A0200003699908PX,TP20,SPM072,DCM07,1950.00,2050.00,1120.00,tấm,"1800028200001442831001",A0200001442831WO,A0200000395915WO,WB2601-0036,NFD20-H50 TRẮNG,NFD20-H50H50,NFD20-H50,H50,"",B8,NFD20-H50H50,4.4772,1.0000,4.4772,1.0000,0.0000,0.00,"",79055,79023,0,GRH-070--Mousse tấm,"","",0.00,3068.00,2026-01-29 13:24:14.190,2026-06-06 09:45:03.357,2026-05-31 00:00:00.000,2026-06-05 00:00:00.000,TONKHO,XB0015.06/26,0,"",""
FB00028,A0200003703362PX,TP20,SPM072,DCM07,2060.00,2080.00,1150.00,tấm,"1800028200001446157001",A0200001446157WO,A0200000396819WO,WB2602-0011,NFD20-H50 TRẮNG,NFD20-H50H50,NFD20-H50,H50,"",B5,NFD20-H50H50,4.9275,1.0000,4.9275,1.0000,0.0000,0.00,"",79055,79023,0,SST-159--Mousse tấm,"","",0.00,3169.00,2026-02-11 13:30:42.310,2026-06-23 14:07:25.517,2026-05-31 00:00:00.000,2026-06-23 00:00:00.000,TONKHO,XB0050.06/26,0,"",""
FB00028,A0200003703360PX,TP20,SPM072,DCM07,1970.00,2060.00,1160.00,tấm,"1800028200001453156001",A0200001453156WO,A0200000399024WO,WB2603-0026,NFD20-H50 TRẮNG,NFD20-H50H50,NFD20-H50,H50,"",B6,NFD20-H50H50,4.7075,1.0000,4.7075,1.0000,0.0000,0.00,"",79055,79023,0,MSP-093--Mousse tấm,"","",0.00,2189.00,2026-03-24 09:50:53.033,2026-06-23 14:07:25.477,2026-05-31 00:00:00.000,2026-06-23 00:00:00.000,TONKHO,XB0050.06/26,0,"",""
FB00028,A0200003703364PX,TP20,SPM072,DCM07,1620.00,2040.00,1130.00,tấm,"1800028200001459826001",A0200001459826WO,A0200000402178WO,WB2604-0034,NFD20-H50 TRẮNG,NFD20-H50H50,NFD20-H50,H50,"",B4,NFD20-H50H50,3.7344,1.0000,3.7344,1.0000,0.0000,0.00,"",79055,79023,0,ICS-023--Mousse tấm,"","",0.00,1441.00,2026-04-24 13:34:43.593,2026-06-23 14:07:25.567,2026-05-31 00:00:00.000,2026-06-23 00:00:00.000,TONKHO,XB0050.06/26,0,"",""
FB00028,A0200003699906PX,TP20,SPM072,DCM07,1530.00,2040.00,1090.00,tấm,"1800028200001459827001",A0200001459827WO,A0200000402178WO,WB2604-0034,NFD20-H50 TRẮNG,NFD20-H50H50,NFD20-H50,H50,"",B4,NFD20-H50H50,3.4021,1.0000,3.4021,1.0000,0.0000,0.00,"",79055,79023,0,ICS-023--Mousse tấm,"","",0.00,1028.00,2026-04-24 13:34:43.580,2026-06-06 09:45:03.330,2026-05-31 00:00:00.000,2026-06-05 00:00:00.000,TONKHO,XB0015.06/26,0,"",""
FB00028,A0200003708933PX,TP20,SPM072,DCM07,2050.00,2040.00,1150.00,tấm,"1800028200001471845001",A0200001471845WO,A0200000406123WO,WB2606-0034,NFD20-H50 TRẮNG,NFD20-H50H50,NFD20-H50,H50,"",B1-4,NFD20-H50H50,4.8090,1.0000,4.8090,1.0000,0.0000,0.00,"",79055,79023,0,SHV-035--Mousse tấm,"",SX THEO ĐƠN HÀNG,0.00,342.00,2026-06-30 09:03:35.883,2026-07-14 15:09:59.783,2026-06-30 00:00:00.000,2026-07-14 00:00:00.000,KK0021.06/26,XB0029.07/26,0,"",""
FB00028,A0200003708931PX,TP20,SPM072,DCM07,1840.00,2040.00,1150.00,tấm,"1800028200001471846001",A0200001471846WO,A0200000406123WO,WB2606-0034,NFD20-H50 TRẮNG,NFD20-H50H50,NFD20-H50,H50,"",B1-4,NFD20-H50H50,4.3170,1.0000,4.3170,1.0000,0.0000,0.00,"",79055,79023,0,SHV-035--Mousse tấm,"",SX THEO ĐƠN HÀNG,0.00,342.00,2026-06-30 09:03:35.880,2026-07-14 15:09:59.730,2026-06-30 00:00:00.000,2026-07-14 00:00:00.000,KK0021.06/26,XB0029.07/26,0,"",""
FB00028,A0200003705342PN,TP20,SPM072,DCM07,1640.00,2040.00,1140.00,tấm,"1800028200001471847001",A0200001471847WO,A0200000406123WO,WB2606-0034,NFD20-H50 TRẮNG,NFD20-H50H50,NFD20-H50,H50,"",B1-4,NFD20-H50H50,3.8140,1.0000,0.0000,0.0000,3.8140,1.00,"",79055,79023,0,SHV-035--Mousse tấm,"",SX THEO ĐƠN HÀNG,0.00,552.00,2026-06-30 09:03:35.873,,2026-06-30 00:00:00.000,,KK0021.06/26,,0,"",""
FB00028,A0200003708932PX,TP20,SPM072,DCM07,1860.00,2040.00,1130.00,tấm,"1800028200001471848001",A0200001471848WO,A0200000406123WO,WB2606-0034,NFD20-H50 TRẮNG,NFD20-H50H50,NFD20-H50,H50,"",B1-4,NFD20-H50H50,4.2880,1.0000,4.2880,1.0000,0.0000,0.00,"",79055,79023,0,SHV-035--Mousse tấm,"",SX THEO ĐƠN HÀNG,0.00,342.00,2026-06-30 09:03:35.870,2026-07-14 15:09:59.763,2026-06-30 00:00:00.000,2026-07-14 00:00:00.000,KK0021.06/26,XB0029.07/26,0,"",""
FB00028,A0200003709575PX,TP20,SPM072,DCM07,1540.00,2040.00,1080.00,tấm,"1800028200001471849001",A0200001471849WO,A0200000406123WO,WB2606-0034,NFD20-H50 TRẮNG,NFD20-H50H50,NFD20-H50,H50,"",B1-4,NFD20-H50H50,3.3930,1.0000,3.3930,1.0000,0.0000,0.00,"",79055,79023,0,SHV-035--Mousse tấm,"",SX THEO ĐƠN HÀNG,0.00,409.00,2026-06-30 09:03:35.867,2026-07-17 10:11:17.307,2026-06-30 00:00:00.000,2026-07-17 00:00:00.000,KK0021.06/26,XB0036.07/26,0,"",""
FB00028,A0200003709579PX,TP20,SPM072,DCM07,2050.00,2040.00,1150.00,tấm,"1800028200001471850001",A0200001471850WO,A0200000406123WO,WB2606-0034,NFD20-H50 TRẮNG,NFD20-H50H50,NFD20-H50,H50,"",B1-4,NFD20-H50H50,4.8090,1.0000,4.8090,1.0000,0.0000,0.00,"",79055,79023,0,SHV-035--Mousse tấm,"",SX THEO ĐƠN HÀNG,0.00,409.00,2026-06-30 09:03:35.913,2026-07-17 10:11:18.590,2026-06-30 00:00:00.000,2026-07-17 00:00:00.000,KK0021.06/26,XB0036.07/26,0,"",""
FB00028,A0200003709580PX,TP20,SPM072,DCM07,1830.00,2040.00,1130.00,tấm,"1800028200001471851001",A0200001471851WO,A0200000406123WO,WB2606-0034,NFD20-H50 TRẮNG,NFD20-H50H50,NFD20-H50,H50,"",B1-4,NFD20-H50H50,4.2190,1.0000,4.2190,1.0000,0.0000,0.00,"",79055,79023,0,SHV-035--Mousse tấm,"",SX THEO ĐƠN HÀNG,0.00,409.00,2026-06-30 09:03:35.910,2026-07-17 10:11:18.597,2026-06-30 00:00:00.000,2026-07-17 00:00:00.000,KK0021.06/26,XB0036.07/26,0,"",""
FB00028,A0200003709578PX,TP20,SPM072,DCM07,1850.00,2040.00,1130.00,tấm,"1800028200001471851002",A0200001471851WO,A0200000406123WO,WB2606-0034,NFD20-H50 TRẮNG,NFD20-H50H50,NFD20-H50,H50,"",B1-4,NFD20-H50H50,4.2650,1.0000,4.2650,1.0000,0.0000,0.00,"",79055,79023,0,SHV-035--Mousse tấm,"",SX THEO ĐƠN HÀNG,0.00,409.00,2026-06-30 09:03:35.903,2026-07-17 10:11:18.583,2026-06-30 00:00:00.000,2026-07-17 00:00:00.000,KK0021.06/26,XB0036.07/26,0,"",""
FB00028,A0200003709581PX,TP20,SPM072,DCM07,1630.00,2040.00,1130.00,tấm,"1800028200001471852001",A0200001471852WO,A0200000406123WO,WB2606-0034,NFD20-H50 TRẮNG,NFD20-H50H50,NFD20-H50,H50,"",B1-4,NFD20-H50H50,3.7570,1.0000,3.7570,1.0000,0.0000,0.00,"",79055,79023,0,SHV-035--Mousse tấm,"",SX THEO ĐƠN HÀNG,0.00,409.00,2026-06-30 09:03:35.897,2026-07-17 10:11:18.607,2026-06-30 00:00:00.000,2026-07-17 00:00:00.000,KK0021.06/26,XB0036.07/26,0,"",""
FB00028,A0200003709001PX,TP20,SPM072,DCM07,1560.00,2040.00,1110.00,tấm,"1800028200001471853001",A0200001471853WO,A0200000406123WO,WB2606-0034,NFD20-H50 TRẮNG,NFD20-H50H50,NFD20-H50,H50,"",B1-4,NFD20-H50H50,3.5320,1.0000,3.5320,1.0000,0.0000,0.00,"",79055,79023,0,SHV-035--Mousse tấm,"",SX THEO ĐƠN HÀNG,0.00,342.00,2026-06-30 09:03:35.893,2026-07-14 15:10:47.800,2026-06-30 00:00:00.000,2026-07-14 00:00:00.000,KK0021.06/26,XB0029.07/26,0,"",""
FB00028,A0200003706745PX,TP20,SPM072,DCM07,1820.00,2040.00,1120.00,tấm,"1800028200001471854001",A0200001471854WO,A0200000406123WO,WB2606-0034,NFD20-H50 TRẮNG,NFD20-H50H50,NFD20-H50,H50,"",B1-4,NFD20-H50H50,4.1580,1.0000,4.1580,1.0000,0.0000,0.00,"",79055,79023,0,GRH-071--Mousse tấm,"",SX THEO ĐƠN HÀNG,0.00,97.00,2026-06-30 09:03:35.887,2026-07-04 10:34:01.427,2026-06-30 00:00:00.000,2026-07-04 00:00:00.000,KK0021.06/26,XB0009.07/26,0,"",""
FB00028,A0200003710559PX,TP20,SPM072,DCM07,1830.00,2040.00,920.00,tấm,"1800028200001471931001",A0200001471931WO,A0200000406167WO,WB2606-0035,NFD20-H50 TRẮNG,NFD20-H50H50,NFD20-H50,H50,"",B1-4,NFD20-H50H50,3.4350,1.0000,3.4350,1.0000,0.0000,0.00,"",79055,79023,0,"","",SX DƯ,0.00,504.00,2026-06-30 09:03:35.863,2026-07-21 09:56:22.540,2026-06-30 00:00:00.000,2026-07-21 00:00:00.000,KK0021.06/26,XB0045.07/26,0,"",""
FB00028,A0200003708728PN,TP20,SPM072,DCM07,1950.00,2070.00,1130.00,tấm,"1800028200001474021001",A0200001474021WO,A0200000406810WO,WB2607-0012,NFD20-H50 TRẮNG,NFD20-H50H50,NFD20-H50,H50,"",B12,NFD20-H50H50,4.5610,1.0000,0.0000,0.0000,4.5610,1.00,"",79055,79023,0,SST-174--Mousse tấm,"",SX THEO ĐƠN HÀNG,0.00,233.00,2026-07-13 16:03:58.247,,2026-07-13 00:00:00.000,,KK0009.07/26,,0,"",""
FB00028,A0200003708726PN,TP20,SPM072,DCM07,1940.00,2070.00,1140.00,tấm,"1800028200001474021002",A0200001474021WO,A0200000406810WO,WB2607-0012,NFD20-H50 TRẮNG,NFD20-H50H50,NFD20-H50,H50,"",B12,NFD20-H50H50,4.5780,1.0000,0.0000,0.0000,4.5780,1.00,"",79055,79023,0,SST-174--Mousse tấm,"",SX THEO ĐƠN HÀNG,0.00,233.00,2026-07-13 16:03:58.237,,2026-07-13 00:00:00.000,,KK0009.07/26,,0,"",""
FB00028,A0200003708762PN,TP20,SPM072,DCM07,1930.00,2070.00,1130.00,tấm,"1800028200001474021003",A0200001474021WO,A0200000406810WO,WB2607-0012,NFD20-H50 TRẮNG,NFD20-H50H50,NFD20-H50,H50,"",B12,NFD20-H50H50,4.5140,1.0000,0.0000,0.0000,4.5140,1.00,"",79055,79023,0,SST-174--Mousse tấm,"",SX THEO ĐƠN HÀNG,0.00,233.00,2026-07-13 16:03:58.517,,2026-07-13 00:00:00.000,,KK0009.07/26,,0,"",""
FB00028,A0200003708727PN,TP20,SPM072,DCM07,1960.00,2070.00,1120.00,tấm,"1800028200001474021004",A0200001474021WO,A0200000406810WO,WB2607-0012,NFD20-H50 TRẮNG,NFD20-H50H50,NFD20-H50,H50,"",B12,NFD20-H50H50,4.5440,1.0000,0.0000,0.0000,4.5440,1.00,"",79055,79023,0,SST-174--Mousse tấm,"",SX THEO ĐƠN HÀNG,0.00,233.00,2026-07-13 16:03:58.243,,2026-07-13 00:00:00.000,,KK0009.07/26,,0,"",""
FB00028,A0200003708724PN,TP20,SPM072,DCM07,1970.00,2070.00,1150.00,tấm,"1800028200001474021005",A0200001474021WO,A0200000406810WO,WB2607-0012,NFD20-H50 TRẮNG,NFD20-H50H50,NFD20-H50,H50,"",B12,NFD20-H50H50,4.6900,1.0000,0.0000,0.0000,4.6900,1.00,"",79055,79023,0,SST-174--Mousse tấm,"",SX THEO ĐƠN HÀNG,0.00,233.00,2026-07-13 16:03:58.227,,2026-07-13 00:00:00.000,,KK0009.07/26,,0,"",""
FB00028,A0200003708722PN,TP20,SPM072,DCM07,1950.00,2070.00,1150.00,tấm,"1800028200001474021006",A0200001474021WO,A0200000406810WO,WB2607-0012,NFD20-H50 TRẮNG,NFD20-H50H50,NFD20-H50,H50,"",B12,NFD20-H50H50,4.6420,1.0000,0.0000,0.0000,4.6420,1.00,"",79055,79023,0,SST-174--Mousse tấm,"",SX THEO ĐƠN HÀNG,0.00,233.00,2026-07-13 16:03:58.220,,2026-07-13 00:00:00.000,,KK0009.07/26,,0,"",""
FB00028,A0200003708720PN,TP20,SPM072,DCM07,1960.00,2070.00,1140.00,tấm,"1800028200001474021007",A0200001474021WO,A0200000406810WO,WB2607-0012,NFD20-H50 TRẮNG,NFD20-H50H50,NFD20-H50,H50,"",B12,NFD20-H50H50,4.6250,1.0000,0.0000,0.0000,4.6250,1.00,"",79055,79023,0,SST-174--Mousse tấm,"",SX THEO ĐƠN HÀNG,0.00,233.00,2026-07-13 16:03:56.960,,2026-07-13 00:00:00.000,,KK0009.07/26,,0,"",""
FB00028,A0200003708725PN,TP20,SPM072,DCM07,1940.00,2070.00,1140.00,tấm,"1800028200001474021008",A0200001474021WO,A0200000406810WO,WB2607-0012,NFD20-H50 TRẮNG,NFD20-H50H50,NFD20-H50,H50,"",B12,NFD20-H50H50,4.5780,1.0000,0.0000,0.0000,4.5780,1.00,"",79055,79023,0,SST-174--Mousse tấm,"",SX THEO ĐƠN HÀNG,0.00,233.00,2026-07-13 16:03:58.233,,2026-07-13 00:00:00.000,,KK0009.07/26,,0,"",""
FB00028,A0200003708761PN,TP20,SPM072,DCM07,1970.00,2070.00,1120.00,tấm,"1800028200001474021009",A0200001474021WO,A0200000406810WO,WB2607-0012,NFD20-H50 TRẮNG,NFD20-H50H50,NFD20-H50,H50,"",B12,NFD20-H50H50,4.5670,1.0000,0.0000,0.0000,4.5670,1.00,"",79055,79023,0,SST-174--Mousse tấm,"",SX THEO ĐƠN HÀNG,0.00,233.00,2026-07-13 16:03:58.513,,2026-07-13 00:00:00.000,,KK0009.07/26,,0,"",""
FB00028,A0200003711373PX,TP20,SPM072,DCM07,1940.00,2070.00,1150.00,tấm,"1800028200001474021010",A0200001458940WO,A0200000401865WO,WB2604-0029,NFD20-H50 TRẮNG,NFD20-H50H50,NFD20-H50,H50,"",B12,NFD20-H50H50,0.0000,0.0000,4.6180,1.0000,-4.6180,-1.00,"",79055,79023,0,SST-174--Mousse tấm,"","",0.00,,,2026-07-22 10:55:19.957,,2026-07-22 00:00:00.000,,XB0048.07/26,0,"",""
FB00028,A0200003708735PN,TP20,SPM072,DCM07,1940.00,2070.00,1150.00,tấm,"1800028200001474021010",A0200001474021WO,A0200000406810WO,WB2607-0012,NFD20-H50 TRẮNG,NFD20-H50H50,NFD20-H50,H50,"",B12,NFD20-H50H50,4.6180,1.0000,0.0000,0.0000,4.6180,1.00,"",79055,79023,0,SST-174--Mousse tấm,"",SX THEO ĐƠN HÀNG,0.00,233.00,2026-07-13 16:03:58.283,,2026-07-13 00:00:00.000,,KK0009.07/26,,0,"",""
FB00028,A0200003708760PN,TP20,SPM072,DCM07,1940.00,2070.00,1130.00,tấm,"1800028200001474021011",A0200001474021WO,A0200000406810WO,WB2607-0012,NFD20-H50 TRẮNG,NFD20-H50H50,NFD20-H50,H50,"",B12,NFD20-H50H50,4.5380,1.0000,0.0000,0.0000,4.5380,1.00,"",79055,79023,0,SST-174--Mousse tấm,"",SX THEO ĐƠN HÀNG,0.00,233.00,2026-07-13 16:03:58.507,,2026-07-13 00:00:00.000,,KK0009.07/26,,0,"",""
FB00028,A0200003708723PN,TP20,SPM072,DCM07,1950.00,2070.00,1150.00,tấm,"1800028200001474021012",A0200001474021WO,A0200000406810WO,WB2607-0012,NFD20-H50 TRẮNG,NFD20-H50H50,NFD20-H50,H50,"",B12,NFD20-H50H50,4.6420,1.0000,0.0000,0.0000,4.6420,1.00,"",79055,79023,0,SST-174--Mousse tấm,"",SX THEO ĐƠN HÀNG,0.00,233.00,2026-07-13 16:03:58.223,,2026-07-13 00:00:00.000,,KK0009.07/26,,0,"",""
FB00028,A0200003711370PX,TP20,SPM072,DCM07,1940.00,2070.00,1130.00,tấm,"1800028200001474021013",A0200001458940WO,A0200000401865WO,WB2604-0029,NFD20-H50 TRẮNG,NFD20-H50H50,NFD20-H50,H50,"",B12,NFD20-H50H50,0.0000,0.0000,4.5380,1.0000,-4.5380,-1.00,"",79055,79023,0,SST-174--Mousse tấm,"","",0.00,,,2026-07-22 10:55:19.927,,2026-07-22 00:00:00.000,,XB0048.07/26,0,"",""
FB00028,A0200003708731PN,TP20,SPM072,DCM07,1940.00,2070.00,1130.00,tấm,"1800028200001474021013",A0200001474021WO,A0200000406810WO,WB2607-0012,NFD20-H50 TRẮNG,NFD20-H50H50,NFD20-H50,H50,"",B12,NFD20-H50H50,4.5380,1.0000,0.0000,0.0000,4.5380,1.00,"",79055,79023,0,SST-174--Mousse tấm,"",SX THEO ĐƠN HÀNG,0.00,233.00,2026-07-13 16:03:58.263,,2026-07-13 00:00:00.000,,KK0009.07/26,,0,"",""
FB00028,A0200003711381PX,TP20,SPM072,DCM07,1950.00,2070.00,1150.00,tấm,"1800028200001474021014",A0200001458940WO,A0200000401865WO,WB2604-0029,NFD20-H50 TRẮNG,NFD20-H50H50,NFD20-H50,H50,"",B12,NFD20-H50H50,0.0000,0.0000,4.6420,1.0000,-4.6420,-1.00,"",79055,79023,0,SST-174--Mousse tấm,"","",0.00,,,2026-07-22 10:55:20.087,,2026-07-22 00:00:00.000,,XB0048.07/26,0,"",""
FB00028,A0200003708738PN,TP20,SPM072,DCM07,1950.00,2070.00,1150.00,tấm,"1800028200001474021014",A0200001474021WO,A0200000406810WO,WB2607-0012,NFD20-H50 TRẮNG,NFD20-H50H50,NFD20-H50,H50,"",B12,NFD20-H50H50,4.6420,1.0000,0.0000,0.0000,4.6420,1.00,"",79055,79023,0,SST-174--Mousse tấm,"",SX THEO ĐƠN HÀNG,0.00,233.00,2026-07-13 16:03:58.300,,2026-07-13 00:00:00.000,,KK0009.07/26,,0,"",""
FB00028,A0200003711374PX,TP20,SPM072,DCM07,1930.00,2070.00,1150.00,tấm,"1800028200001474021015",A0200001458940WO,A0200000401865WO,WB2604-0029,NFD20-H50 TRẮNG,NFD20-H50H50,NFD20-H50,H50,"",B12,NFD20-H50H50,0.0000,0.0000,4.5940,1.0000,-4.5940,-1.00,"",79055,79023,0,SST-174--Mousse tấm,"","",0.00,,,2026-07-22 10:55:19.967,,2026-07-22 00:00:00.000,,XB0048.07/26,0,"",""
FB00028,A0200003708736PN,TP20,SPM072,DCM07,1930.00,2070.00,1150.00,tấm,"1800028200001474021015",A0200001474021WO,A0200000406810WO,WB2607-0012,NFD20-H50 TRẮNG,NFD20-H50H50,NFD20-H50,H50,"",B12,NFD20-H50H50,4.5940,1.0000,0.0000,0.0000,4.5940,1.00,"",79055,79023,0,SST-174--Mousse tấm,"",SX THEO ĐƠN HÀNG,0.00,233.00,2026-07-13 16:03:58.287,,2026-07-13 00:00:00.000,,KK0009.07/26,,0,"",""
FB00028,A0200003708721PN,TP20,SPM072,DCM07,1950.00,2070.00,1150.00,tấm,"1800028200001474021016",A0200001474021WO,A0200000406810WO,WB2607-0012,NFD20-H50 TRẮNG,NFD20-H50H50,NFD20-H50,H50,"",B12,NFD20-H50H50,4.6420,1.0000,0.0000,0.0000,4.6420,1.00,"",79055,79023,0,SST-174--Mousse tấm,"",SX THEO ĐƠN HÀNG,0.00,233.00,2026-07-13 16:03:58.213,,2026-07-13 00:00:00.000,,KK0009.07/26,,0,"",""
FB00028,A0200003711369PX,TP20,SPM072,DCM07,1950.00,2070.00,1130.00,tấm,"1800028200001474021017",A0200001458940WO,A0200000401865WO,WB2604-0029,NFD20-H50 TRẮNG,NFD20-H50H50,NFD20-H50,H50,"",B12,NFD20-H50H50,0.0000,0.0000,4.5610,1.0000,-4.5610,-1.00,"",79055,79023,0,SST-174--Mousse tấm,"","",0.00,,,2026-07-22 10:55:19.917,,2026-07-22 00:00:00.000,,XB0048.07/26,0,"",""
FB00028,A0200003708732PN,TP20,SPM072,DCM07,1950.00,2070.00,1130.00,tấm,"1800028200001474021017",A0200001474021WO,A0200000406810WO,WB2607-0012,NFD20-H50 TRẮNG,NFD20-H50H50,NFD20-H50,H50,"",B12,NFD20-H50H50,4.5610,1.0000,0.0000,0.0000,4.5610,1.00,"",79055,79023,0,SST-174--Mousse tấm,"",SX THEO ĐƠN HÀNG,0.00,233.00,2026-07-13 16:03:58.267,,2026-07-13 00:00:00.000,,KK0009.07/26,,0,"",""
FB00028,A0200003711377PX,TP20,SPM072,DCM07,1970.00,2070.00,1120.00,tấm,"1800028200001474021018",A0200001458940WO,A0200000401865WO,WB2604-0029,NFD20-H50 TRẮNG,NFD20-H50H50,NFD20-H50,H50,"",B12,NFD20-H50H50,0.0000,0.0000,4.5670,1.0000,-4.5670,-1.00,"",79055,79023,0,SST-174--Mousse tấm,"","",0.00,,,2026-07-22 10:55:20.023,,2026-07-22 00:00:00.000,,XB0048.07/26,0,"",""
FB00028,A0200003708740PN,TP20,SPM072,DCM07,1970.00,2070.00,1120.00,tấm,"1800028200001474021018",A0200001474021WO,A0200000406810WO,WB2607-0012,NFD20-H50 TRẮNG,NFD20-H50H50,NFD20-H50,H50,"",B12,NFD20-H50H50,4.5670,1.0000,0.0000,0.0000,4.5670,1.00,"",79055,79023,0,SST-174--Mousse tấm,"",SX THEO ĐƠN HÀNG,0.00,233.00,2026-07-13 16:03:58.310,,2026-07-13 00:00:00.000,,KK0009.07/26,,0,"",""
FB00028,A0200003711380PX,TP20,SPM072,DCM07,1970.00,2070.00,1150.00,tấm,"1800028200001474021019",A0200001458940WO,A0200000401865WO,WB2604-0029,NFD20-H50 TRẮNG,NFD20-H50H50,NFD20-H50,H50,"",B12,NFD20-H50H50,0.0000,0.0000,4.6900,1.0000,-4.6900,-1.00,"",79055,79023,0,SST-174--Mousse tấm,"","",0.00,,,2026-07-22 10:55:20.080,,2026-07-22 00:00:00.000,,XB0048.07/26,0,"",""
FB00028,A0200003708737PN,TP20,SPM072,DCM07,1970.00,2070.00,1150.00,tấm,"1800028200001474021019",A0200001474021WO,A0200000406810WO,WB2607-0012,NFD20-H50 TRẮNG,NFD20-H50H50,NFD20-H50,H50,"",B12,NFD20-H50H50,4.6900,1.0000,0.0000,0.0000,4.6900,1.00,"",79055,79023,0,SST-174--Mousse tấm,"",SX THEO ĐƠN HÀNG,0.00,233.00,2026-07-13 16:03:58.293,,2026-07-13 00:00:00.000,,KK0009.07/26,,0,"",""
FB00028,A0200003711368PX,TP20,SPM072,DCM07,1960.00,2070.00,1120.00,tấm,"1800028200001474021020",A0200001458940WO,A0200000401865WO,WB2604-0029,NFD20-H50 TRẮNG,NFD20-H50H50,NFD20-H50,H50,"",B12,NFD20-H50H50,0.0000,0.0000,4.5440,1.0000,-4.5440,-1.00,"",79055,79023,0,SST-174--Mousse tấm,"","",0.00,,,2026-07-22 10:55:19.910,,2026-07-22 00:00:00.000,,XB0048.07/26,0,"",""
FB00028,A0200003708729PN,TP20,SPM072,DCM07,1960.00,2070.00,1120.00,tấm,"1800028200001474021020",A0200001474021WO,A0200000406810WO,WB2607-0012,NFD20-H50 TRẮNG,NFD20-H50H50,NFD20-H50,H50,"",B12,NFD20-H50H50,4.5440,1.0000,0.0000,0.0000,4.5440,1.00,"",79055,79023,0,SST-174--Mousse tấm,"",SX THEO ĐƠN HÀNG,0.00,233.00,2026-07-13 16:03:58.253,,2026-07-13 00:00:00.000,,KK0009.07/26,,0,"",""
FB00028,A0200003711371PX,TP20,SPM072,DCM07,1960.00,2070.00,1140.00,tấm,"1800028200001474021021",A0200001458940WO,A0200000401865WO,WB2604-0029,NFD20-H50 TRẮNG,NFD20-H50H50,NFD20-H50,H50,"",B12,NFD20-H50H50,0.0000,0.0000,4.6250,1.0000,-4.6250,-1.00,"",79055,79023,0,SST-174--Mousse tấm,"","",0.00,,,2026-07-22 10:55:19.937,,2026-07-22 00:00:00.000,,XB0048.07/26,0,"",""
FB00028,A0200003708733PN,TP20,SPM072,DCM07,1960.00,2070.00,1140.00,tấm,"1800028200001474021021",A0200001474021WO,A0200000406810WO,WB2607-0012,NFD20-H50 TRẮNG,NFD20-H50H50,NFD20-H50,H50,"",B12,NFD20-H50H50,4.6250,1.0000,0.0000,0.0000,4.6250,1.00,"",79055,79023,0,SST-174--Mousse tấm,"",SX THEO ĐƠN HÀNG,0.00,233.00,2026-07-13 16:03:58.273,,2026-07-13 00:00:00.000,,KK0009.07/26,,0,"",""
FB00028,A0200003711379PX,TP20,SPM072,DCM07,1950.00,2070.00,980.00,tấm,"1800028200001474021022",A0200001458940WO,A0200000401865WO,WB2604-0029,NFD20-H50 TRẮNG,NFD20-H50H50,NFD20-H50,H50,"",B12,NFD20-H50H50,0.0000,0.0000,3.9560,1.0000,-3.9560,-1.00,"",79055,79023,0,SST-174--Mousse tấm,"","",0.00,,,2026-07-22 10:55:20.070,,2026-07-22 00:00:00.000,,XB0048.07/26,0,"",""
FB00028,A0200003708741PN,TP20,SPM072,DCM07,1950.00,2070.00,980.00,tấm,"1800028200001474021022",A0200001474021WO,A0200000406810WO,WB2607-0012,NFD20-H50 TRẮNG,NFD20-H50H50,NFD20-H50,H50,"",B12,NFD20-H50H50,3.9560,1.0000,0.0000,0.0000,3.9560,1.00,"",79055,79023,0,SST-174--Mousse tấm,"",SX THEO ĐƠN HÀNG,0.00,233.00,2026-07-13 16:03:58.340,,2026-07-13 00:00:00.000,,KK0009.07/26,,0,"",""
FB00028,A0200003711378PX,TP20,SPM072,DCM07,1950.00,2070.00,1140.00,tấm,"1800028200001474021023",A0200001458940WO,A0200000401865WO,WB2604-0029,NFD20-H50 TRẮNG,NFD20-H50H50,NFD20-H50,H50,"",B12,NFD20-H50H50,0.0000,0.0000,4.6020,1.0000,-4.6020,-1.00,"",79055,79023,0,SST-174--Mousse tấm,"","",0.00,,,2026-07-22 10:55:20.033,,2026-07-22 00:00:00.000,,XB0048.07/26,0,"",""
FB00028,A0200003708739PN,TP20,SPM072,DCM07,1950.00,2070.00,1140.00,tấm,"1800028200001474021023",A0200001474021WO,A0200000406810WO,WB2607-0012,NFD20-H50 TRẮNG,NFD20-H50H50,NFD20-H50,H50,"",B12,NFD20-H50H50,4.6020,1.0000,0.0000,0.0000,4.6020,1.00,"",79055,79023,0,SST-174--Mousse tấm,"",SX THEO ĐƠN HÀNG,0.00,233.00,2026-07-13 16:03:58.303,,2026-07-13 00:00:00.000,,KK0009.07/26,,0,"",""
FB00028,A0200003708730PN,TP20,SPM072,DCM07,1950.00,2070.00,1130.00,tấm,"1800028200001474021024",A0200001474021WO,A0200000406810WO,WB2607-0012,NFD20-H50 TRẮNG,NFD20-H50H50,NFD20-H50,H50,"",B12,NFD20-H50H50,4.5610,1.0000,0.0000,0.0000,4.5610,1.00,"",79055,79023,0,SST-174--Mousse tấm,"",SX THEO ĐƠN HÀNG,0.00,233.00,2026-07-13 16:03:58.257,,2026-07-13 00:00:00.000,,KK0009.07/26,,0,"",""
FB00028,A0200003711372PX,TP20,SPM072,DCM07,1960.00,2070.00,1140.00,tấm,"1800028200001474021025",A0200001458940WO,A0200000401865WO,WB2604-0029,NFD20-H50 TRẮNG,NFD20-H50H50,NFD20-H50,H50,"",B12,NFD20-H50H50,0.0000,0.0000,4.6250,1.0000,-4.6250,-1.00,"",79055,79023,0,SST-174--Mousse tấm,"","",0.00,,,2026-07-22 10:55:19.947,,2026-07-22 00:00:00.000,,XB0048.07/26,0,"",""
FB00028,A0200003708734PN,TP20,SPM072,DCM07,1960.00,2070.00,1140.00,tấm,"1800028200001474021025",A0200001474021WO,A0200000406810WO,WB2607-0012,NFD20-H50 TRẮNG,NFD20-H50H50,NFD20-H50,H50,"",B12,NFD20-H50H50,4.6250,1.0000,0.0000,0.0000,4.6250,1.00,"",79055,79023,0,SST-174--Mousse tấm,"",SX THEO ĐƠN HÀNG,0.00,233.00,2026-07-13 16:03:58.277,,2026-07-13 00:00:00.000,,KK0009.07/26,,0,"",""
FB00028,A0200003709739PX,TP20,SPM072,DCM07,1490.00,2070.00,850.00,tấm,"1800028200001475093001",A0200001458940WO,A0200000401865WO,WB2604-0029,NFD20-H50 TRẮNG,NFD20-H50H50,NFD20-H50,H50,"",A2,NFD20-H50H50,2.6220,1.0000,2.6220,1.0000,0.0000,0.00,"",79055,79023,0,"","",SX DƯ,0.00,0.00,2026-07-17 10:18:54.647,2026-07-17 10:30:51.173,2026-07-16 00:00:00.000,2026-07-16 00:00:00.000,KK0013.07/26,XB0035.07/26,0,"",""
FB00029,A0200003707088PX,TP20,SPM124,DCM08,2070.00,1990.00,900.00,tấm,"1800029200001458533001",A0200001458533WO,A0200000401721WO,WB2604-0023,IFD20-H55 TRẮNG,IFD20-H55H55,IFD20-H55,H55,"",B6,IFD20-H55H55,3.7074,1.0000,3.7074,1.0000,0.0000,0.00,"",79056,79023,0,MEKONG-MEKTEX-16-2025-33,"","",0.00,1921.00,2026-04-17 14:19:17.490,2026-07-06 15:43:17.103,2026-05-31 00:00:00.000,2026-07-06 00:00:00.000,TONKHO,XB0013.07/26,0,"",""
FB00029,A0200003705029PX,TP20,SPM124,DCM08,1000.00,2180.00,1000.00,tấm,"1800029200001458836001",A0200001458836WO,A0200000401817WO,WB2604-0026,IFD20-H55 TRẮNG,IFD20-H55H55,IFD20-H55,H55,"",B24,IFD20-H55H55,2.1800,1.0000,2.1800,1.0000,0.0000,0.00,"",79056,79023,0,THIÊNMINH-TM-11-2026-2-9/6,"","",0.00,1682.00,2026-04-18 13:05:04.790,2026-06-27 15:43:25.223,2026-05-31 00:00:00.000,2026-06-26 00:00:00.000,TONKHO,XB0056.06/26,0,"",""
FB00029,A0200003699751PX,TP20,SPM124,DCM08,2260.00,2170.00,1060.00,tấm,"1800029200001461768001",A0200001461768WO,A0200000402919WO,WB2605-0008,IFD20-H55 TRẮNG,IFD20-H55H55,IFD20-H55,H55,"",B11,IFD20-H55H55,5.1985,1.0000,5.1985,1.0000,0.0000,0.00,"",79056,79023,0,PHƯƠNG MI-PM-09-1,"","",0.00,651.00,2026-05-09 10:58:16.273,2026-06-05 13:49:52.610,2026-05-31 00:00:00.000,2026-06-05 00:00:00.000,TONKHO,XB0015.06/26,0,"",""
FB00029,A0200003698432PN,TP20,SPM124,DCM08,2070.00,1990.00,1010.00,tấm,"1800029200001463673001",A0200001463673WO,A0200000403346WO,WB2605-0019,IFD20-H55 TRẮNG,IFD20-H55H55,IFD20-H55,H55,"",B11,IFD20-H55H55,4.1605,1.0000,4.1605,1.0000,0.0000,0.00,"",79056,79023,0,MEKONG-MEKTEX-21-2025-4/THIÊNMINH-TM-11-2026-2-9/6,"","",0.00,363.00,2026-05-18 11:18:53.220,2026-06-02 14:39:39.760,2026-05-31 00:00:00.000,2026-06-02 00:00:00.000,TONKHO,XB0007.06/26,0,"",""
FB00029,A0200003698461PN,TP20,SPM124,DCM08,2080.00,1990.00,1130.00,tấm,"1800029200001463673002",A0200001463673WO,A0200000403346WO,WB2605-0019,IFD20-H55 TRẮNG,IFD20-H55H55,IFD20-H55,H55,"",B10,IFD20-H55H55,4.6773,1.0000,4.6773,1.0000,0.0000,0.00,"",79056,79023,0,MEKONG-MEKTEX-21-2025-4/THIÊNMINH-TM-11-2026-2-9/6,"","",0.00,363.00,2026-05-18 11:18:53.313,2026-06-02 14:39:39.747,2026-05-31 00:00:00.000,2026-06-02 00:00:00.000,TONKHO,XB0007.06/26,0,"",""
FB00029,A0200003698444PN,TP20,SPM124,DCM08,2100.00,1990.00,1020.00,tấm,"1800029200001463674001",A0200001463674WO,A0200000403346WO,WB2605-0019,IFD20-H55 TRẮNG,IFD20-H55H55,IFD20-H55,H55,"",B11,IFD20-H55H55,4.2626,1.0000,4.2626,1.0000,0.0000,0.00,"",79056,79023,0,MEKONG-MEKTEX-21-2025-3/THIÊNMINH-TM-11-2026-2-9/6,"","",0.00,363.00,2026-05-18 11:18:53.243,2026-06-02 14:39:39.753,2026-05-31 00:00:00.000,2026-06-02 00:00:00.000,TONKHO,XB0007.06/26,0,"",""
FB00029,A0200003699752PX,TP20,SPM124,DCM08,2180.00,1990.00,1130.00,tấm,"1800029200001463676004",A0200001463676WO,A0200000403346WO,WB2605-0019,IFD20-H55 TRẮNG,IFD20-H55H55,IFD20-H55,H55,"",B11,IFD20-H55H55,4.9022,1.0000,4.9022,1.0000,0.0000,0.00,"",79056,79023,0,MEKONG-MEKTEX-21-2025-2,"","",0.00,434.00,2026-05-18 11:18:53.480,2026-06-05 13:49:52.627,2026-05-31 00:00:00.000,2026-06-05 00:00:00.000,TONKHO,XB0015.06/26,0,"",""
FB00029,A0200003698633PN,TP20,SPM124,DCM08,1020.00,2180.00,980.00,tấm,"1800029200001466034001",A0200001466034WO,A0200000404142WO,WB2605-0036,IFD20-H55 TRẮNG,IFD20-H55H55,IFD20-H55,H55,"",B2,IFD20-H55H55,2.1791,1.0000,2.1791,1.0000,0.0000,0.00,"",79056,79023,0,DD-05-27,"","",0.00,124.00,2026-05-28 10:45:16.173,2026-06-02 14:39:39.927,2026-05-31 00:00:00.000,2026-06-02 00:00:00.000,TONKHO,XB0007.06/26,0,"",""
FB00029,A0200003699341PX,TP20,SPM124,DCM08,1820.00,2070.00,1160.00,tấm,"1800029200001466573001",A0200001466573WO,A0200000404389WO,WB2606-0001,IFD20-H55 TRẮNG,IFD20-H55H55,IFD20-H55,H55,"",B6,IFD20-H55H55,4.3700,1.0000,4.3700,1.0000,0.0000,0.00,"",79056,79023,0,PHƯƠNG MI-PM-11-2025-2,"",SX THEO DON HANG,0.00,26.00,2026-06-02 08:21:46.737,2026-06-03 10:44:02.970,2026-06-02 00:00:00.000,2026-06-03 00:00:00.000,KK0002.06/26,XB0010.06/26,0,"",""
FB00029,A0200003699342PX,TP20,SPM124,DCM08,1810.00,2070.00,1160.00,tấm,"1800029200001466573002",A0200001466573WO,A0200000404389WO,WB2606-0001,IFD20-H55 TRẮNG,IFD20-H55H55,IFD20-H55,H55,"",B6,IFD20-H55H55,4.3460,1.0000,4.3460,1.0000,0.0000,0.00,"",79056,79023,0,PHƯƠNG MI-PM-11-2025-2,"",SX THEO DON HANG,0.00,26.00,2026-06-02 08:21:46.720,2026-06-03 10:44:02.983,2026-06-02 00:00:00.000,2026-06-03 00:00:00.000,KK0002.06/26,XB0010.06/26,0,"",""
FB00029,A0200003699346PX,TP20,SPM124,DCM08,1680.00,2070.00,1150.00,tấm,"1800029200001466574001",A0200001466574WO,A0200000404389WO,WB2606-0001,IFD20-H55 TRẮNG,IFD20-H55H55,IFD20-H55,H55,"",B6,IFD20-H55H55,3.9990,1.0000,3.9990,1.0000,0.0000,0.00,"",79056,79023,0,PHƯƠNG MI-PM-11-2025-2,"",SX THEO DON HANG,0.00,26.00,2026-06-02 08:21:46.683,2026-06-03 10:44:03.040,2026-06-02 00:00:00.000,2026-06-03 00:00:00.000,KK0002.06/26,XB0010.06/26,0,"",""
FB00029,A0200003699343PX,TP20,SPM124,DCM08,1680.00,2070.00,1160.00,tấm,"1800029200001466574002",A0200001466574WO,A0200000404389WO,WB2606-0001,IFD20-H55 TRẮNG,IFD20-H55H55,IFD20-H55,H55,"",B6,IFD20-H55H55,4.0340,1.0000,4.0340,1.0000,0.0000,0.00,"",79056,79023,0,PHƯƠNG MI-PM-11-2025-2,"",SX THEO DON HANG,0.00,26.00,2026-06-02 08:21:46.703,2026-06-03 10:44:03.000,2026-06-02 00:00:00.000,2026-06-03 00:00:00.000,KK0002.06/26,XB0010.06/26,0,"",""
FB00029,A0200003699347PX,TP20,SPM124,DCM08,1890.00,2070.00,1160.00,tấm,"1800029200001466575001",A0200001466575WO,A0200000404389WO,WB2606-0001,IFD20-H55 TRẮNG,IFD20-H55H55,IFD20-H55,H55,"",B6,IFD20-H55H55,4.5380,1.0000,4.5380,1.0000,0.0000,0.00,"",79056,79023,0,PHƯƠNG MI-PM-11-2025-2,"",SX THEO DON HANG,0.00,26.00,2026-06-02 08:21:46.667,2026-06-03 10:44:03.057,2026-06-02 00:00:00.000,2026-06-03 00:00:00.000,KK0002.06/26,XB0010.06/26,0,"",""
FB00029,A0200003699345PX,TP20,SPM124,DCM08,1860.00,2070.00,1160.00,tấm,"1800029200001466576001",A0200001466576WO,A0200000404389WO,WB2606-0001,IFD20-H55 TRẮNG,IFD20-H55H55,IFD20-H55,H55,"",B6,IFD20-H55H55,4.4660,1.0000,4.4660,1.0000,0.0000,0.00,"",79056,79023,0,PHƯƠNG MI-PM-11-2025-2,"",SX THEO DON HANG,0.00,26.00,2026-06-02 08:21:46.650,2026-06-03 10:44:03.027,2026-06-02 00:00:00.000,2026-06-03 00:00:00.000,KK0002.06/26,XB0010.06/26,0,"",""
FB00029,A0200003699344PX,TP20,SPM124,DCM08,1630.00,2070.00,1150.00,tấm,"1800029200001466577001",A0200001466577WO,A0200000404389WO,WB2606-0001,IFD20-H55 TRẮNG,IFD20-H55H55,IFD20-H55,H55,"",B6,IFD20-H55H55,3.8800,1.0000,3.8800,1.0000,0.0000,0.00,"",79056,79023,0,PHƯƠNG MI-PM-11-2025-2,"",SX THEO DON HANG,0.00,26.00,2026-06-02 08:21:46.633,2026-06-03 10:44:03.010,2026-06-02 00:00:00.000,2026-06-03 00:00:00.000,KK0002.06/26,XB0010.06/26,0,"",""
FB00029,A0200003699754PX,TP20,SPM124,DCM08,2210.00,2070.00,1140.00,tấm,"1800029200001466578001",A0200001466578WO,A0200000404389WO,WB2606-0001,IFD20-H55 TRẮNG,IFD20-H55H55,IFD20-H55,H55,"",B6,IFD20-H55H55,5.2150,1.0000,5.2150,1.0000,0.0000,0.00,"",79056,79023,0,PHƯƠNG MI-PM-11-2025-2,"",SX THEO DON HANG,0.00,77.00,2026-06-02 08:21:46.617,2026-06-05 13:49:52.720,2026-06-02 00:00:00.000,2026-06-05 00:00:00.000,KK0002.06/26,XB0015.06/26,0,"",""
FB00029,A0200003699348PX,TP20,SPM124,DCM08,2210.00,2070.00,1130.00,tấm,"1800029200001466579001",A0200001466579WO,A0200000404389WO,WB2606-0001,IFD20-H55 TRẮNG,IFD20-H55H55,IFD20-H55,H55,"",B6,IFD20-H55H55,5.1690,1.0000,5.1690,1.0000,0.0000,0.00,"",79056,79023,0,PHƯƠNG MI-PM-11-2025-2,"",SX THEO DON HANG,0.00,26.00,2026-06-02 08:21:46.600,2026-06-03 10:44:03.073,2026-06-02 00:00:00.000,2026-06-03 00:00:00.000,KK0002.06/26,XB0010.06/26,0,"",""
FB00029,A0200003698313PX,TP20,SPM124,DCM08,1690.00,2070.00,1120.00,tấm,"1800029200001466580001",A0200001466580WO,A0200000404389WO,WB2606-0001,IFD20-H55 TRẮNG,IFD20-H55H55,IFD20-H55,H55,"",B6,IFD20-H55H55,3.9180,1.0000,3.9180,1.0000,0.0000,0.00,"",79056,79023,0,PHƯƠNG MI-PM-11-2025-1,"",SX THEO DON HANG,0.00,6.00,2026-06-02 08:21:46.583,2026-06-02 14:48:12.783,2026-06-02 00:00:00.000,2026-06-02 00:00:00.000,KK0002.06/26,XB0008.06/26,0,"",""
FB00029,A0200003698314PX,TP20,SPM124,DCM08,1690.00,2070.00,1120.00,tấm,"1800029200001466580002",A0200001466580WO,A0200000404389WO,WB2606-0001,IFD20-H55 TRẮNG,IFD20-H55H55,IFD20-H55,H55,"",B6,IFD20-H55H55,3.9180,1.0000,3.9180,1.0000,0.0000,0.00,"",79056,79023,0,PHƯƠNG MI-PM-11-2025-1,"",SX THEO DON HANG,0.00,6.00,2026-06-02 08:21:46.567,2026-06-02 14:48:12.790,2026-06-02 00:00:00.000,2026-06-02 00:00:00.000,KK0002.06/26,XB0008.06/26,0,"",""
FB00029,A0200003698316PX,TP20,SPM124,DCM08,1180.00,2070.00,1130.00,tấm,"1800029200001466581001",A0200001466581WO,A0200000404389WO,WB2606-0001,IFD20-H55 TRẮNG,IFD20-H55H55,IFD20-H55,H55,"",B6,IFD20-H55H55,2.7600,1.0000,2.7600,1.0000,0.0000,0.00,"",79056,79023,0,PHƯƠNG MI-PM-11-2025-1,"",SX THEO DON HANG,0.00,6.00,2026-06-02 08:21:46.530,2026-06-02 14:48:12.807,2026-06-02 00:00:00.000,2026-06-02 00:00:00.000,KK0002.06/26,XB0008.06/26,0,"",""
FB00029,A0200003698315PX,TP20,SPM124,DCM08,1180.00,2070.00,1130.00,tấm,"1800029200001466581002",A0200001466581WO,A0200000404389WO,WB2606-0001,IFD20-H55 TRẮNG,IFD20-H55H55,IFD20-H55,H55,"",B6,IFD20-H55H55,2.7600,1.0000,2.7600,1.0000,0.0000,0.00,"",79056,79023,0,PHƯƠNG MI-PM-11-2025-1,"",SX THEO DON HANG,0.00,6.00,2026-06-02 08:21:46.550,2026-06-02 14:48:12.797,2026-06-02 00:00:00.000,2026-06-02 00:00:00.000,KK0002.06/26,XB0008.06/26,0,"",""
FB00029,A0200003698317PX,TP20,SPM124,DCM08,1170.00,2070.00,1120.00,tấm,"1800029200001466581003",A0200001466581WO,A0200000404389WO,WB2606-0001,IFD20-H55 TRẮNG,IFD20-H55H55,IFD20-H55,H55,"",B6,IFD20-H55H55,2.7130,1.0000,2.7130,1.0000,0.0000,0.00,"",79056,79023,0,PHƯƠNG MI-PM-11-2025-1,"",SX THEO DON HANG,0.00,6.00,2026-06-02 08:21:46.510,2026-06-02 14:48:12.813,2026-06-02 00:00:00.000,2026-06-02 00:00:00.000,KK0002.06/26,XB0008.06/26,0,"",""
FB00029,A0200003698318PX,TP20,SPM124,DCM08,1190.00,2070.00,1120.00,tấm,"1800029200001466581004",A0200001466581WO,A0200000404389WO,WB2606-0001,IFD20-H55 TRẮNG,IFD20-H55H55,IFD20-H55,H55,"",B6,IFD20-H55H55,2.7590,1.0000,2.7590,1.0000,0.0000,0.00,"",79056,79023,0,PHƯƠNG MI-PM-11-2025-1,"",SX THEO DON HANG,0.00,6.00,2026-06-02 08:21:46.493,2026-06-02 14:48:12.820,2026-06-02 00:00:00.000,2026-06-02 00:00:00.000,KK0002.06/26,XB0008.06/26,0,"",""
FB00029,A0200003698319PX,TP20,SPM124,DCM08,1630.00,2070.00,1120.00,tấm,"1800029200001466582001",A0200001466582WO,A0200000404389WO,WB2606-0001,IFD20-H55 TRẮNG,IFD20-H55H55,IFD20-H55,H55,"",B6,IFD20-H55H55,3.7790,1.0000,3.7790,1.0000,0.0000,0.00,"",79056,79023,0,PHƯƠNG MI-PM-11-2025-1,"",SX THEO DON HANG,0.00,6.00,2026-06-02 08:21:46.480,2026-06-02 14:48:12.830,2026-06-02 00:00:00.000,2026-06-02 00:00:00.000,KK0002.06/26,XB0008.06/26,0,"",""
FB00029,A0200003699340PX,TP20,SPM124,DCM08,1550.00,2070.00,1130.00,tấm,"1800029200001466583001",A0200001466583WO,A0200000404389WO,WB2606-0001,IFD20-H55 TRẮNG,IFD20-H55H55,IFD20-H55,H55,"",B6,IFD20-H55H55,3.6260,1.0000,3.6260,1.0000,0.0000,0.00,"",79056,79023,0,PHƯƠNG MI-PM-11-2025-2,"",SX THEO DON HANG,0.00,26.00,2026-06-02 08:21:46.463,2026-06-03 10:44:02.957,2026-06-02 00:00:00.000,2026-06-03 00:00:00.000,KK0002.06/26,XB0010.06/26,0,"",""
FB00029,A0200003698320PX,TP20,SPM124,DCM08,2240.00,2070.00,1140.00,tấm,"1800029200001466584001",A0200001466584WO,A0200000404389WO,WB2606-0001,IFD20-H55 TRẮNG,IFD20-H55H55,IFD20-H55,H55,"",B6,IFD20-H55H55,5.2860,1.0000,5.2860,1.0000,0.0000,0.00,"",79056,79023,0,PHƯƠNG MI-PM-11-2025-1,"",SX THEO DON HANG,0.00,6.00,2026-06-02 08:21:46.443,2026-06-02 14:48:12.837,2026-06-02 00:00:00.000,2026-06-02 00:00:00.000,KK0002.06/26,XB0008.06/26,0,"",""
FB00029,A0200003698321PX,TP20,SPM124,DCM08,2170.00,2070.00,1150.00,tấm,"1800029200001466585001",A0200001466585WO,A0200000404389WO,WB2606-0001,IFD20-H55 TRẮNG,IFD20-H55H55,IFD20-H55,H55,"",B6,IFD20-H55H55,5.1660,1.0000,5.1660,1.0000,0.0000,0.00,"",79056,79023,0,PHƯƠNG MI-PM-11-2025-1,"",SX THEO DON HANG,0.00,6.00,2026-06-02 08:21:46.427,2026-06-02 14:48:12.843,2026-06-02 00:00:00.000,2026-06-02 00:00:00.000,KK0002.06/26,XB0008.06/26,0,"",""
FB00029,A0200003698322PX,TP20,SPM124,DCM08,2190.00,2070.00,1180.00,tấm,"1800029200001466586001",A0200001466586WO,A0200000404389WO,WB2606-0001,IFD20-H55 TRẮNG,IFD20-H55H55,IFD20-H55,H55,"",B6,IFD20-H55H55,5.3490,1.0000,5.3490,1.0000,0.0000,0.00,"",79056,79023,0,PHƯƠNG MI-PM-11-2025-1,"",SX THEO DON HANG,0.00,6.00,2026-06-02 08:21:46.407,2026-06-02 14:48:12.853,2026-06-02 00:00:00.000,2026-06-02 00:00:00.000,KK0002.06/26,XB0008.06/26,0,"",""
FB00029,A0200003699755PX,TP20,SPM124,DCM08,1820.00,2070.00,850.00,tấm,"1800029200001466636001",A0200001466636WO,A0200000404472WO,WB2606-0002,IFD20-H55 TRẮNG,IFD20-H55H55,IFD20-H55,H55,"",B6,IFD20-H55H55,3.2020,1.0000,3.2020,1.0000,0.0000,0.00,"",79056,79023,0,"","",SX THEO DON HANG,0.00,77.00,2026-06-02 08:21:46.313,2026-06-05 13:49:52.737,2026-06-02 00:00:00.000,2026-06-05 00:00:00.000,KK0002.06/26,XB0015.06/26,0,"",""
FB00029,A0200003699753PX,TP20,SPM124,DCM08,2230.00,2070.00,1080.00,tấm,"1800029200001466637001",A0200001466637WO,A0200000404472WO,WB2606-0002,IFD20-H55 TRẮNG,IFD20-H55H55,IFD20-H55,H55,"",B6,IFD20-H55H55,4.9850,1.0000,4.9850,1.0000,0.0000,0.00,"",79056,79023,0,"","",SX THEO DON HANG,0.00,77.00,2026-06-02 08:21:46.360,2026-06-05 13:49:52.673,2026-06-02 00:00:00.000,2026-06-05 00:00:00.000,KK0002.06/26,XB0015.06/26,0,"",""
FB00029,A0200003700451PX,TP20,SPM124,DCM08,1850.00,2180.00,990.00,tấm,"1800029200001467880001",A0200001467880WO,A0200000404850WO,WB2606-0009,IFD20-H55 TRẮNG,IFD20-H55H55,IFD20-H55,H55,"",B6-7,IFD20-H55H55,3.9930,1.0000,3.9930,1.0000,0.0000,0.00,"",79056,79023,0,HẢIĐĂNG-HĐ-0406-1,"",SX THEO DON HANG,0.00,4.00,2026-06-10 10:11:43.007,2026-06-10 14:39:45.160,2026-06-10 00:00:00.000,2026-06-10 00:00:00.000,KK0007.06/26,XB0024.06/26,0,"",""
FB00029,A0200003700450PX,TP20,SPM124,DCM08,1290.00,2180.00,1070.00,tấm,"1800029200001467881001",A0200001467881WO,A0200000404850WO,WB2606-0009,IFD20-H55 TRẮNG,IFD20-H55H55,IFD20-H55,H55,"",B6-7,IFD20-H55H55,3.0090,1.0000,3.0090,1.0000,0.0000,0.00,"",79056,79023,0,HẢIĐĂNG-HĐ-0406-1,"",SX THEO DON HANG,0.00,4.00,2026-06-10 10:11:42.960,2026-06-10 14:39:45.123,2026-06-10 00:00:00.000,2026-06-10 00:00:00.000,KK0007.06/26,XB0024.06/26,0,"",""
FB00029,A0200003700440PX,TP20,SPM124,DCM08,1790.00,2180.00,1100.00,tấm,"1800029200001467882001",A0200001467882WO,A0200000404850WO,WB2606-0009,IFD20-H55 TRẮNG,IFD20-H55H55,IFD20-H55,H55,"",B6-7,IFD20-H55H55,4.2920,1.0000,4.2920,1.0000,0.0000,0.00,"",79056,79023,0,PHƯƠNG MI-PM-13-1,"",SX THEO DON HANG,0.00,0.00,2026-06-10 10:11:42.943,2026-06-10 10:27:11.167,2026-06-10 00:00:00.000,2026-06-09 00:00:00.000,KK0007.06/26,XB0022.06/26,0,"",""
FB00029,A0200003700441PX,TP20,SPM124,DCM08,1990.00,2180.00,1130.00,tấm,"1800029200001467883001",A0200001467883WO,A0200000404850WO,WB2606-0009,IFD20-H55 TRẮNG,IFD20-H55H55,IFD20-H55,H55,"",B6-7,IFD20-H55H55,4.9020,1.0000,4.9020,1.0000,0.0000,0.00,"",79056,79023,0,PHƯƠNG MI-PM-13-1,"",SX THEO DON HANG,0.00,0.00,2026-06-10 10:11:42.927,2026-06-10 10:27:11.177,2026-06-10 00:00:00.000,2026-06-09 00:00:00.000,KK0007.06/26,XB0022.06/26,0,"",""
FB00029,A0200003700442PX,TP20,SPM124,DCM08,1580.00,2180.00,1140.00,tấm,"1800029200001467884001",A0200001467884WO,A0200000404850WO,WB2606-0009,IFD20-H55 TRẮNG,IFD20-H55H55,IFD20-H55,H55,"",B6-7,IFD20-H55H55,3.9270,1.0000,3.9270,1.0000,0.0000,0.00,"",79056,79023,0,PHƯƠNG MI-PM-13-1,"",SX THEO DON HANG,0.00,0.00,2026-06-10 10:11:42.910,2026-06-10 10:27:11.190,2026-06-10 00:00:00.000,2026-06-09 00:00:00.000,KK0007.06/26,XB0022.06/26,0,"",""
FB00029,A0200003702627PX,TP20,SPM124,DCM08,1570.00,2180.00,1140.00,tấm,"1800029200001467885001",A0200001467885WO,A0200000404850WO,WB2606-0009,IFD20-H55 TRẮNG,IFD20-H55H55,IFD20-H55,H55,"",B6-7,IFD20-H55H55,3.9020,1.0000,3.9020,1.0000,0.0000,0.00,"",79056,79023,0,PHƯƠNG MI-PM-13-1,"",SX THEO DON HANG,0.00,244.00,2026-06-10 10:11:42.893,2026-06-20 14:23:40.530,2026-06-10 00:00:00.000,2026-06-20 00:00:00.000,KK0007.06/26,XB0045.06/26,0,"",""
FB00029,A0200003702614PX,TP20,SPM124,DCM08,1900.00,2180.00,1130.00,tấm,"1800029200001467886001",A0200001467886WO,A0200000404850WO,WB2606-0009,IFD20-H55 TRẮNG,IFD20-H55H55,IFD20-H55,H55,"",B6-7,IFD20-H55H55,4.6800,1.0000,4.6800,1.0000,0.0000,0.00,"",79056,79023,0,PHƯƠNG MI-PM-13-1,"",SX THEO DON HANG,0.00,243.00,2026-06-10 10:11:42.877,2026-06-20 13:43:25.467,2026-06-10 00:00:00.000,2026-06-19 00:00:00.000,KK0007.06/26,XB0043.06/26,0,"",""
FB00029,A0200003701111PX,TP20,SPM124,DCM08,1810.00,2180.00,1120.00,tấm,"1800029200001467887001",A0200001467887WO,A0200000404850WO,WB2606-0009,IFD20-H55 TRẮNG,IFD20-H55H55,IFD20-H55,H55,"",B6-7,IFD20-H55H55,4.4190,1.0000,4.4190,1.0000,0.0000,0.00,"",79056,79023,0,MEKONG-MEKTEX-22-2025,"",SX THEO DON HANG,0.00,72.00,2026-06-10 10:11:42.833,2026-06-13 10:17:20.950,2026-06-10 00:00:00.000,2026-06-12 00:00:00.000,KK0007.06/26,XB0028.06/26,0,"",""
FB00029,A0200003701108PX,TP20,SPM124,DCM08,1810.00,2180.00,1110.00,tấm,"1800029200001467887002",A0200001467887WO,A0200000404850WO,WB2606-0009,IFD20-H55 TRẮNG,IFD20-H55H55,IFD20-H55,H55,"",B6-7,IFD20-H55H55,4.3800,1.0000,4.3800,1.0000,0.0000,0.00,"",79056,79023,0,MEKONG-MEKTEX-22-2025,"",SX THEO DON HANG,0.00,72.00,2026-06-10 10:11:42.783,2026-06-13 10:17:20.907,2026-06-10 00:00:00.000,2026-06-12 00:00:00.000,KK0007.06/26,XB0028.06/26,0,"",""
FB00029,A0200003701107PX,TP20,SPM124,DCM08,1800.00,2180.00,1090.00,tấm,"1800029200001467887003",A0200001467887WO,A0200000404850WO,WB2606-0009,IFD20-H55 TRẮNG,IFD20-H55H55,IFD20-H55,H55,"",B6-7,IFD20-H55H55,4.2770,1.0000,4.2770,1.0000,0.0000,0.00,"",79056,79023,0,MEKONG-MEKTEX-22-2025,"",SX THEO DON HANG,0.00,72.00,2026-06-10 10:11:42.770,2026-06-13 10:17:20.890,2026-06-10 00:00:00.000,2026-06-12 00:00:00.000,KK0007.06/26,XB0028.06/26,0,"",""
FB00029,A0200003701109PX,TP20,SPM124,DCM08,1800.00,2180.00,1120.00,tấm,"1800029200001467887004",A0200001467887WO,A0200000404850WO,WB2606-0009,IFD20-H55 TRẮNG,IFD20-H55H55,IFD20-H55,H55,"",B6-7,IFD20-H55H55,4.3950,1.0000,4.3950,1.0000,0.0000,0.00,"",79056,79023,0,MEKONG-MEKTEX-22-2025,"",SX THEO DON HANG,0.00,72.00,2026-06-10 10:11:42.800,2026-06-13 10:17:20.920,2026-06-10 00:00:00.000,2026-06-12 00:00:00.000,KK0007.06/26,XB0028.06/26,0,"",""
FB00029,A0200003701110PX,TP20,SPM124,DCM08,1800.00,2180.00,1120.00,tấm,"1800029200001467887005",A0200001467887WO,A0200000404850WO,WB2606-0009,IFD20-H55 TRẮNG,IFD20-H55H55,IFD20-H55,H55,"",B6-7,IFD20-H55H55,4.3950,1.0000,4.3950,1.0000,0.0000,0.00,"",79056,79023,0,MEKONG-MEKTEX-22-2025,"",SX THEO DON HANG,0.00,72.00,2026-06-10 10:11:42.817,2026-06-13 10:17:20.937,2026-06-10 00:00:00.000,2026-06-12 00:00:00.000,KK0007.06/26,XB0028.06/26,0,"",""
FB00029,A0200003701106PX,TP20,SPM124,DCM08,2040.00,2180.00,1010.00,tấm,"1800029200001467888001",A0200001467888WO,A0200000404850WO,WB2606-0009,IFD20-H55 TRẮNG,IFD20-H55H55,IFD20-H55,H55,"",B6-7,IFD20-H55H55,4.4920,1.0000,4.4920,1.0000,0.0000,0.00,"",79056,79023,0,MEKONG-MEKTEX-22-2025,"",SX THEO DON HANG,0.00,72.00,2026-06-10 10:11:42.737,2026-06-13 10:17:19.693,2026-06-10 00:00:00.000,2026-06-12 00:00:00.000,KK0007.06/26,XB0028.06/26,0,"",""
FB00029,A0200003700459PX,TP20,SPM124,DCM08,2050.00,2180.00,1090.00,tấm,"1800029200001467888002",A0200001467888WO,A0200000404850WO,WB2606-0009,IFD20-H55 TRẮNG,IFD20-H55H55,IFD20-H55,H55,"",B6-7,IFD20-H55H55,4.8710,1.0000,4.8710,1.0000,0.0000,0.00,"",79056,79023,0,MEKONG-MEKTEX-22-2025,"",SX THEO DON HANG,0.00,4.00,2026-06-10 10:11:42.750,2026-06-10 14:39:45.390,2026-06-10 00:00:00.000,2026-06-10 00:00:00.000,KK0007.06/26,XB0024.06/26,0,"",""
FB00029,A0200003701568PX,TP20,SPM124,DCM08,1700.00,1850.00,1140.00,tấm,"1800029200001468701001",A0200001468701WO,A0200000405074WO,WB2606-0015,IFD20-H55 TRẮNG,IFD20-H55H55,IFD20-H55,H55,"",B10,IFD20-H55H55,3.5850,1.0000,3.5850,1.0000,0.0000,0.00,"",79056,79023,0,PHƯƠNG MI-PM-14-2025-2,"",SX THEO DON HANG,0.00,23.00,2026-06-15 12:44:59.840,2026-06-16 11:24:01.730,2026-06-15 00:00:00.000,2026-06-16 00:00:00.000,KK0010.06/26,XB0035.06/26,0,"",""
FB00029,A0200003701569PX,TP20,SPM124,DCM08,1780.00,1850.00,1140.00,tấm,"1800029200001468702001",A0200001468702WO,A0200000405074WO,WB2606-0015,IFD20-H55 TRẮNG,IFD20-H55H55,IFD20-H55,H55,"",B10,IFD20-H55H55,3.7540,1.0000,3.7540,1.0000,0.0000,0.00,"",79056,79023,0,PHƯƠNG MI-PM-14-2025-2,"",SX THEO DON HANG,0.00,23.00,2026-06-15 12:44:59.843,2026-06-16 11:24:01.737,2026-06-15 00:00:00.000,2026-06-16 00:00:00.000,KK0010.06/26,XB0035.06/26,0,"",""
FB00029,A0200003701571PX,TP20,SPM124,DCM08,1780.00,1850.00,1140.00,tấm,"1800029200001468702002",A0200001468702WO,A0200000405074WO,WB2606-0015,IFD20-H55 TRẮNG,IFD20-H55H55,IFD20-H55,H55,"",B10,IFD20-H55H55,3.7540,1.0000,3.7540,1.0000,0.0000,0.00,"",79056,79023,0,PHƯƠNG MI-PM-14-2025-2,"",SX THEO DON HANG,0.00,23.00,2026-06-15 12:44:59.857,2026-06-16 11:24:01.747,2026-06-15 00:00:00.000,2026-06-16 00:00:00.000,KK0010.06/26,XB0035.06/26,0,"",""
FB00029,A0200003701570PX,TP20,SPM124,DCM08,1780.00,1850.00,1140.00,tấm,"1800029200001468702003",A0200001468702WO,A0200000405074WO,WB2606-0015,IFD20-H55 TRẮNG,IFD20-H55H55,IFD20-H55,H55,"",B10,IFD20-H55H55,3.7540,1.0000,3.7540,1.0000,0.0000,0.00,"",79056,79023,0,PHƯƠNG MI-PM-14-2025-2,"",SX THEO DON HANG,0.00,23.00,2026-06-15 12:44:59.850,2026-06-16 11:24:01.740,2026-06-15 00:00:00.000,2026-06-16 00:00:00.000,KK0010.06/26,XB0035.06/26,0,"",""
FB00029,A0200003701564PX,TP20,SPM124,DCM08,2190.00,1850.00,1140.00,tấm,"1800029200001468703001",A0200001468703WO,A0200000405074WO,WB2606-0015,IFD20-H55 TRẮNG,IFD20-H55H55,IFD20-H55,H55,"",B10,IFD20-H55H55,4.6190,1.0000,4.6190,1.0000,0.0000,0.00,"",79056,79023,0,PHƯƠNG MI-PM-14-2025-2,"",SX THEO DON HANG,0.00,23.00,2026-06-15 12:44:59.867,2026-06-16 11:24:01.620,2026-06-15 00:00:00.000,2026-06-16 00:00:00.000,KK0010.06/26,XB0035.06/26,0,"",""
FB00029,A0200003701563PX,TP20,SPM124,DCM08,2170.00,1850.00,1140.00,tấm,"1800029200001468703002",A0200001468703WO,A0200000405074WO,WB2606-0015,IFD20-H55 TRẮNG,IFD20-H55H55,IFD20-H55,H55,"",B10,IFD20-H55H55,4.5770,1.0000,4.5770,1.0000,0.0000,0.00,"",79056,79023,0,PHƯƠNG MI-PM-14-2025-2,"",SX THEO DON HANG,0.00,23.00,2026-06-15 12:44:59.860,2026-06-16 11:24:01.610,2026-06-15 00:00:00.000,2026-06-16 00:00:00.000,KK0010.06/26,XB0035.06/26,0,"",""
FB00029,A0200003701561PX,TP20,SPM124,DCM08,2190.00,1850.00,1120.00,tấm,"1800029200001468704001",A0200001468704WO,A0200000405074WO,WB2606-0015,IFD20-H55 TRẮNG,IFD20-H55H55,IFD20-H55,H55,"",B10,IFD20-H55H55,4.5380,1.0000,4.5380,1.0000,0.0000,0.00,"",79056,79023,0,PHƯƠNG MI-PM-14-2025-2,"",SX THEO DON HANG,0.00,23.00,2026-06-15 12:44:59.873,2026-06-16 11:24:00.187,2026-06-15 00:00:00.000,2026-06-16 00:00:00.000,KK0010.06/26,XB0035.06/26,0,"",""
FB00029,A0200003702626PX,TP20,SPM124,DCM08,1960.00,1850.00,890.00,tấm,"1800029200001468705001",A0200001468705WO,A0200000405074WO,WB2606-0015,IFD20-H55 TRẮNG,IFD20-H55H55,IFD20-H55,H55,"",B10,IFD20-H55H55,3.2270,1.0000,3.2270,1.0000,0.0000,0.00,"",79056,79023,0,PHƯƠNG MI-PM-14-2025-2,"",SX THEO DON HANG,0.00,122.00,2026-06-15 12:44:59.950,2026-06-20 14:23:40.490,2026-06-15 00:00:00.000,2026-06-20 00:00:00.000,KK0010.06/26,XB0045.06/26,0,"",""
FB00029,A0200003701565PX,TP20,SPM124,DCM08,1980.00,1850.00,1050.00,tấm,"1800029200001468705002",A0200001468705WO,A0200000405074WO,WB2606-0015,IFD20-H55 TRẮNG,IFD20-H55H55,IFD20-H55,H55,"",B10,IFD20-H55H55,3.8460,1.0000,3.8460,1.0000,0.0000,0.00,"",79056,79023,0,PHƯƠNG MI-PM-14-2025-2,"",SX THEO DON HANG,0.00,23.00,2026-06-15 12:44:59.887,2026-06-16 11:24:01.630,2026-06-15 00:00:00.000,2026-06-16 00:00:00.000,KK0010.06/26,XB0035.06/26,0,"",""
FB00029,A0200003701562PX,TP20,SPM124,DCM08,1970.00,1850.00,1120.00,tấm,"1800029200001468705003",A0200001468705WO,A0200000405074WO,WB2606-0015,IFD20-H55 TRẮNG,IFD20-H55H55,IFD20-H55,H55,"",B10,IFD20-H55H55,4.0820,1.0000,4.0820,1.0000,0.0000,0.00,"",79056,79023,0,PHƯƠNG MI-PM-14-2025-2,"",SX THEO DON HANG,0.00,23.00,2026-06-15 12:44:59.880,2026-06-16 11:24:01.590,2026-06-15 00:00:00.000,2026-06-16 00:00:00.000,KK0010.06/26,XB0035.06/26,0,"",""
FB00029,A0200003709017PX,TP20,SPM124,DCM08,1350.00,1850.00,1080.00,tấm,"1800029200001469005001",A0200001469005WO,A0200000405167WO,WB2606-0016,IFD20-H55 TRẮNG,IFD20-H55H55,IFD20-H55,H55,"",B10,IFD20-H55H55,2.6970,1.0000,2.6970,1.0000,0.0000,0.00,"",79056,79023,0,"","",SX THEO DON HANG,0.00,700.00,2026-06-15 12:44:59.960,2026-07-14 16:04:03.500,2026-06-15 00:00:00.000,2026-07-01 00:00:00.000,KK0010.06/26,XB0003.07/26,0,"",""
FB00029,A0200003704001PX,TP20,SPM124,DCM08,1990.00,1850.00,1030.00,tấm,"1800029200001469006001",A0200001469006WO,A0200000405167WO,WB2606-0016,IFD20-H55 TRẮNG,IFD20-H55H55,IFD20-H55,H55,"",B10,IFD20-H55H55,3.7920,1.0000,3.7920,1.0000,0.0000,0.00,"",79056,79023,0,"","",SX THEO DON HANG,0.00,239.00,2026-06-15 12:44:59.920,2026-06-25 11:14:20.780,2026-06-15 00:00:00.000,2026-06-25 00:00:00.000,KK0010.06/26,XB0054.06/26,0,"",""
FB00029,A0200003704003PX,TP20,SPM124,DCM08,1070.00,1850.00,730.00,tấm,"1800029200001469007001",A0200001469007WO,A0200000405167WO,WB2606-0016,IFD20-H55 TRẮNG,IFD20-H55H55,IFD20-H55,H55,"",B10,IFD20-H55H55,1.4450,1.0000,1.4450,1.0000,0.0000,0.00,"",79056,79023,0,"","",SX THEO DON HANG,0.00,239.00,2026-06-15 12:44:59.953,2026-06-25 11:14:20.860,2026-06-15 00:00:00.000,2026-06-25 00:00:00.000,KK0010.06/26,XB0054.06/26,0,"",""
FB00029,A0200003704294PX,TP20,SPM124,DCM08,1840.00,1990.00,1080.00,tấm,"1800029200001470825001",A0200001470825WO,A0200000405774WO,WB2606-0027,IFD20-H55 TRẮNG,IFD20-H55H55,IFD20-H55,H55,"",B9,IFD20-H55H55,3.9550,1.0000,3.9550,1.0000,0.0000,0.00,"",79056,79023,0,MEKONG-MEKTEX-PO 17-V3-3,"",SX THEO ĐƠN HÀNG,0.00,24.00,2026-06-25 15:17:17.657,2026-06-26 15:00:10.823,2026-06-25 00:00:00.000,2026-06-26 00:00:00.000,KK0017.06/26,XB0056.06/26,0,"",""
FB00029,A0200003704296PX,TP20,SPM124,DCM08,1800.00,1990.00,1100.00,tấm,"1800029200001470825002",A0200001470825WO,A0200000405774WO,WB2606-0027,IFD20-H55 TRẮNG,IFD20-H55H55,IFD20-H55,H55,"",B9,IFD20-H55H55,3.9400,1.0000,3.9400,1.0000,0.0000,0.00,"",79056,79023,0,MEKONG-MEKTEX-PO 17-V3-3,"",SX THEO ĐƠN HÀNG,0.00,24.00,2026-06-25 15:17:17.667,2026-06-26 15:00:12.230,2026-06-25 00:00:00.000,2026-06-26 00:00:00.000,KK0017.06/26,XB0056.06/26,0,"",""
FB00029,A0200003704372PX,TP20,SPM124,DCM08,1800.00,1990.00,1090.00,tấm,"1800029200001470826001",A0200001470826WO,A0200000405774WO,WB2606-0027,IFD20-H55 TRẮNG,IFD20-H55H55,IFD20-H55,H55,"",B9,IFD20-H55H55,3.9040,1.0000,3.9040,1.0000,0.0000,0.00,"",79056,79023,0,MEKONG-MEKTEX-PO 17-V3-2,"",SX THEO ĐƠN HÀNG,0.00,25.00,2026-06-25 15:17:17.653,2026-06-26 16:25:06.050,2026-06-25 00:00:00.000,2026-06-26 00:00:00.000,KK0017.06/26,XB0056.06/26,0,"",""
FB00029,A0200003704295PX,TP20,SPM124,DCM08,1840.00,1990.00,1110.00,tấm,"1800029200001470826002",A0200001470826WO,A0200000405774WO,WB2606-0027,IFD20-H55 TRẮNG,IFD20-H55H55,IFD20-H55,H55,"",B9,IFD20-H55H55,4.0640,1.0000,4.0640,1.0000,0.0000,0.00,"",79056,79023,0,MEKONG-MEKTEX-PO 17-V3-2,"",SX THEO ĐƠN HÀNG,0.00,24.00,2026-06-25 15:17:17.660,2026-06-26 15:00:12.203,2026-06-25 00:00:00.000,2026-06-26 00:00:00.000,KK0017.06/26,XB0056.06/26,0,"",""
FB00029,A0200003704122PX,TP20,SPM124,DCM08,2180.00,1990.00,1150.00,tấm,"1800029200001470827001",A0200001470827WO,A0200000405774WO,WB2606-0027,IFD20-H55 TRẮNG,IFD20-H55H55,IFD20-H55,H55,"",B9,IFD20-H55H55,4.9890,1.0000,4.9890,1.0000,0.0000,0.00,"",79056,79023,0,MEKONG-MEKTEX-PO 17-V3-1,"",SX THEO ĐƠN HÀNG,0.00,0.00,2026-06-25 15:17:17.677,2026-06-25 15:53:32.330,2026-06-25 00:00:00.000,2026-06-25 00:00:00.000,KK0017.06/26,XB0054.06/26,0,"",""
FB00029,A0200003704124PX,TP20,SPM124,DCM08,2200.00,1990.00,1140.00,tấm,"1800029200001470827002",A0200001470827WO,A0200000405774WO,WB2606-0027,IFD20-H55 TRẮNG,IFD20-H55H55,IFD20-H55,H55,"",B9,IFD20-H55H55,4.9910,1.0000,4.9910,1.0000,0.0000,0.00,"",79056,79023,0,MEKONG-MEKTEX-PO 17-V3-1,"",SX THEO ĐƠN HÀNG,0.00,0.00,2026-06-25 15:17:17.687,2026-06-25 15:53:32.350,2026-06-25 00:00:00.000,2026-06-25 00:00:00.000,KK0017.06/26,XB0054.06/26,0,"",""
FB00029,A0200003704121PX,TP20,SPM124,DCM08,2200.00,1990.00,1110.00,tấm,"1800029200001470827003",A0200001470827WO,A0200000405774WO,WB2606-0027,IFD20-H55 TRẮNG,IFD20-H55H55,IFD20-H55,H55,"",B9,IFD20-H55H55,4.8600,1.0000,4.8600,1.0000,0.0000,0.00,"",79056,79023,0,MEKONG-MEKTEX-PO 17-V3-1,"",SX THEO ĐƠN HÀNG,0.00,0.00,2026-06-25 15:17:17.670,2026-06-25 15:53:32.317,2026-06-25 00:00:00.000,2026-06-25 00:00:00.000,KK0017.06/26,XB0054.06/26,0,"",""
FB00029,A0200003704123PX,TP20,SPM124,DCM08,2190.00,1990.00,1140.00,tấm,"1800029200001470827004",A0200001470827WO,A0200000405774WO,WB2606-0027,IFD20-H55 TRẮNG,IFD20-H55H55,IFD20-H55,H55,"",B9,IFD20-H55H55,4.9680,1.0000,4.9680,1.0000,0.0000,0.00,"",79056,79023,0,MEKONG-MEKTEX-PO 17-V3-1,"",SX THEO ĐƠN HÀNG,0.00,0.00,2026-06-25 15:17:17.680,2026-06-25 15:53:32.340,2026-06-25 00:00:00.000,2026-06-25 00:00:00.000,KK0017.06/26,XB0054.06/26,0,"",""
FB00029,A0200003704126PX,TP20,SPM124,DCM08,2180.00,1990.00,1130.00,tấm,"1800029200001470827005",A0200001470827WO,A0200000405774WO,WB2606-0027,IFD20-H55 TRẮNG,IFD20-H55H55,IFD20-H55,H55,"",B9,IFD20-H55H55,4.9020,1.0000,4.9020,1.0000,0.0000,0.00,"",79056,79023,0,MEKONG-MEKTEX-PO 17-V3-1,"",SX THEO ĐƠN HÀNG,0.00,0.00,2026-06-25 15:17:17.697,2026-06-25 15:53:32.370,2026-06-25 00:00:00.000,2026-06-25 00:00:00.000,KK0017.06/26,XB0054.06/26,0,"",""
FB00029,A0200003704125PX,TP20,SPM124,DCM08,2180.00,1990.00,1150.00,tấm,"1800029200001470827006",A0200001470827WO,A0200000405774WO,WB2606-0027,IFD20-H55 TRẮNG,IFD20-H55H55,IFD20-H55,H55,"",B9,IFD20-H55H55,4.9890,1.0000,4.9890,1.0000,0.0000,0.00,"",79056,79023,0,MEKONG-MEKTEX-PO 17-V3-1,"",SX THEO ĐƠN HÀNG,0.00,0.00,2026-06-25 15:17:17.690,2026-06-25 15:53:32.360,2026-06-25 00:00:00.000,2026-06-25 00:00:00.000,KK0017.06/26,XB0054.06/26,0,"",""
FB00029,A0200003709097PX,TP20,SPM124,DCM08,1220.00,1990.00,1080.00,tấm,"1800029200001470964001",A0200001470964WO,A0200000405829WO,WB2606-0028,IFD20-H55 TRẮNG,IFD20-H55H55,IFD20-H55,H55,"",B12,IFD20-H55H55,2.6220,1.0000,2.6220,1.0000,0.0000,0.00,"",79056,79023,0,"","",SX DƯ,0.00,428.00,2026-06-27 12:40:45.223,2026-07-15 08:15:15.443,2026-06-27 00:00:00.000,2026-07-14 00:00:00.000,KK0019.06/26,XB0030.07/26,0,"",""
FB00029,A0200003704592PX,TP20,SPM124,DCM08,1980.00,2180.00,1090.00,tấm,"1800029200001470967001",A0200001470967WO,A0200000405830WO,WB2606-0029,IFD20-H55 TRẮNG,IFD20-H55H55,IFD20-H55,H55,"","",IFD20-H55H55,4.7050,1.0000,4.7050,1.0000,0.0000,0.00,"",79056,79023,0,MEKONG-MEKTEX-PO 17-V3-5,"",SX THEO ĐƠN HÀNG,0.00,1.00,2026-06-27 12:40:45.097,2026-06-27 13:18:38.837,2026-06-27 00:00:00.000,2026-06-26 00:00:00.000,KK0019.06/26,XB0056.06/26,0,"",""
FB00029,A0200003704593PX,TP20,SPM124,DCM08,1980.00,2180.00,1090.00,tấm,"1800029200001470967002",A0200001470967WO,A0200000405830WO,WB2606-0029,IFD20-H55 TRẮNG,IFD20-H55H55,IFD20-H55,H55,"","",IFD20-H55H55,4.7050,1.0000,4.7050,1.0000,0.0000,0.00,"",79056,79023,0,MEKONG-MEKTEX-PO 17-V3-5,"",SX THEO ĐƠN HÀNG,0.00,1.00,2026-06-27 12:40:45.090,2026-06-27 13:18:38.853,2026-06-27 00:00:00.000,2026-06-26 00:00:00.000,KK0019.06/26,XB0056.06/26,0,"",""
FB00029,A0200003711008PX,TP20,SPM124,DCM08,1980.00,2180.00,1000.00,tấm,"1800029200001470967003",A0200001470967WO,A0200000405830WO,WB2606-0029,IFD20-H55 TRẮNG,IFD20-H55H55,IFD20-H55,H55,"","",IFD20-H55H55,8.6320,2.0000,4.3160,1.0000,4.3160,1.00,"",79056,79023,0,MEKONG-MEKTEX-PO 17-V3-5,Mút khô xốp,SX THEO ĐƠN HÀNG,0.00,597.00,2026-06-27 12:40:45.107,2026-07-22 09:48:34.697,2026-07-15 00:00:00.000,2026-07-15 00:00:00.000,XB0047.07/26,XB0047.07/26,0,"",RedColor
FB00029,A0200003704591PX,TP20,SPM124,DCM08,1970.00,2180.00,1060.00,tấm,"1800029200001470967004",A0200001470967WO,A0200000405830WO,WB2606-0029,IFD20-H55 TRẮNG,IFD20-H55H55,IFD20-H55,H55,"","",IFD20-H55H55,4.5520,1.0000,4.5520,1.0000,0.0000,0.00,"",79056,79023,0,MEKONG-MEKTEX-PO 17-V3-5,"",SX THEO ĐƠN HÀNG,0.00,1.00,2026-06-27 12:40:45.100,2026-06-27 13:18:38.830,2026-06-27 00:00:00.000,2026-06-26 00:00:00.000,KK0019.06/26,XB0056.06/26,0,"",""
FB00029,A0200003704599PX,TP20,SPM124,DCM08,1980.00,2180.00,1090.00,tấm,"1800029200001470967005",A0200001470967WO,A0200000405830WO,WB2606-0029,IFD20-H55 TRẮNG,IFD20-H55H55,IFD20-H55,H55,"","",IFD20-H55H55,4.7050,1.0000,4.7050,1.0000,0.0000,0.00,"",79056,79023,0,MEKONG-MEKTEX-PO 17-V3-5,"",SX THEO ĐƠN HÀNG,0.00,1.00,2026-06-27 12:40:45.080,2026-06-27 13:18:38.940,2026-06-27 00:00:00.000,2026-06-26 00:00:00.000,KK0019.06/26,XB0056.06/26,0,"",""
FB00029,A0200003704600PX,TP20,SPM124,DCM08,1970.00,2180.00,1070.00,tấm,"1800029200001470967006",A0200001470967WO,A0200000405830WO,WB2606-0029,IFD20-H55 TRẮNG,IFD20-H55H55,IFD20-H55,H55,"","",IFD20-H55H55,4.5950,1.0000,4.5950,1.0000,0.0000,0.00,"",79056,79023,0,MEKONG-MEKTEX-PO 17-V3-5,"",SX THEO ĐƠN HÀNG,0.00,1.00,2026-06-27 12:40:45.073,2026-06-27 13:18:38.953,2026-06-27 00:00:00.000,2026-06-26 00:00:00.000,KK0019.06/26,XB0056.06/26,0,"",""
FB00029,A0200003704594PX,TP20,SPM124,DCM08,1980.00,2180.00,1090.00,tấm,"1800029200001470967007",A0200001470967WO,A0200000405830WO,WB2606-0029,IFD20-H55 TRẮNG,IFD20-H55H55,IFD20-H55,H55,"","",IFD20-H55H55,4.7050,1.0000,4.7050,1.0000,0.0000,0.00,"",79056,79023,0,MEKONG-MEKTEX-PO 17-V3-5,"",SX THEO ĐƠN HÀNG,0.00,1.00,2026-06-27 12:40:45.083,2026-06-27 13:18:38.870,2026-06-27 00:00:00.000,2026-06-26 00:00:00.000,KK0019.06/26,XB0056.06/26,0,"",""
FB00029,A0200003704597PX,TP20,SPM124,DCM08,1990.00,2180.00,1070.00,tấm,"1800029200001470967008",A0200001470967WO,A0200000405830WO,WB2606-0029,IFD20-H55 TRẮNG,IFD20-H55H55,IFD20-H55,H55,"","",IFD20-H55H55,4.6420,1.0000,4.6420,1.0000,0.0000,0.00,"",79056,79023,0,MEKONG-MEKTEX-PO 17-V3-5,"",SX THEO ĐƠN HÀNG,0.00,1.00,2026-06-27 12:40:45.070,2026-06-27 13:18:38.910,2026-06-27 00:00:00.000,2026-06-26 00:00:00.000,KK0019.06/26,XB0056.06/26,0,"",""
FB00029,A0200003705079PX,TP20,SPM124,DCM08,1990.00,2180.00,1060.00,tấm,"1800029200001470968001",A0200001470968WO,A0200000405830WO,WB2606-0029,IFD20-H55 TRẮNG,IFD20-H55H55,IFD20-H55,H55,"","",IFD20-H55H55,4.5980,1.0000,4.5980,1.0000,0.0000,0.00,"",79056,79023,0,MEKONG-MEKTEX-PO 17-V3-4,"",SX THEO ĐƠN HÀNG,0.00,45.00,2026-06-27 12:40:45.060,2026-06-29 09:40:45.840,2026-06-27 00:00:00.000,2026-06-29 00:00:00.000,KK0019.06/26,XB0060.06/26,0,"",""
FB00029,A0200003705080PX,TP20,SPM124,DCM08,1980.00,2180.00,1060.00,tấm,"1800029200001470968002",A0200001470968WO,A0200000405830WO,WB2606-0029,IFD20-H55 TRẮNG,IFD20-H55H55,IFD20-H55,H55,"","",IFD20-H55H55,4.5750,1.0000,4.5750,1.0000,0.0000,0.00,"",79056,79023,0,MEKONG-MEKTEX-PO 17-V3-4,"",SX THEO ĐƠN HÀNG,0.00,45.00,2026-06-27 12:40:45.053,2026-06-29 09:40:45.850,2026-06-27 00:00:00.000,2026-06-29 00:00:00.000,KK0019.06/26,XB0060.06/26,0,"",""
FB00029,A0200003704598PX,TP20,SPM124,DCM08,1980.00,2180.00,1060.00,tấm,"1800029200001470968003",A0200001470968WO,A0200000405830WO,WB2606-0029,IFD20-H55 TRẮNG,IFD20-H55H55,IFD20-H55,H55,"","",IFD20-H55H55,4.5750,1.0000,4.5750,1.0000,0.0000,0.00,"",79056,79023,0,MEKONG-MEKTEX-PO 17-V3-4,"",SX THEO ĐƠN HÀNG,0.00,1.00,2026-06-27 12:40:45.063,2026-06-27 13:18:38.927,2026-06-27 00:00:00.000,2026-06-26 00:00:00.000,KK0019.06/26,XB0056.06/26,0,"",""
FB00029,A0200003705081PX,TP20,SPM124,DCM08,1980.00,2180.00,1060.00,tấm,"1800029200001470968004",A0200001470968WO,A0200000405830WO,WB2606-0029,IFD20-H55 TRẮNG,IFD20-H55H55,IFD20-H55,H55,"","",IFD20-H55H55,4.5750,1.0000,4.5750,1.0000,0.0000,0.00,"",79056,79023,0,MEKONG-MEKTEX-PO 17-V3-4,"",SX THEO ĐƠN HÀNG,0.00,45.00,2026-06-27 12:40:45.047,2026-06-29 09:40:45.867,2026-06-27 00:00:00.000,2026-06-29 00:00:00.000,KK0019.06/26,XB0060.06/26,0,"",""
FB00029,A0200003704602PX,TP20,SPM124,DCM08,1970.00,2180.00,1050.00,tấm,"1800029200001470968005",A0200001470968WO,A0200000405830WO,WB2606-0029,IFD20-H55 TRẮNG,IFD20-H55H55,IFD20-H55,H55,"","",IFD20-H55H55,4.5090,1.0000,4.5090,1.0000,0.0000,0.00,"",79056,79023,0,MEKONG-MEKTEX-PO 17-V3-4,"",SX THEO ĐƠN HÀNG,0.00,1.00,2026-06-27 12:40:45.030,2026-06-27 13:18:38.980,2026-06-27 00:00:00.000,2026-06-26 00:00:00.000,KK0019.06/26,XB0056.06/26,0,"",""
FB00029,A0200003705078PX,TP20,SPM124,DCM08,1980.00,2180.00,1050.00,tấm,"1800029200001470968006",A0200001470968WO,A0200000405830WO,WB2606-0029,IFD20-H55 TRẮNG,IFD20-H55H55,IFD20-H55,H55,"","",IFD20-H55H55,4.5320,1.0000,4.5320,1.0000,0.0000,0.00,"",79056,79023,0,MEKONG-MEKTEX-PO 17-V3-4,"",SX THEO ĐƠN HÀNG,0.00,45.00,2026-06-27 12:40:45.000,2026-06-29 09:40:44.587,2026-06-27 00:00:00.000,2026-06-29 00:00:00.000,KK0019.06/26,XB0060.06/26,0,"",""
FB00029,A0200003705082PX,TP20,SPM124,DCM08,1980.00,2180.00,1060.00,tấm,"1800029200001470968007",A0200001470968WO,A0200000405830WO,WB2606-0029,IFD20-H55 TRẮNG,IFD20-H55H55,IFD20-H55,H55,"","",IFD20-H55H55,4.5750,1.0000,4.5750,1.0000,0.0000,0.00,"",79056,79023,0,MEKONG-MEKTEX-PO 17-V3-4,"",SX THEO ĐƠN HÀNG,0.00,45.00,2026-06-27 12:40:45.043,2026-06-29 09:40:45.873,2026-06-27 00:00:00.000,2026-06-29 00:00:00.000,KK0019.06/26,XB0060.06/26,0,"",""
FB00029,A0200003704601PX,TP20,SPM124,DCM08,1970.00,2180.00,1060.00,tấm,"1800029200001470968008",A0200001470968WO,A0200000405830WO,WB2606-0029,IFD20-H55 TRẮNG,IFD20-H55H55,IFD20-H55,H55,"","",IFD20-H55H55,4.5520,1.0000,4.5520,1.0000,0.0000,0.00,"",79056,79023,0,MEKONG-MEKTEX-PO 17-V3-4,"",SX THEO ĐƠN HÀNG,0.00,1.00,2026-06-27 12:40:45.027,2026-06-27 13:18:38.967,2026-06-27 00:00:00.000,2026-06-26 00:00:00.000,KK0019.06/26,XB0056.06/26,0,"",""
FB00029,A0200003706750PX,TP20,SPM124,DCM08,1980.00,2180.00,1050.00,tấm,"1800029200001470969001",A0200001470969WO,A0200000405830WO,WB2606-0029,IFD20-H55 TRẮNG,IFD20-H55H55,IFD20-H55,H55,"","",IFD20-H55H55,4.5320,1.0000,4.5320,1.0000,0.0000,0.00,"",79056,79023,0,MEKONG-MEKTEX-PO 17-V3-3,"",SX THEO ĐƠN HÀNG,0.00,166.00,2026-06-27 12:40:45.007,2026-07-04 10:55:00.593,2026-06-27 00:00:00.000,2026-07-03 00:00:00.000,KK0019.06/26,XB0008.07/26,0,"",""
FB00029,A0200003706056PX,TP20,SPM124,DCM08,1980.00,2180.00,1060.00,tấm,"1800029200001470969002",A0200001470969WO,A0200000405830WO,WB2606-0029,IFD20-H55 TRẮNG,IFD20-H55H55,IFD20-H55,H55,"","",IFD20-H55H55,4.5750,1.0000,4.5750,1.0000,0.0000,0.00,"",79056,79023,0,MEKONG-MEKTEX-PO 17-V3-3,"",SX THEO ĐƠN HÀNG,0.00,98.00,2026-06-27 12:40:45.010,2026-07-01 14:26:15.443,2026-06-27 00:00:00.000,2026-07-01 00:00:00.000,KK0019.06/26,XB0002.07/26,0,"",""
FB00029,A0200003705083PX,TP20,SPM124,DCM08,1980.00,2180.00,1060.00,tấm,"1800029200001470969003",A0200001470969WO,A0200000405830WO,WB2606-0029,IFD20-H55 TRẮNG,IFD20-H55H55,IFD20-H55,H55,"","",IFD20-H55H55,4.5750,1.0000,4.5750,1.0000,0.0000,0.00,"",79056,79023,0,MEKONG-MEKTEX-PO 17-V3-3,"",SX THEO ĐƠN HÀNG,0.00,45.00,2026-06-27 12:40:45.037,2026-06-29 09:40:45.880,2026-06-27 00:00:00.000,2026-06-29 00:00:00.000,KK0019.06/26,XB0060.06/26,0,"",""
FB00029,A0200003706757PX,TP20,SPM124,DCM08,1970.00,2180.00,1060.00,tấm,"1800029200001470969004",A0200001470969WO,A0200000405830WO,WB2606-0029,IFD20-H55 TRẮNG,IFD20-H55H55,IFD20-H55,H55,"","",IFD20-H55H55,4.5520,1.0000,4.5520,1.0000,0.0000,0.00,"",79056,79023,0,MEKONG-MEKTEX-PO 17-V3-3,"",SX THEO ĐƠN HÀNG,0.00,166.00,2026-06-27 12:40:44.993,2026-07-04 10:55:00.697,2026-06-27 00:00:00.000,2026-07-03 00:00:00.000,KK0019.06/26,XB0008.07/26,0,"",""
FB00029,A0200003704595PX,TP20,SPM124,DCM08,1980.00,2180.00,1060.00,tấm,"1800029200001470969005",A0200001470969WO,A0200000405830WO,WB2606-0029,IFD20-H55 TRẮNG,IFD20-H55H55,IFD20-H55,H55,"","",IFD20-H55H55,4.5750,1.0000,4.5750,1.0000,0.0000,0.00,"",79056,79023,0,MEKONG-MEKTEX-PO 17-V3-3,"",SX THEO ĐƠN HÀNG,0.00,1.00,2026-06-27 12:40:45.017,2026-06-27 13:18:38.883,2026-06-27 00:00:00.000,2026-06-26 00:00:00.000,KK0019.06/26,XB0056.06/26,0,"",""
FB00029,A0200003704596PX,TP20,SPM124,DCM08,1980.00,2180.00,1070.00,tấm,"1800029200001470969006",A0200001470969WO,A0200000405830WO,WB2606-0029,IFD20-H55 TRẮNG,IFD20-H55H55,IFD20-H55,H55,"","",IFD20-H55H55,4.6190,1.0000,4.6190,1.0000,0.0000,0.00,"",79056,79023,0,MEKONG-MEKTEX-PO 17-V3-3,"",SX THEO ĐƠN HÀNG,0.00,1.00,2026-06-27 12:40:45.020,2026-06-27 13:18:38.900,2026-06-27 00:00:00.000,2026-06-26 00:00:00.000,KK0019.06/26,XB0056.06/26,0,"",""
FB00029,A0200003706756PX,TP20,SPM124,DCM08,1980.00,2180.00,1070.00,tấm,"1800029200001470970001",A0200001470970WO,A0200000405830WO,WB2606-0029,IFD20-H55 TRẮNG,IFD20-H55H55,IFD20-H55,H55,"","",IFD20-H55H55,4.6190,1.0000,4.6190,1.0000,0.0000,0.00,"",79056,79023,0,MEKONG-MEKTEX-PO 17-V3-2,"",SX THEO ĐƠN HÀNG,0.00,166.00,2026-06-27 12:40:44.990,2026-07-04 10:55:00.683,2026-06-27 00:00:00.000,2026-07-03 00:00:00.000,KK0019.06/26,XB0008.07/26,0,"",""
FB00029,A0200003706754PX,TP20,SPM124,DCM08,1970.00,2180.00,1070.00,tấm,"1800029200001470970002",A0200001470970WO,A0200000405830WO,WB2606-0029,IFD20-H55 TRẮNG,IFD20-H55H55,IFD20-H55,H55,"","",IFD20-H55H55,4.5950,1.0000,4.5950,1.0000,0.0000,0.00,"",79056,79023,0,MEKONG-MEKTEX-PO 17-V3-2,"",SX THEO ĐƠN HÀNG,0.00,166.00,2026-06-27 12:40:44.983,2026-07-04 10:55:00.663,2026-06-27 00:00:00.000,2026-07-03 00:00:00.000,KK0019.06/26,XB0008.07/26,0,"",""
FB00029,A0200003706054PX,TP20,SPM124,DCM08,1970.00,2180.00,1070.00,tấm,"1800029200001470970003",A0200001470970WO,A0200000405830WO,WB2606-0029,IFD20-H55 TRẮNG,IFD20-H55H55,IFD20-H55,H55,"","",IFD20-H55H55,4.5950,1.0000,4.5950,1.0000,0.0000,0.00,"",79056,79023,0,MEKONG-MEKTEX-PO 17-V3-2,"",SX THEO ĐƠN HÀNG,0.00,98.00,2026-06-27 12:40:44.973,2026-07-01 14:26:14.170,2026-06-27 00:00:00.000,2026-07-01 00:00:00.000,KK0019.06/26,XB0002.07/26,0,"",""
FB00029,A0200003706751PX,TP20,SPM124,DCM08,1960.00,2180.00,1070.00,tấm,"1800029200001470970004",A0200001470970WO,A0200000405830WO,WB2606-0029,IFD20-H55 TRẮNG,IFD20-H55H55,IFD20-H55,H55,"","",IFD20-H55H55,4.5720,1.0000,4.5720,1.0000,0.0000,0.00,"",79056,79023,0,MEKONG-MEKTEX-PO 17-V3-2,"",SX THEO ĐƠN HÀNG,0.00,166.00,2026-06-27 12:40:44.963,2026-07-04 10:55:00.603,2026-06-27 00:00:00.000,2026-07-03 00:00:00.000,KK0019.06/26,XB0008.07/26,0,"",""
FB00029,A0200003706755PX,TP20,SPM124,DCM08,1970.00,2180.00,1070.00,tấm,"1800029200001470970005",A0200001470970WO,A0200000405830WO,WB2606-0029,IFD20-H55 TRẮNG,IFD20-H55H55,IFD20-H55,H55,"","",IFD20-H55H55,4.5950,1.0000,4.5950,1.0000,0.0000,0.00,"",79056,79023,0,MEKONG-MEKTEX-PO 17-V3-2,"",SX THEO ĐƠN HÀNG,0.00,166.00,2026-06-27 12:40:44.980,2026-07-04 10:55:00.673,2026-06-27 00:00:00.000,2026-07-03 00:00:00.000,KK0019.06/26,XB0008.07/26,0,"",""
FB00029,A0200003706752PX,TP20,SPM124,DCM08,1980.00,2180.00,1070.00,tấm,"1800029200001470970006",A0200001470970WO,A0200000405830WO,WB2606-0029,IFD20-H55 TRẮNG,IFD20-H55H55,IFD20-H55,H55,"","",IFD20-H55H55,4.6190,1.0000,4.6190,1.0000,0.0000,0.00,"",79056,79023,0,MEKONG-MEKTEX-PO 17-V3-2,"",SX THEO ĐƠN HÀNG,0.00,166.00,2026-06-27 12:40:44.967,2026-07-04 10:55:00.617,2026-06-27 00:00:00.000,2026-07-03 00:00:00.000,KK0019.06/26,XB0008.07/26,0,"",""
FB00029,A0200003706753PX,TP20,SPM124,DCM08,1980.00,2180.00,1050.00,tấm,"1800029200001471175001",A0200001471175WO,A0200000405915WO,WB2606-0031,IFD20-H55 TRẮNG,IFD20-H55H55,IFD20-H55,H55,"","",IFD20-H55H55,4.5320,1.0000,4.5320,1.0000,0.0000,0.00,"",79056,79023,0,"","",SX DƯ,0.00,166.00,2026-06-27 12:40:44.957,2026-07-04 10:55:00.653,2026-06-27 00:00:00.000,2026-07-03 00:00:00.000,KK0019.06/26,XB0008.07/26,0,"",""
FB00029,A0200003707103PX,TP20,SPM124,DCM08,1970.00,2180.00,1060.00,tấm,"1800029200001472022001",A0200001472022WO,A0200000406203WO,WB2606-0036,IFD20-H55 TRẮNG,IFD20-H55H55,IFD20-H55,H55,"",B12,IFD20-H55H55,4.5520,1.0000,4.5520,1.0000,0.0000,0.00,"",79056,79023,0,MEKONG-MEKTEX-PO 17-V3-9,"",SX THEO ĐƠN HÀNG,0.00,143.00,2026-07-01 10:30:41.923,2026-07-07 09:33:48.497,2026-06-30 00:00:00.000,2026-07-07 00:00:00.000,KK0001.07/26,XB0015.07/26,0,"",""
FB00029,A0200003707765PX,TP20,SPM124,DCM08,1970.00,2180.00,1040.00,tấm,"1800029200001472022002",A0200001472022WO,A0200000406203WO,WB2606-0036,IFD20-H55 TRẮNG,IFD20-H55H55,IFD20-H55,H55,"",B12,IFD20-H55H55,4.4660,1.0000,4.4660,1.0000,0.0000,0.00,"",79056,79023,0,MEKONG-MEKTEX-PO 17-V3-9,"",SX THEO ĐƠN HÀNG,0.00,191.00,2026-07-01 10:30:42.003,2026-07-09 09:26:38.133,2026-06-30 00:00:00.000,2026-07-08 00:00:00.000,KK0001.07/26,XB0019.07/26,0,"",""
FB00029,A0200003708162PX,TP20,SPM124,DCM08,1970.00,2180.00,1070.00,tấm,"1800029200001472022003",A0200001472022WO,A0200000406203WO,WB2606-0036,IFD20-H55 TRẮNG,IFD20-H55H55,IFD20-H55,H55,"",B12,IFD20-H55H55,4.5950,1.0000,4.5950,1.0000,0.0000,0.00,"",79056,79023,0,MEKONG-MEKTEX-PO 17-V3-9,"",SX THEO ĐƠN HÀNG,0.00,217.00,2026-07-01 10:30:42.030,2026-07-10 11:19:11.963,2026-06-30 00:00:00.000,2026-07-10 00:00:00.000,KK0001.07/26,XB0024.07/26,0,"",""
FB00029,A0200003706111PX,TP20,SPM124,DCM08,1980.00,2180.00,1070.00,tấm,"1800029200001472022004",A0200001472022WO,A0200000406203WO,WB2606-0036,IFD20-H55 TRẮNG,IFD20-H55H55,IFD20-H55,H55,"",B12,IFD20-H55H55,4.6190,1.0000,4.6190,1.0000,0.0000,0.00,"",79056,79023,0,MEKONG-MEKTEX-PO 17-V3-9,"",SX THEO ĐƠN HÀNG,0.00,5.00,2026-07-01 10:30:41.960,2026-07-01 15:17:48.257,2026-06-30 00:00:00.000,2026-07-01 00:00:00.000,KK0001.07/26,XB0003.07/26,0,"",""
FB00029,A0200003708156PX,TP20,SPM124,DCM08,1980.00,2180.00,1060.00,tấm,"1800029200001472022005",A0200001472022WO,A0200000406203WO,WB2606-0036,IFD20-H55 TRẮNG,IFD20-H55H55,IFD20-H55,H55,"",B12,IFD20-H55H55,4.5750,1.0000,4.5750,1.0000,0.0000,0.00,"",79056,79023,0,MEKONG-MEKTEX-PO 17-V3-9,"",SX THEO ĐƠN HÀNG,0.00,217.00,2026-07-01 10:30:41.920,2026-07-10 11:19:10.670,2026-06-30 00:00:00.000,2026-07-10 00:00:00.000,KK0001.07/26,XB0024.07/26,0,"",""
FB00029,A0200003707769PX,TP20,SPM124,DCM08,1970.00,2180.00,1050.00,tấm,"1800029200001472022006",A0200001472022WO,A0200000406203WO,WB2606-0036,IFD20-H55 TRẮNG,IFD20-H55H55,IFD20-H55,H55,"",B12,IFD20-H55H55,4.5090,1.0000,4.5090,1.0000,0.0000,0.00,"",79056,79023,0,MEKONG-MEKTEX-PO 17-V3-9,"",SX THEO ĐƠN HÀNG,0.00,191.00,2026-07-01 10:30:42.000,2026-07-09 09:26:38.173,2026-06-30 00:00:00.000,2026-07-08 00:00:00.000,KK0001.07/26,XB0019.07/26,0,"",""
FB00029,A0200003708161PX,TP20,SPM124,DCM08,1980.00,2180.00,1050.00,tấm,"1800029200001472023001",A0200001472023WO,A0200000406203WO,WB2606-0036,IFD20-H55 TRẮNG,IFD20-H55H55,IFD20-H55,H55,"",B12,IFD20-H55H55,4.5320,1.0000,4.5320,1.0000,0.0000,0.00,"",79056,79023,0,MEKONG-MEKTEX-PO 17-V3-8,"",SX THEO ĐƠN HÀNG,0.00,217.00,2026-07-01 10:30:42.027,2026-07-10 11:19:11.760,2026-06-30 00:00:00.000,2026-07-10 00:00:00.000,KK0001.07/26,XB0024.07/26,0,"",""
FB00029,A0200003706112PX,TP20,SPM124,DCM08,1970.00,2180.00,1070.00,tấm,"1800029200001472023002",A0200001472023WO,A0200000406203WO,WB2606-0036,IFD20-H55 TRẮNG,IFD20-H55H55,IFD20-H55,H55,"",B12,IFD20-H55H55,4.5950,1.0000,4.5950,1.0000,0.0000,0.00,"",79056,79023,0,MEKONG-MEKTEX-PO 17-V3-8,"",SX THEO ĐƠN HÀNG,0.00,5.00,2026-07-01 10:30:41.953,2026-07-01 15:17:48.270,2026-06-30 00:00:00.000,2026-07-01 00:00:00.000,KK0001.07/26,XB0003.07/26,0,"",""
FB00029,A0200003707104PX,TP20,SPM124,DCM08,1980.00,2180.00,1060.00,tấm,"1800029200001472023003",A0200001472023WO,A0200000406203WO,WB2606-0036,IFD20-H55 TRẮNG,IFD20-H55H55,IFD20-H55,H55,"",B12,IFD20-H55H55,4.5750,1.0000,4.5750,1.0000,0.0000,0.00,"",79056,79023,0,MEKONG-MEKTEX-PO 17-V3-8,"",SX THEO ĐƠN HÀNG,0.00,143.00,2026-07-01 10:30:41.913,2026-07-07 09:33:48.503,2026-06-30 00:00:00.000,2026-07-07 00:00:00.000,KK0001.07/26,XB0015.07/26,0,"",""
FB00029,A0200003707766PX,TP20,SPM124,DCM08,1980.00,2180.00,1060.00,tấm,"1800029200001472023004",A0200001472023WO,A0200000406203WO,WB2606-0036,IFD20-H55 TRẮNG,IFD20-H55H55,IFD20-H55,H55,"",B12,IFD20-H55H55,4.5750,1.0000,4.5750,1.0000,0.0000,0.00,"",79056,79023,0,MEKONG-MEKTEX-PO 17-V3-8,"",SX THEO ĐƠN HÀNG,0.00,191.00,2026-07-01 10:30:41.997,2026-07-09 09:26:38.143,2026-06-30 00:00:00.000,2026-07-08 00:00:00.000,KK0001.07/26,XB0019.07/26,0,"",""
FB00029,A0200003708160PX,TP20,SPM124,DCM08,1980.00,2180.00,1050.00,tấm,"1800029200001472023005",A0200001472023WO,A0200000406203WO,WB2606-0036,IFD20-H55 TRẮNG,IFD20-H55H55,IFD20-H55,H55,"",B12,IFD20-H55H55,4.5320,1.0000,4.5320,1.0000,0.0000,0.00,"",79056,79023,0,MEKONG-MEKTEX-PO 17-V3-8,"",SX THEO ĐƠN HÀNG,0.00,217.00,2026-07-01 10:30:42.023,2026-07-10 11:19:11.553,2026-06-30 00:00:00.000,2026-07-10 00:00:00.000,KK0001.07/26,XB0024.07/26,0,"",""
FB00029,A0200003706055PX,TP20,SPM124,DCM08,1970.00,2180.00,1070.00,tấm,"1800029200001472023006",A0200001472023WO,A0200000406203WO,WB2606-0036,IFD20-H55 TRẮNG,IFD20-H55H55,IFD20-H55,H55,"",B12,IFD20-H55H55,4.5950,1.0000,4.5950,1.0000,0.0000,0.00,"",79056,79023,0,MEKONG-MEKTEX-PO 17-V3-8,"",SX THEO ĐƠN HÀNG,0.00,4.00,2026-07-01 10:30:41.950,2026-07-01 14:26:15.433,2026-06-30 00:00:00.000,2026-07-01 00:00:00.000,KK0001.07/26,XB0002.07/26,0,"",""
FB00029,A0200003707087PX,TP20,SPM124,DCM08,1980.00,2180.00,1060.00,tấm,"1800029200001472023007",A0200001472023WO,A0200000406203WO,WB2606-0036,IFD20-H55 TRẮNG,IFD20-H55H55,IFD20-H55,H55,"",B12,IFD20-H55H55,4.5750,1.0000,4.5750,1.0000,0.0000,0.00,"",79056,79023,0,MEKONG-MEKTEX-PO 17-V3-8,"",SX THEO ĐƠN HÀNG,0.00,125.00,2026-07-01 10:30:41.910,2026-07-06 15:43:17.087,2026-06-30 00:00:00.000,2026-07-06 00:00:00.000,KK0001.07/26,XB0013.07/26,0,"",""
FB00029,A0200003707767PX,TP20,SPM124,DCM08,1960.00,2180.00,1060.00,tấm,"1800029200001472023008",A0200001472023WO,A0200000406203WO,WB2606-0036,IFD20-H55 TRẮNG,IFD20-H55H55,IFD20-H55,H55,"",B12,IFD20-H55H55,4.5290,1.0000,4.5290,1.0000,0.0000,0.00,"",79056,79023,0,MEKONG-MEKTEX-PO 17-V3-8,"",SX THEO ĐƠN HÀNG,0.00,191.00,2026-07-01 10:30:41.990,2026-07-09 09:26:38.153,2026-06-30 00:00:00.000,2026-07-08 00:00:00.000,KK0001.07/26,XB0019.07/26,0,"",""
FB00029,A0200003708159PX,TP20,SPM124,DCM08,1980.00,2180.00,1040.00,tấm,"1800029200001472024001",A0200001472024WO,A0200000406203WO,WB2606-0036,IFD20-H55 TRẮNG,IFD20-H55H55,IFD20-H55,H55,"",B12,IFD20-H55H55,4.4890,1.0000,4.4890,1.0000,0.0000,0.00,"",79056,79023,0,MEKONG-MEKTEX-PO 17-V3-7,"",SX THEO ĐƠN HÀNG,0.00,217.00,2026-07-01 10:30:42.020,2026-07-10 11:19:11.350,2026-06-30 00:00:00.000,2026-07-10 00:00:00.000,KK0001.07/26,XB0024.07/26,0,"",""
FB00029,A0200003706110PX,TP20,SPM124,DCM08,1980.00,2180.00,1060.00,tấm,"1800029200001472024002",A0200001472024WO,A0200000406203WO,WB2606-0036,IFD20-H55 TRẮNG,IFD20-H55H55,IFD20-H55,H55,"",B12,IFD20-H55H55,4.5750,1.0000,4.5750,1.0000,0.0000,0.00,"",79056,79023,0,MEKONG-MEKTEX-PO 17-V3-7,"",SX THEO ĐƠN HÀNG,0.00,5.00,2026-07-01 10:30:41.943,2026-07-01 15:17:48.247,2026-06-30 00:00:00.000,2026-07-01 00:00:00.000,KK0001.07/26,XB0003.07/26,0,"",""
FB00029,A0200003706376PX,TP20,SPM124,DCM08,1970.00,2180.00,1070.00,tấm,"1800029200001472024003",A0200001472024WO,A0200000406203WO,WB2606-0036,IFD20-H55 TRẮNG,IFD20-H55H55,IFD20-H55,H55,"",B12,IFD20-H55H55,4.5950,1.0000,4.5950,1.0000,0.0000,0.00,"",79056,79023,0,MEKONG-MEKTEX-PO 17-V3-7,"",SX THEO ĐƠN HÀNG,0.00,45.00,2026-07-01 10:30:41.903,2026-07-03 07:57:01.547,2026-06-30 00:00:00.000,2026-07-02 00:00:00.000,KK0001.07/26,XB0005.07/26,0,"",""
FB00029,A0200003707768PX,TP20,SPM124,DCM08,1990.00,2180.00,1070.00,tấm,"1800029200001472024004",A0200001472024WO,A0200000406203WO,WB2606-0036,IFD20-H55 TRẮNG,IFD20-H55H55,IFD20-H55,H55,"",B12,IFD20-H55H55,4.6420,1.0000,4.6420,1.0000,0.0000,0.00,"",79056,79023,0,MEKONG-MEKTEX-PO 17-V3-7,"",SX THEO ĐƠN HÀNG,0.00,191.00,2026-07-01 10:30:41.980,2026-07-09 09:26:38.160,2026-06-30 00:00:00.000,2026-07-08 00:00:00.000,KK0001.07/26,XB0019.07/26,0,"",""
FB00029,A0200003708158PX,TP20,SPM124,DCM08,1980.00,2180.00,1040.00,tấm,"1800029200001472024005",A0200001472024WO,A0200000406203WO,WB2606-0036,IFD20-H55 TRẮNG,IFD20-H55H55,IFD20-H55,H55,"",B12,IFD20-H55H55,4.4890,1.0000,4.4890,1.0000,0.0000,0.00,"",79056,79023,0,MEKONG-MEKTEX-PO 17-V3-7,"",SX THEO ĐƠN HÀNG,0.00,217.00,2026-07-01 10:30:42.017,2026-07-10 11:19:11.143,2026-06-30 00:00:00.000,2026-07-10 00:00:00.000,KK0001.07/26,XB0024.07/26,0,"",""
FB00029,A0200003706109PX,TP20,SPM124,DCM08,1980.00,2180.00,1060.00,tấm,"1800029200001472024006",A0200001472024WO,A0200000406203WO,WB2606-0036,IFD20-H55 TRẮNG,IFD20-H55H55,IFD20-H55,H55,"",B12,IFD20-H55H55,4.5750,1.0000,4.5750,1.0000,0.0000,0.00,"",79056,79023,0,MEKONG-MEKTEX-PO 17-V3-7,"",SX THEO ĐƠN HÀNG,0.00,5.00,2026-07-01 10:30:41.940,2026-07-01 15:17:48.237,2026-06-30 00:00:00.000,2026-07-01 00:00:00.000,KK0001.07/26,XB0003.07/26,0,"",""
FB00029,A0200003706377PX,TP20,SPM124,DCM08,1990.00,2180.00,1080.00,tấm,"1800029200001472024007",A0200001472024WO,A0200000406203WO,WB2606-0036,IFD20-H55 TRẮNG,IFD20-H55H55,IFD20-H55,H55,"",B12,IFD20-H55H55,4.6850,1.0000,4.6850,1.0000,0.0000,0.00,"",79056,79023,0,MEKONG-MEKTEX-PO 17-V3-7,"",SX THEO ĐƠN HÀNG,0.00,45.00,2026-07-01 10:30:41.900,2026-07-03 07:57:01.567,2026-06-30 00:00:00.000,2026-07-02 00:00:00.000,KK0001.07/26,XB0005.07/26,0,"",""
FB00029,A0200003706113PX,TP20,SPM124,DCM08,1970.00,2180.00,1070.00,tấm,"1800029200001472025001",A0200001472025WO,A0200000406203WO,WB2606-0036,IFD20-H55 TRẮNG,IFD20-H55H55,IFD20-H55,H55,"",B12,IFD20-H55H55,4.5950,1.0000,4.5950,1.0000,0.0000,0.00,"",79056,79023,0,MEKONG-MEKTEX-PO 17-V3-6,"",SX THEO ĐƠN HÀNG,0.00,5.00,2026-07-01 10:30:41.967,2026-07-01 15:17:48.287,2026-06-30 00:00:00.000,2026-07-01 00:00:00.000,KK0001.07/26,XB0003.07/26,0,"",""
FB00029,A0200003708157PX,TP20,SPM124,DCM08,1980.00,2180.00,1040.00,tấm,"1800029200001472025002",A0200001472025WO,A0200000406203WO,WB2606-0036,IFD20-H55 TRẮNG,IFD20-H55H55,IFD20-H55,H55,"",B12,IFD20-H55H55,4.4890,1.0000,4.4890,1.0000,0.0000,0.00,"",79056,79023,0,MEKONG-MEKTEX-PO 17-V3-6,"",SX THEO ĐƠN HÀNG,0.00,217.00,2026-07-01 10:30:42.010,2026-07-10 11:19:11.003,2026-06-30 00:00:00.000,2026-07-10 00:00:00.000,KK0001.07/26,XB0024.07/26,0,"",""
FB00029,A0200003706108PX,TP20,SPM124,DCM08,1970.00,2180.00,1050.00,tấm,"1800029200001472025003",A0200001472025WO,A0200000406203WO,WB2606-0036,IFD20-H55 TRẮNG,IFD20-H55H55,IFD20-H55,H55,"",B12,IFD20-H55H55,4.5090,1.0000,4.5090,1.0000,0.0000,0.00,"",79056,79023,0,MEKONG-MEKTEX-PO 17-V3-6,"",SX THEO ĐƠN HÀNG,0.00,5.00,2026-07-01 10:30:41.933,2026-07-01 15:17:48.227,2026-06-30 00:00:00.000,2026-07-01 00:00:00.000,KK0001.07/26,XB0003.07/26,0,"",""
FB00029,A0200003706374PX,TP20,SPM124,DCM08,1970.00,2180.00,1080.00,tấm,"1800029200001472025004",A0200001472025WO,A0200000406203WO,WB2606-0036,IFD20-H55 TRẮNG,IFD20-H55H55,IFD20-H55,H55,"",B12,IFD20-H55H55,4.6380,1.0000,4.6380,1.0000,0.0000,0.00,"",79056,79023,0,MEKONG-MEKTEX-PO 17-V3-6,"",SX THEO ĐƠN HÀNG,0.00,45.00,2026-07-01 10:30:41.897,2026-07-03 07:57:00.280,2026-06-30 00:00:00.000,2026-07-02 00:00:00.000,KK0001.07/26,XB0005.07/26,0,"",""
FB00029,A0200003706114PX,TP20,SPM124,DCM08,1980.00,2180.00,1070.00,tấm,"1800029200001472025005",A0200001472025WO,A0200000406203WO,WB2606-0036,IFD20-H55 TRẮNG,IFD20-H55H55,IFD20-H55,H55,"",B12,IFD20-H55H55,4.6190,1.0000,4.6190,1.0000,0.0000,0.00,"",79056,79023,0,MEKONG-MEKTEX-PO 17-V3-6,"",SX THEO ĐƠN HÀNG,0.00,5.00,2026-07-01 10:30:41.963,2026-07-01 15:17:48.297,2026-06-30 00:00:00.000,2026-07-01 00:00:00.000,KK0001.07/26,XB0003.07/26,0,"",""
FB00029,A0200003707764PX,TP20,SPM124,DCM08,1980.00,2180.00,1040.00,tấm,"1800029200001472025006",A0200001472025WO,A0200000406203WO,WB2606-0036,IFD20-H55 TRẮNG,IFD20-H55H55,IFD20-H55,H55,"",B12,IFD20-H55H55,4.4890,1.0000,4.4890,1.0000,0.0000,0.00,"",79056,79023,0,MEKONG-MEKTEX-PO 17-V3-6,"",SX THEO ĐƠN HÀNG,0.00,191.00,2026-07-01 10:30:42.007,2026-07-09 09:26:38.127,2026-06-30 00:00:00.000,2026-07-08 00:00:00.000,KK0001.07/26,XB0019.07/26,0,"",""
FB00029,A0200003706107PX,TP20,SPM124,DCM08,1980.00,2180.00,1050.00,tấm,"1800029200001472025007",A0200001472025WO,A0200000406203WO,WB2606-0036,IFD20-H55 TRẮNG,IFD20-H55H55,IFD20-H55,H55,"",B12,IFD20-H55H55,4.5320,1.0000,4.5320,1.0000,0.0000,0.00,"",79056,79023,0,MEKONG-MEKTEX-PO 17-V3-6,"",SX THEO ĐƠN HÀNG,0.00,5.00,2026-07-01 10:30:41.930,2026-07-01 15:17:46.983,2026-06-30 00:00:00.000,2026-07-01 00:00:00.000,KK0001.07/26,XB0003.07/26,0,"",""
FB00029,A0200003706375PX,TP20,SPM124,DCM08,1970.00,2180.00,1030.00,tấm,"1800029200001472025008",A0200001472025WO,A0200000406203WO,WB2606-0036,IFD20-H55 TRẮNG,IFD20-H55H55,IFD20-H55,H55,"",B12,IFD20-H55H55,4.4230,1.0000,4.4230,1.0000,0.0000,0.00,"",79056,79023,0,MEKONG-MEKTEX-PO 17-V3-6,"",SX THEO ĐƠN HÀNG,0.00,45.00,2026-07-01 10:30:41.893,2026-07-03 07:57:01.537,2026-06-30 00:00:00.000,2026-07-02 00:00:00.000,KK0001.07/26,XB0005.07/26,0,"",""
FB00029,A0200003708414PX,TP20,SPM124,DCM08,2230.00,2200.00,1060.00,tấm,"1800029200001473468001",A0200001473468WO,A0200000406674WO,WB2607-0008,IFD20-H55 TRẮNG,IFD20-H55H55,IFD20-H55,H55,"",B11,IFD20-H55H55,5.2000,1.0000,5.2000,1.0000,0.0000,0.00,"",79056,79023,0,MEKONG-MEKTEX-PO 27,"",SX THEO ĐƠN HÀNG,0.00,27.00,2026-07-10 10:39:40.250,2026-07-11 13:46:46.367,2026-07-10 00:00:00.000,2026-07-11 00:00:00.000,KK0007.07/26,XB0026.07/26,0,"",""
FB00029,A0200003708417PX,TP20,SPM124,DCM08,2210.00,2200.00,1040.00,tấm,"1800029200001473468002",A0200001473468WO,A0200000406674WO,WB2607-0008,IFD20-H55 TRẮNG,IFD20-H55H55,IFD20-H55,H55,"",B11,IFD20-H55H55,5.0560,1.0000,5.0560,1.0000,0.0000,0.00,"",79056,79023,0,MEKONG-MEKTEX-PO 27,"",SX THEO ĐƠN HÀNG,0.00,27.00,2026-07-10 10:39:40.260,2026-07-11 13:46:46.397,2026-07-10 00:00:00.000,2026-07-11 00:00:00.000,KK0007.07/26,XB0026.07/26,0,"",""
FB00029,A0200003708418PX,TP20,SPM124,DCM08,2220.00,2200.00,1040.00,tấm,"1800029200001473468003",A0200001473468WO,A0200000406674WO,WB2607-0008,IFD20-H55 TRẮNG,IFD20-H55H55,IFD20-H55,H55,"",B11,IFD20-H55H55,5.0790,1.0000,5.0790,1.0000,0.0000,0.00,"",79056,79023,0,MEKONG-MEKTEX-PO 27,"",SX THEO ĐƠN HÀNG,0.00,27.00,2026-07-10 10:39:40.267,2026-07-11 13:46:46.403,2026-07-10 00:00:00.000,2026-07-11 00:00:00.000,KK0007.07/26,XB0026.07/26,0,"",""
FB00029,A0200003708413PX,TP20,SPM124,DCM08,2210.00,2200.00,1060.00,tấm,"1800029200001473468004",A0200001473468WO,A0200000406674WO,WB2607-0008,IFD20-H55 TRẮNG,IFD20-H55H55,IFD20-H55,H55,"",B11,IFD20-H55H55,5.1540,1.0000,5.1540,1.0000,0.0000,0.00,"",79056,79023,0,MEKONG-MEKTEX-PO 27,"",SX THEO ĐƠN HÀNG,0.00,27.00,2026-07-10 10:39:40.247,2026-07-11 13:46:46.350,2026-07-10 00:00:00.000,2026-07-11 00:00:00.000,KK0007.07/26,XB0026.07/26,0,"",""
FB00029,A0200003708411PX,TP20,SPM124,DCM08,2210.00,2200.00,1050.00,tấm,"1800029200001473468005",A0200001473468WO,A0200000406674WO,WB2607-0008,IFD20-H55 TRẮNG,IFD20-H55H55,IFD20-H55,H55,"",B11,IFD20-H55H55,5.1050,1.0000,5.1050,1.0000,0.0000,0.00,"",79056,79023,0,MEKONG-MEKTEX-PO 27,"",SX THEO ĐƠN HÀNG,0.00,27.00,2026-07-10 10:39:40.240,2026-07-11 13:46:46.333,2026-07-10 00:00:00.000,2026-07-11 00:00:00.000,KK0007.07/26,XB0026.07/26,0,"",""
FB00029,A0200003708416PX,TP20,SPM124,DCM08,2210.00,2200.00,1060.00,tấm,"1800029200001473468006",A0200001473468WO,A0200000406674WO,WB2607-0008,IFD20-H55 TRẮNG,IFD20-H55H55,IFD20-H55,H55,"",B11,IFD20-H55H55,5.1540,1.0000,5.1540,1.0000,0.0000,0.00,"",79056,79023,0,MEKONG-MEKTEX-PO 27,"",SX THEO ĐƠN HÀNG,0.00,27.00,2026-07-10 10:39:40.257,2026-07-11 13:46:46.387,2026-07-10 00:00:00.000,2026-07-11 00:00:00.000,KK0007.07/26,XB0026.07/26,0,"",""
FB00029,A0200003708415PX,TP20,SPM124,DCM08,2190.00,2200.00,1060.00,tấm,"1800029200001473468007",A0200001473468WO,A0200000406674WO,WB2607-0008,IFD20-H55 TRẮNG,IFD20-H55H55,IFD20-H55,H55,"",B11,IFD20-H55H55,5.1070,1.0000,5.1070,1.0000,0.0000,0.00,"",79056,79023,0,MEKONG-MEKTEX-PO 27,"",SX THEO ĐƠN HÀNG,0.00,27.00,2026-07-10 10:39:40.253,2026-07-11 13:46:46.377,2026-07-10 00:00:00.000,2026-07-11 00:00:00.000,KK0007.07/26,XB0026.07/26,0,"",""
FB00029,A0200003708412PX,TP20,SPM124,DCM08,2210.00,2200.00,1050.00,tấm,"1800029200001473468008",A0200001473468WO,A0200000406674WO,WB2607-0008,IFD20-H55 TRẮNG,IFD20-H55H55,IFD20-H55,H55,"",B11,IFD20-H55H55,5.1050,1.0000,5.1050,1.0000,0.0000,0.00,"",79056,79023,0,MEKONG-MEKTEX-PO 27,"",SX THEO ĐƠN HÀNG,0.00,27.00,2026-07-10 10:39:40.243,2026-07-11 13:46:46.340,2026-07-10 00:00:00.000,2026-07-11 00:00:00.000,KK0007.07/26,XB0026.07/26,0,"",""
FB00029,A0200003708409PX,TP20,SPM124,DCM08,2220.00,2200.00,1060.00,tấm,"1800029200001473468009",A0200001473468WO,A0200000406674WO,WB2607-0008,IFD20-H55 TRẮNG,IFD20-H55H55,IFD20-H55,H55,"",B11,IFD20-H55H55,5.1770,1.0000,5.1770,1.0000,0.0000,0.00,"",79056,79023,0,MEKONG-MEKTEX-PO 27,"",SX THEO ĐƠN HÀNG,0.00,27.00,2026-07-10 10:39:40.233,2026-07-11 13:46:45.080,2026-07-10 00:00:00.000,2026-07-11 00:00:00.000,KK0007.07/26,XB0026.07/26,0,"",""
FB00029,A0200003708410PX,TP20,SPM124,DCM08,2220.00,2200.00,1060.00,tấm,"1800029200001473468010",A0200001473468WO,A0200000406674WO,WB2607-0008,IFD20-H55 TRẮNG,IFD20-H55H55,IFD20-H55,H55,"",B11,IFD20-H55H55,5.1770,1.0000,5.1770,1.0000,0.0000,0.00,"",79056,79023,0,MEKONG-MEKTEX-PO 27,"",SX THEO ĐƠN HÀNG,0.00,27.00,2026-07-10 10:39:40.237,2026-07-11 13:46:46.327,2026-07-10 00:00:00.000,2026-07-11 00:00:00.000,KK0007.07/26,XB0026.07/26,0,"",""
FB00029,A0200003708680PX,TP20,SPM124,DCM08,1960.00,2200.00,1070.00,tấm,"1800029200001473469001",A0200001473469WO,A0200000406674WO,WB2607-0008,IFD20-H55 TRẮNG,IFD20-H55H55,IFD20-H55,H55,"",B11,IFD20-H55H55,4.6140,1.0000,4.6140,1.0000,0.0000,0.00,"",79056,79023,0,MEKONG-MEKTEX-PO 17-V3-8,"",SX THEO ĐƠN HÀNG,0.00,76.00,2026-07-10 10:39:40.197,2026-07-13 14:36:05.667,2026-07-10 00:00:00.000,2026-07-13 00:00:00.000,KK0007.07/26,XB0028.07/26,0,"",""
FB00029,A0200003708682PX,TP20,SPM124,DCM08,1970.00,2200.00,1050.00,tấm,"1800029200001473469002",A0200001473469WO,A0200000406674WO,WB2607-0008,IFD20-H55 TRẮNG,IFD20-H55H55,IFD20-H55,H55,"",B11,IFD20-H55H55,4.5510,1.0000,4.5510,1.0000,0.0000,0.00,"",79056,79023,0,MEKONG-MEKTEX-PO 17-V3-8,"",SX THEO ĐƠN HÀNG,0.00,76.00,2026-07-10 10:39:40.203,2026-07-13 14:36:05.687,2026-07-10 00:00:00.000,2026-07-13 00:00:00.000,KK0007.07/26,XB0028.07/26,0,"",""
FB00029,A0200003708681PX,TP20,SPM124,DCM08,1980.00,2200.00,1070.00,tấm,"1800029200001473469003",A0200001473469WO,A0200000406674WO,WB2607-0008,IFD20-H55 TRẮNG,IFD20-H55H55,IFD20-H55,H55,"",B11,IFD20-H55H55,4.6610,1.0000,4.6610,1.0000,0.0000,0.00,"",79056,79023,0,MEKONG-MEKTEX-PO 17-V3-8,"",SX THEO ĐƠN HÀNG,0.00,76.00,2026-07-10 10:39:40.200,2026-07-13 14:36:05.677,2026-07-10 00:00:00.000,2026-07-13 00:00:00.000,KK0007.07/26,XB0028.07/26,0,"",""
FB00029,A0200003708679PX,TP20,SPM124,DCM08,1990.00,2200.00,1040.00,tấm,"1800029200001473469004",A0200001473469WO,A0200000406674WO,WB2607-0008,IFD20-H55 TRẮNG,IFD20-H55H55,IFD20-H55,H55,"",B11,IFD20-H55H55,4.5530,1.0000,4.5530,1.0000,0.0000,0.00,"",79056,79023,0,MEKONG-MEKTEX-PO 17-V3-8,"",SX THEO ĐƠN HÀNG,0.00,76.00,2026-07-10 10:39:40.193,2026-07-13 14:36:05.660,2026-07-10 00:00:00.000,2026-07-13 00:00:00.000,KK0007.07/26,XB0028.07/26,0,"",""
FB00029,A0200003708678PX,TP20,SPM124,DCM08,1940.00,2200.00,840.00,tấm,"1800029200001473469006",A0200001473469WO,A0200000406674WO,WB2607-0008,IFD20-H55 TRẮNG,IFD20-H55H55,IFD20-H55,H55,"",B11,IFD20-H55H55,3.5850,1.0000,3.5850,1.0000,0.0000,0.00,"",79056,79023,0,MEKONG-MEKTEX-PO 17-V3-8,"",SX THEO ĐƠN HÀNG,0.00,76.00,2026-07-10 10:39:40.173,2026-07-13 14:36:05.620,2026-07-10 00:00:00.000,2026-07-13 00:00:00.000,KK0007.07/26,XB0028.07/26,0,"",""
FB00029,A0200003711392PX,TP20,SPM124,DCM08,2020.00,2080.00,1070.00,tấm,"1800029200001475270001",A0200001458940WO,A0200000401865WO,WB2604-0029,IFD20-H55 TRẮNG,IFD20-H55H55,IFD20-H55,H55,"",B5,IFD20-H55H55,4.4960,1.0000,4.4960,1.0000,0.0000,0.00,"",79056,79023,0,MEKONG-MEKTEX-PO 31,"",SX THEO ĐƠN HÀNG,0.00,120.00,2026-07-17 10:13:00.803,2026-07-22 10:56:57.340,2026-07-17 00:00:00.000,2026-07-22 00:00:00.000,KK0012.07/26,XB0049.07/26,0,"",""
FB00029,A0200003711391PX,TP20,SPM124,DCM08,1270.00,2080.00,960.00,tấm,"1800029200001475271001",A0200001458940WO,A0200000401865WO,WB2604-0029,IFD20-H55 TRẮNG,IFD20-H55H55,IFD20-H55,H55,"",B5,IFD20-H55H55,2.5360,1.0000,2.5360,1.0000,0.0000,0.00,"",79056,79023,0,MEKONG-MEKTEX-PO 31,"",SX THEO ĐƠN HÀNG,0.00,120.00,2026-07-17 10:13:00.823,2026-07-22 10:56:57.300,2026-07-17 00:00:00.000,2026-07-22 00:00:00.000,KK0012.07/26,XB0049.07/26,0,"",""
FB00029,A0200003711390PX,TP20,SPM124,DCM08,1270.00,2080.00,900.00,tấm,"1800029200001475271002",A0200001458940WO,A0200000401865WO,WB2604-0029,IFD20-H55 TRẮNG,IFD20-H55H55,IFD20-H55,H55,"",B5,IFD20-H55H55,2.3770,1.0000,2.3770,1.0000,0.0000,0.00,"",79056,79023,0,MEKONG-MEKTEX-PO 31,"",SX THEO ĐƠN HÀNG,0.00,120.00,2026-07-17 10:13:00.827,2026-07-22 10:56:57.287,2026-07-17 00:00:00.000,2026-07-22 00:00:00.000,KK0012.07/26,XB0049.07/26,0,"",""
FB00029,A0200003709592PN,TP20,SPM124,DCM08,2180.00,2080.00,1000.00,tấm,"1800029200001475272001",A0200001458940WO,A0200000401865WO,WB2604-0029,IFD20-H55 TRẮNG,IFD20-H55H55,IFD20-H55,H55,"",B5,IFD20-H55H55,4.5340,1.0000,0.0000,0.0000,4.5340,1.00,"",79056,79023,0,MEKONG-MEKTEX,"",SX THEO ĐƠN HÀNG,0.00,143.00,2026-07-17 10:13:00.783,,2026-07-17 00:00:00.000,,KK0012.07/26,,0,"",""
FB00029,A0200003709593PN,TP20,SPM124,DCM08,2180.00,2080.00,1010.00,tấm,"1800029200001475272002",A0200001458940WO,A0200000401865WO,WB2604-0029,IFD20-H55 TRẮNG,IFD20-H55H55,IFD20-H55,H55,"",B5,IFD20-H55H55,4.5800,1.0000,0.0000,0.0000,4.5800,1.00,"",79056,79023,0,MEKONG-MEKTEX,"",SX THEO ĐƠN HÀNG,0.00,143.00,2026-07-17 10:13:00.790,,2026-07-17 00:00:00.000,,KK0012.07/26,,0,"",""
FB00029,A0200003709837PX,TP20,SPM124,DCM08,1940.00,2080.00,1040.00,tấm,"1800029200001475273001",A0200001458940WO,A0200000401865WO,WB2604-0029,IFD20-H55 TRẮNG,IFD20-H55H55,IFD20-H55,H55,"",B5,IFD20-H55H55,4.1970,1.0000,4.1970,1.0000,0.0000,0.00,"",79056,79023,0,MEKONG-MEKTEX,"",SX THEO ĐƠN HÀNG,0.00,3.00,2026-07-17 10:13:00.807,2026-07-17 13:53:40.310,2026-07-17 00:00:00.000,2026-07-17 00:00:00.000,KK0012.07/26,XB0038.07/26,0,"",""
FB00030,A0200003698311PX,TP20,SPM084,DCM09,2160.00,2070.00,1160.00,tấm,"1800030200001466587001",A0200001466587WO,A0200000404389WO,WB2606-0001,NFD20-H60 TRẮNG,NFD20-H60H60,NFD20-H60,H60,"",B6,NFD20-H60H60,5.1870,1.0000,5.1870,1.0000,0.0000,0.00,"",79057,79023,0,PHƯƠNG MI-PM-11-2025-1,"",SX THEO DON HANG,0.00,6.00,2026-06-02 08:21:46.910,2026-06-02 14:48:12.770,2026-06-02 00:00:00.000,2026-06-02 00:00:00.000,KK0002.06/26,XB0008.06/26,0,"",""
FB00030,A0200003698310PX,TP20,SPM084,DCM09,2280.00,2070.00,1130.00,tấm,"1800030200001466588001",A0200001466588WO,A0200000404389WO,WB2606-0001,NFD20-H60 TRẮNG,NFD20-H60H60,NFD20-H60,H60,"",B6,NFD20-H60H60,5.3330,1.0000,5.3330,1.0000,0.0000,0.00,"",79057,79023,0,PHƯƠNG MI-PM-11-2025-1,"",SX THEO DON HANG,0.00,6.00,2026-06-02 08:21:46.893,2026-06-02 14:48:12.760,2026-06-02 00:00:00.000,2026-06-02 00:00:00.000,KK0002.06/26,XB0008.06/26,0,"",""
FB00030,A0200003698309PX,TP20,SPM084,DCM09,2290.00,2070.00,1120.00,tấm,"1800030200001466588002",A0200001466588WO,A0200000404389WO,WB2606-0001,NFD20-H60 TRẮNG,NFD20-H60H60,NFD20-H60,H60,"",B6,NFD20-H60H60,5.3090,1.0000,5.3090,1.0000,0.0000,0.00,"",79057,79023,0,PHƯƠNG MI-PM-11-2025-1,"",SX THEO DON HANG,0.00,6.00,2026-06-02 08:21:46.877,2026-06-02 14:48:12.753,2026-06-02 00:00:00.000,2026-06-02 00:00:00.000,KK0002.06/26,XB0008.06/26,0,"",""
FB00030,A0200003698308PX,TP20,SPM084,DCM09,2020.00,2070.00,1120.00,tấm,"1800030200001466589001",A0200001466589WO,A0200000404389WO,WB2606-0001,NFD20-H60 TRẮNG,NFD20-H60H60,NFD20-H60,H60,"",B6,NFD20-H60H60,4.6830,1.0000,4.6830,1.0000,0.0000,0.00,"",79057,79023,0,PHƯƠNG MI-PM-11-2025-1,"",SX THEO DON HANG,0.00,6.00,2026-06-02 08:21:46.857,2026-06-02 14:48:12.747,2026-06-02 00:00:00.000,2026-06-02 00:00:00.000,KK0002.06/26,XB0008.06/26,0,"",""
FB00030,A0200003704071PX,TP20,SPM084,DCM09,2220.00,2070.00,1120.00,tấm,"1800030200001466590001",A0200001466590WO,A0200000404389WO,WB2606-0001,NFD20-H60 TRẮNG,NFD20-H60H60,NFD20-H60,H60,"",B6,NFD20-H60H60,5.1470,1.0000,5.1470,1.0000,0.0000,0.00,"",79057,79023,0,Phát triển,"",SX THEO DON HANG,0.00,558.00,2026-06-02 08:21:46.837,2026-06-25 14:50:38.050,2026-06-02 00:00:00.000,2026-06-09 00:00:00.000,KK0002.06/26,XB0022.06/26,0,"",""
FB00030,A0200003701207PX,TP20,SPM084,DCM09,2220.00,2070.00,1140.00,tấm,"1800030200001466590002",A0200001466590WO,A0200000404389WO,WB2606-0001,NFD20-H60 TRẮNG,NFD20-H60H60,NFD20-H60,H60,"",B6,NFD20-H60H60,5.2390,1.0000,5.2390,1.0000,0.0000,0.00,"",79057,79023,0,Phát triển,"",SX THEO DON HANG,0.00,270.00,2026-06-02 08:21:46.807,2026-06-13 14:38:17.433,2026-06-02 00:00:00.000,2026-06-13 00:00:00.000,KK0002.06/26,XB0030.06/26,0,"",""
FB00030,A0200003700677PX,TP20,SPM084,DCM09,2290.00,2070.00,1130.00,tấm,"1800030200001466590003",A0200001466590WO,A0200000404389WO,WB2606-0001,NFD20-H60 TRẮNG,NFD20-H60H60,NFD20-H60,H60,"",B6,NFD20-H60H60,5.3570,1.0000,5.3570,1.0000,0.0000,0.00,"",79057,79023,0,Phát triển,"",SX THEO DON HANG,0.00,223.00,2026-06-02 08:21:46.823,2026-06-11 15:12:47.410,2026-06-02 00:00:00.000,2026-06-11 00:00:00.000,KK0002.06/26,XB0026.06/26,0,"",""
FB00030,A0200003698312PX,TP20,SPM084,DCM09,1890.00,2070.00,1160.00,tấm,"1800030200001466591001",A0200001466591WO,A0200000404389WO,WB2606-0001,NFD20-H60 TRẮNG,NFD20-H60H60,NFD20-H60,H60,"",B6,NFD20-H60H60,4.5380,1.0000,4.5380,1.0000,0.0000,0.00,"",79057,79023,0,PHƯƠNG MI-PM-11-2025-1,"",SX THEO DON HANG,0.00,6.00,2026-06-02 08:21:46.753,2026-06-02 14:48:12.777,2026-06-02 00:00:00.000,2026-06-02 00:00:00.000,KK0002.06/26,XB0008.06/26,0,"",""
FB00030,A0200003701575PX,TP20,SPM084,DCM09,1870.00,2050.00,1120.00,tấm,"1800030200001469059001",A0200001469059WO,A0200000405180WO,WB2606-0017,NFD20-H60 TRẮNG,NFD20-H60H60,NFD20-H60,H60,"",B9,NFD20-H60H60,4.2940,1.0000,4.2940,1.0000,0.0000,0.00,"",79057,79023,0,LONGVÂN-LV-3681,"",SX THEO DON HANG,0.00,1.00,2026-06-16 10:27:00.590,2026-06-16 11:26:09.510,2026-06-16 00:00:00.000,2026-06-15 00:00:00.000,KK0011.06/26,XB0033.06/26,0,"",""
FB00030,A0200003702198PX,TP20,SPM084,DCM09,2250.00,2050.00,1120.00,tấm,"1800030200001469060001",A0200001469060WO,A0200000405180WO,WB2606-0017,NFD20-H60 TRẮNG,NFD20-H60H60,NFD20-H60,H60,"",B9,NFD20-H60H60,5.1660,1.0000,5.1660,1.0000,0.0000,0.00,"",79057,79023,0,LONGVÂN+PHÁT TRIỂN,"",SX THEO DON HANG,0.00,71.00,2026-06-16 10:27:00.683,2026-06-19 09:51:32.950,2026-06-16 00:00:00.000,2026-06-18 00:00:00.000,KK0011.06/26,XB0040.06/26,0,"",""
FB00030,A0200003701576PX,TP20,SPM084,DCM09,1560.00,2050.00,1090.00,tấm,"1800030200001469061001",A0200001469061WO,A0200000405180WO,WB2606-0017,NFD20-H60 TRẮNG,NFD20-H60H60,NFD20-H60,H60,"",B9,NFD20-H60H60,3.4860,1.0000,3.4860,1.0000,0.0000,0.00,"",79057,79023,0,LONGVÂN-LV-3775,"",SX THEO DON HANG,0.00,1.00,2026-06-16 10:27:00.593,2026-06-16 11:26:09.523,2026-06-16 00:00:00.000,2026-06-15 00:00:00.000,KK0011.06/26,XB0033.06/26,0,"",""
FB00030,A0200003701577PX,TP20,SPM084,DCM09,1570.00,2050.00,1090.00,tấm,"1800030200001469061002",A0200001469061WO,A0200000405180WO,WB2606-0017,NFD20-H60 TRẮNG,NFD20-H60H60,NFD20-H60,H60,"",B9,NFD20-H60H60,3.5080,1.0000,3.5080,1.0000,0.0000,0.00,"",79057,79023,0,LONGVÂN-LV-3775,"",SX THEO DON HANG,0.00,1.00,2026-06-16 10:27:00.600,2026-06-16 11:26:09.540,2026-06-16 00:00:00.000,2026-06-15 00:00:00.000,KK0011.06/26,XB0033.06/26,0,"",""
FB00030,A0200003706378PX,TP20,SPM084,DCM09,2090.00,2050.00,1090.00,tấm,"1800030200001469062001",A0200001469062WO,A0200000405180WO,WB2606-0017,NFD20-H60 TRẮNG,NFD20-H60H60,NFD20-H60,H60,"",B9,NFD20-H60H60,4.6700,1.0000,4.6700,1.0000,0.0000,0.00,"",79057,79023,0,LONGVÂN-LV-3775,"",SX THEO DON HANG,0.00,406.00,2026-06-16 10:27:00.680,2026-07-03 08:00:44.297,2026-06-16 00:00:00.000,2026-07-02 00:00:00.000,KK0011.06/26,XB0005.07/26,0,"",""
FB00030,A0200003701574PX,TP20,SPM084,DCM09,2220.00,2050.00,1110.00,tấm,"1800030200001469063001",A0200001469063WO,A0200000405180WO,WB2606-0017,NFD20-H60 TRẮNG,NFD20-H60H60,NFD20-H60,H60,"",B9,NFD20-H60H60,5.0520,1.0000,5.0520,1.0000,0.0000,0.00,"",79057,79023,0,LONGVÂN-LV-3807,"",SX THEO DON HANG,0.00,1.00,2026-06-16 10:27:00.583,2026-06-16 11:26:09.447,2026-06-16 00:00:00.000,2026-06-15 00:00:00.000,KK0011.06/26,XB0033.06/26,0,"",""
FB00030,A0200003702200PX,TP20,SPM084,DCM09,1880.00,2050.00,1090.00,tấm,"1800030200001469110001",A0200001469110WO,A0200000405217WO,WB2606-0018,NFD20-H60 TRẮNG,NFD20-H60H60,NFD20-H60,H60,"",B9,NFD20-H60H60,4.2010,1.0000,4.2010,1.0000,0.0000,0.00,"",79057,79023,0,"","",SX THEO DON HANG,0.00,71.00,2026-06-16 10:27:00.687,2026-06-19 09:51:32.973,2026-06-16 00:00:00.000,2026-06-18 00:00:00.000,KK0011.06/26,XB0040.06/26,0,"",""
FB00030,A0200003703149PX,TP20,SPM084,DCM09,1790.00,2240.00,940.00,tấm,"1800030200001470218001",A0200001470218WO,A0200000405570WO,WB2606-0023,NFD20-H60 TRẮNG,NFD20-H60H60,NFD20-H60,H60,"",B6,NFD20-H60H60,3.7690,1.0000,3.7690,1.0000,0.0000,0.00,"",79057,79023,0,LONGVÂN-LV-PO 3929,"",SX THEO ĐƠN HÀNG,0.00,21.00,2026-06-22 11:11:25.750,2026-06-23 08:39:38.547,2026-06-22 00:00:00.000,2026-06-23 00:00:00.000,KK0015.06/26,XB0049.06/26,0,"",""
FB00030,A0200003703150PX,TP20,SPM084,DCM09,1860.00,2240.00,980.00,tấm,"1800030200001470219001",A0200001470219WO,A0200000405570WO,WB2606-0023,NFD20-H60 TRẮNG,NFD20-H60H60,NFD20-H60,H60,"",B6,NFD20-H60H60,4.0830,1.0000,4.0830,1.0000,0.0000,0.00,"",79057,79023,0,LONGVÂN-LV-PO 3929,"",SX THEO ĐƠN HÀNG,0.00,21.00,2026-06-22 11:11:25.733,2026-06-23 08:39:39.763,2026-06-22 00:00:00.000,2026-06-23 00:00:00.000,KK0015.06/26,XB0049.06/26,0,"",""
FB00030,A0200003704340PX,TP20,SPM084,DCM09,1770.00,2240.00,1000.00,tấm,"1800030200001470220001",A0200001470220WO,A0200000405570WO,WB2606-0023,NFD20-H60 TRẮNG,NFD20-H60H60,NFD20-H60,H60,"",B6,NFD20-H60H60,3.9650,1.0000,3.9650,1.0000,0.0000,0.00,"",79057,79023,0,LONGVÂN-LV-PO 3961,"",SX THEO ĐƠN HÀNG,0.00,100.00,2026-06-22 11:11:25.717,2026-06-26 15:03:49.890,2026-06-22 00:00:00.000,2026-06-26 00:00:00.000,KK0015.06/26,XB0056.06/26,0,"",""
FB00030,A0200003703152PX,TP20,SPM084,DCM09,2210.00,2240.00,1010.00,tấm,"1800030200001470221001",A0200001470221WO,A0200000405570WO,WB2606-0023,NFD20-H60 TRẮNG,NFD20-H60H60,NFD20-H60,H60,"",B6,NFD20-H60H60,5.0000,1.0000,5.0000,1.0000,0.0000,0.00,"",79057,79023,0,LONGVÂN-LV-PO 3929,"",SX THEO ĐƠN HÀNG,0.00,21.00,2026-06-22 11:11:25.710,2026-06-23 08:39:39.823,2026-06-22 00:00:00.000,2026-06-23 00:00:00.000,KK0015.06/26,XB0049.06/26,0,"",""
FB00030,A0200003703151PX,TP20,SPM084,DCM09,2200.00,2240.00,1000.00,tấm,"1800030200001470221002",A0200001470221WO,A0200000405570WO,WB2606-0023,NFD20-H60 TRẮNG,NFD20-H60H60,NFD20-H60,H60,"",B6,NFD20-H60H60,4.9280,1.0000,4.9280,1.0000,0.0000,0.00,"",79057,79023,0,LONGVÂN-LV-PO 3929,"",SX THEO ĐƠN HÀNG,0.00,21.00,2026-06-22 11:11:25.713,2026-06-23 08:39:39.810,2026-06-22 00:00:00.000,2026-06-23 00:00:00.000,KK0015.06/26,XB0049.06/26,0,"",""
FB00030,A0200003703153PX,TP20,SPM084,DCM09,2200.00,2240.00,1030.00,tấm,"1800030200001470222001",A0200001470222WO,A0200000405570WO,WB2606-0023,NFD20-H60 TRẮNG,NFD20-H60H60,NFD20-H60,H60,"",B6,NFD20-H60H60,5.0760,1.0000,5.0760,1.0000,0.0000,0.00,"",79057,79023,0,Phát triển,"",SX THEO ĐƠN HÀNG,0.00,21.00,2026-06-22 11:11:25.693,2026-06-23 08:39:39.863,2026-06-22 00:00:00.000,2026-06-23 00:00:00.000,KK0015.06/26,XB0049.06/26,0,"",""
FB00030,A0200003707612PN,TP20,SPM084,DCM09,2160.00,2090.00,1140.00,tấm,"1800030200001473153001",A0200001473153WO,A0200000406532WO,WB2607-0004,NFD20-H60 TRẮNG,NFD20-H60H60,NFD20-H60,H60,"",B7,NFD20-H60H60,5.1460,1.0000,0.0000,0.0000,5.1460,1.00,"",79057,79023,0,PHƯƠNG MI-PM-0607,"",SX THEO ĐƠN HÀNG,0.00,354.00,2026-07-08 15:07:56.733,,2026-07-08 00:00:00.000,,KK0005.07/26,,0,"",""
FB00030,A0200003707673PX,TP20,SPM084,DCM09,2170.00,2090.00,1160.00,tấm,"1800030200001473153002",A0200001473153WO,A0200000406532WO,WB2607-0004,NFD20-H60 TRẮNG,NFD20-H60H60,NFD20-H60,H60,"",B7,NFD20-H60H60,5.2610,1.0000,5.2610,1.0000,0.0000,0.00,"",79057,79023,0,PHƯƠNG MI-PM-0607,"",SX THEO ĐƠN HÀNG,0.00,0.00,2026-07-08 15:07:56.730,2026-07-08 15:11:36.100,2026-07-08 00:00:00.000,2026-07-07 00:00:00.000,KK0005.07/26,XB0016.07/26,0,"",""
FB00030,A0200003707671PX,TP20,SPM084,DCM09,2170.00,2090.00,1160.00,tấm,"1800030200001473153003",A0200001473153WO,A0200000406532WO,WB2607-0004,NFD20-H60 TRẮNG,NFD20-H60H60,NFD20-H60,H60,"",B7,NFD20-H60H60,5.2610,1.0000,5.2610,1.0000,0.0000,0.00,"",79057,79023,0,PHƯƠNG MI-PM-0607,"",SX THEO ĐƠN HÀNG,0.00,0.00,2026-07-08 15:07:56.723,2026-07-08 15:11:34.717,2026-07-08 00:00:00.000,2026-07-07 00:00:00.000,KK0005.07/26,XB0016.07/26,0,"",""
FB00030,A0200003707672PX,TP20,SPM084,DCM09,2140.00,2090.00,1160.00,tấm,"1800030200001473153004",A0200001473153WO,A0200000406532WO,WB2607-0004,NFD20-H60 TRẮNG,NFD20-H60H60,NFD20-H60,H60,"",B7,NFD20-H60H60,5.1880,1.0000,5.1880,1.0000,0.0000,0.00,"",79057,79023,0,PHƯƠNG MI-PM-0607,"",SX THEO ĐƠN HÀNG,0.00,0.00,2026-07-08 15:07:56.727,2026-07-08 15:11:36.080,2026-07-08 00:00:00.000,2026-07-07 00:00:00.000,KK0005.07/26,XB0016.07/26,0,"",""
FB00030,A0200003708315PX,TP20,SPM084,DCM09,2020.00,2090.00,1120.00,tấm,"1800030200001473154001",A0200001473154WO,A0200000406532WO,WB2607-0004,NFD20-H60 TRẮNG,NFD20-H60H60,NFD20-H60,H60,"",B7,NFD20-H60H60,4.7280,1.0000,4.7280,1.0000,0.0000,0.00,"",79057,79023,0,MEKONG-MEKTEX-PO 28,"",SX THEO ĐƠN HÀNG,0.00,66.00,2026-07-08 15:07:56.653,2026-07-11 09:06:53.123,2026-07-08 00:00:00.000,2026-07-10 00:00:00.000,KK0005.07/26,XB0024.07/26,0,"",""
FB00030,A0200003708314PX,TP20,SPM084,DCM09,2010.00,2090.00,1110.00,tấm,"1800030200001473154002",A0200001473154WO,A0200000406532WO,WB2607-0004,NFD20-H60 TRẮNG,NFD20-H60H60,NFD20-H60,H60,"",B7,NFD20-H60H60,4.6630,1.0000,4.6630,1.0000,0.0000,0.00,"",79057,79023,0,MEKONG-MEKTEX-PO 28,"",SX THEO ĐƠN HÀNG,0.00,66.00,2026-07-08 15:07:56.650,2026-07-11 09:06:53.117,2026-07-08 00:00:00.000,2026-07-10 00:00:00.000,KK0005.07/26,XB0024.07/26,0,"",""
FB00030,A0200003708312PX,TP20,SPM084,DCM09,2010.00,2090.00,1090.00,tấm,"1800030200001473154003",A0200001473154WO,A0200000406532WO,WB2607-0004,NFD20-H60 TRẮNG,NFD20-H60H60,NFD20-H60,H60,"",B7,NFD20-H60H60,4.5790,1.0000,4.5790,1.0000,0.0000,0.00,"",79057,79023,0,MEKONG-MEKTEX-PO 28,"",SX THEO ĐƠN HÀNG,0.00,66.00,2026-07-08 15:07:55.213,2026-07-11 09:06:51.850,2026-07-08 00:00:00.000,2026-07-10 00:00:00.000,KK0005.07/26,XB0024.07/26,0,"",""
FB00030,A0200003708313PX,TP20,SPM084,DCM09,2020.00,2090.00,1100.00,tấm,"1800030200001473154004",A0200001473154WO,A0200000406532WO,WB2607-0004,NFD20-H60 TRẮNG,NFD20-H60H60,NFD20-H60,H60,"",B7,NFD20-H60H60,4.6440,1.0000,4.6440,1.0000,0.0000,0.00,"",79057,79023,0,MEKONG-MEKTEX-PO 28,"",SX THEO ĐƠN HÀNG,0.00,66.00,2026-07-08 15:07:56.643,2026-07-11 09:06:53.100,2026-07-08 00:00:00.000,2026-07-10 00:00:00.000,KK0005.07/26,XB0024.07/26,0,"",""
FB00030,A0200003708316PX,TP20,SPM084,DCM09,2010.00,2090.00,1130.00,tấm,"1800030200001473154005",A0200001473154WO,A0200000406532WO,WB2607-0004,NFD20-H60 TRẮNG,NFD20-H60H60,NFD20-H60,H60,"",B7,NFD20-H60H60,4.7470,1.0000,4.7470,1.0000,0.0000,0.00,"",79057,79023,0,MEKONG-MEKTEX-PO 28,"",SX THEO ĐƠN HÀNG,0.00,66.00,2026-07-08 15:07:56.660,2026-07-11 09:06:53.137,2026-07-08 00:00:00.000,2026-07-10 00:00:00.000,KK0005.07/26,XB0024.07/26,0,"",""
FB00030,A0200003708317PX,TP20,SPM084,DCM09,2030.00,2090.00,1150.00,tấm,"1800030200001473154006",A0200001473154WO,A0200000406532WO,WB2607-0004,NFD20-H60 TRẮNG,NFD20-H60H60,NFD20-H60,H60,"",B7,NFD20-H60H60,4.8790,1.0000,4.8790,1.0000,0.0000,0.00,"",79057,79023,0,MEKONG-MEKTEX-PO 28,"",SX THEO ĐƠN HÀNG,0.00,66.00,2026-07-08 15:07:56.663,2026-07-11 09:06:53.147,2026-07-08 00:00:00.000,2026-07-10 00:00:00.000,KK0005.07/26,XB0024.07/26,0,"",""
FB00030,A0200003708318PX,TP20,SPM084,DCM09,2000.00,2090.00,1160.00,tấm,"1800030200001473154007",A0200001473154WO,A0200000406532WO,WB2607-0004,NFD20-H60 TRẮNG,NFD20-H60H60,NFD20-H60,H60,"",B7,NFD20-H60H60,4.8490,1.0000,4.8490,1.0000,0.0000,0.00,"",79057,79023,0,MEKONG-MEKTEX-PO 28,"",SX THEO ĐƠN HÀNG,0.00,66.00,2026-07-08 15:07:56.670,2026-07-11 09:06:53.157,2026-07-08 00:00:00.000,2026-07-10 00:00:00.000,KK0005.07/26,XB0024.07/26,0,"",""
FB00030,A0200003708320PX,TP20,SPM084,DCM09,1520.00,2090.00,1170.00,tấm,"1800030200001473155003",A0200001473155WO,A0200000406532WO,WB2607-0004,NFD20-H60 TRẮNG,NFD20-H60H60,NFD20-H60,H60,"",B7,NFD20-H60H60,3.7170,1.0000,3.7170,1.0000,0.0000,0.00,"",79057,79023,0,MEKONG-MEKTEX-PO 28,"",SX THEO ĐƠN HÀNG,0.00,66.00,2026-07-08 15:07:56.680,2026-07-11 09:06:53.217,2026-07-08 00:00:00.000,2026-07-10 00:00:00.000,KK0005.07/26,XB0024.07/26,0,"",""
FB00030,A0200003708319PX,TP20,SPM084,DCM09,1540.00,2090.00,1170.00,tấm,"1800030200001473155006",A0200001473155WO,A0200000406532WO,WB2607-0004,NFD20-H60 TRẮNG,NFD20-H60H60,NFD20-H60,H60,"",B7,NFD20-H60H60,3.7660,1.0000,3.7660,1.0000,0.0000,0.00,"",79057,79023,0,MEKONG-MEKTEX-PO 28,"",SX THEO ĐƠN HÀNG,0.00,66.00,2026-07-08 15:07:56.673,2026-07-11 09:06:53.163,2026-07-08 00:00:00.000,2026-07-10 00:00:00.000,KK0005.07/26,XB0024.07/26,0,"",""
FB00030,A0200003708321PX,TP20,SPM084,DCM09,1540.00,2090.00,1170.00,tấm,"1800030200001473155007",A0200001473155WO,A0200000406532WO,WB2607-0004,NFD20-H60 TRẮNG,NFD20-H60H60,NFD20-H60,H60,"",B7,NFD20-H60H60,3.7660,1.0000,3.7660,1.0000,0.0000,0.00,"",79057,79023,0,MEKONG-MEKTEX-PO 28,"",SX THEO ĐƠN HÀNG,0.00,66.00,2026-07-08 15:07:56.683,2026-07-11 09:06:53.227,2026-07-08 00:00:00.000,2026-07-10 00:00:00.000,KK0005.07/26,XB0024.07/26,0,"",""
FB00030,A0200003708322PX,TP20,SPM084,DCM09,1530.00,2090.00,1160.00,tấm,"1800030200001473155009",A0200001473155WO,A0200000406532WO,WB2607-0004,NFD20-H60 TRẮNG,NFD20-H60H60,NFD20-H60,H60,"",B7,NFD20-H60H60,3.7090,1.0000,3.7090,1.0000,0.0000,0.00,"",79057,79023,0,MEKONG-MEKTEX-PO 28,"",SX THEO ĐƠN HÀNG,0.00,66.00,2026-07-08 15:07:56.687,2026-07-11 09:06:53.237,2026-07-08 00:00:00.000,2026-07-10 00:00:00.000,KK0005.07/26,XB0024.07/26,0,"",""
FB00030,A0200003708840PX,TP20,SPM084,DCM09,2020.00,2090.00,1100.00,tấm,"1800030200001473156001",A0200001473156WO,A0200000406532WO,WB2607-0004,NFD20-H60 TRẮNG,NFD20-H60H60,NFD20-H60,H60,"",B7,NFD20-H60H60,4.6440,1.0000,4.6440,1.0000,0.0000,0.00,"",79057,79023,0,LONG VÂN+PHÁT TRIỂN,"",SX THEO ĐƠN HÀNG,0.00,138.00,2026-07-08 15:07:56.737,2026-07-14 09:56:57.417,2026-07-08 00:00:00.000,2026-07-13 00:00:00.000,KK0005.07/26,XB0028.07/26,0,"",""
FB00030,A0200003709005PX,TP20,SPM084,DCM09,2030.00,2090.00,930.00,tấm,"1800030200001473156002",A0200001473156WO,A0200000406532WO,WB2607-0004,NFD20-H60 TRẮNG,NFD20-H60H60,NFD20-H60,H60,"",B7,NFD20-H60H60,3.9460,1.0000,3.9460,1.0000,0.0000,0.00,"",79057,79023,0,LONG VÂN+PHÁT TRIỂN,"",SX THEO ĐƠN HÀNG,0.00,144.00,2026-07-08 15:07:56.763,2026-07-14 15:25:40.933,2026-07-08 00:00:00.000,2026-07-14 00:00:00.000,KK0005.07/26,XB0030.07/26,0,"",""
FB00030,A0200003709007PX,TP20,SPM084,DCM09,1540.00,2200.00,1070.00,tấm,"1800030200001474018001",A0200001474018WO,A0200000406810WO,WB2607-0012,NFD20-H60 TRẮNG,NFD20-H60H60,NFD20-H60,H60,"",B8,NFD20-H60H60,3.6250,1.0000,3.6250,1.0000,0.0000,0.00,"",79057,79023,0,MEKONG-MEKTEX-PO 28,"",SX THEO ĐƠN HÀNG,0.00,23.00,2026-07-13 16:03:58.487,2026-07-14 15:25:40.953,2026-07-13 00:00:00.000,2026-07-14 00:00:00.000,KK0009.07/26,XB0030.07/26,0,"",""
FB00030,A0200003709009PX,TP20,SPM084,DCM09,1530.00,2200.00,1090.00,tấm,"1800030200001474018002",A0200001474018WO,A0200000406810WO,WB2607-0012,NFD20-H60 TRẮNG,NFD20-H60H60,NFD20-H60,H60,"",B8,NFD20-H60H60,3.6690,1.0000,3.6690,1.0000,0.0000,0.00,"",79057,79023,0,MEKONG-MEKTEX-PO 28,"",SX THEO ĐƠN HÀNG,0.00,23.00,2026-07-13 16:03:58.483,2026-07-14 15:25:40.983,2026-07-13 00:00:00.000,2026-07-14 00:00:00.000,KK0009.07/26,XB0030.07/26,0,"",""
FB00030,A0200003709008PX,TP20,SPM084,DCM09,1550.00,2200.00,1060.00,tấm,"1800030200001474018003",A0200001474018WO,A0200000406810WO,WB2607-0012,NFD20-H60 TRẮNG,NFD20-H60H60,NFD20-H60,H60,"",B8,NFD20-H60H60,3.6150,1.0000,3.6150,1.0000,0.0000,0.00,"",79057,79023,0,MEKONG-MEKTEX-PO 28,"",SX THEO ĐƠN HÀNG,0.00,23.00,2026-07-13 16:03:58.470,2026-07-14 15:25:40.973,2026-07-13 00:00:00.000,2026-07-14 00:00:00.000,KK0009.07/26,XB0030.07/26,0,"",""
FB00030,A0200003709004PX,TP20,SPM084,DCM09,1530.00,2200.00,1070.00,tấm,"1800030200001474018004",A0200001474018WO,A0200000406810WO,WB2607-0012,NFD20-H60 TRẮNG,NFD20-H60H60,NFD20-H60,H60,"",B8,NFD20-H60H60,3.6020,1.0000,3.6020,1.0000,0.0000,0.00,"",79057,79023,0,MEKONG-MEKTEX-PO 28,"",SX THEO ĐƠN HÀNG,0.00,23.00,2026-07-13 16:03:58.490,2026-07-14 15:25:40.900,2026-07-13 00:00:00.000,2026-07-14 00:00:00.000,KK0009.07/26,XB0030.07/26,0,"",""
FB00030,A0200003709006PX,TP20,SPM084,DCM09,1540.00,2200.00,1060.00,tấm,"1800030200001474018005",A0200001474018WO,A0200000406810WO,WB2607-0012,NFD20-H60 TRẮNG,NFD20-H60H60,NFD20-H60,H60,"",B8,NFD20-H60H60,3.5910,1.0000,3.5910,1.0000,0.0000,0.00,"",79057,79023,0,MEKONG-MEKTEX-PO 28,"",SX THEO ĐƠN HÀNG,0.00,23.00,2026-07-13 16:03:58.467,2026-07-14 15:25:40.947,2026-07-13 00:00:00.000,2026-07-14 00:00:00.000,KK0009.07/26,XB0030.07/26,0,"",""
FB00030,A0200003709554PX,TP20,SPM084,DCM09,1810.00,2200.00,1090.00,tấm,"1800030200001474019001",A0200001474019WO,A0200000406810WO,WB2607-0012,NFD20-H60 TRẮNG,NFD20-H60H60,NFD20-H60,H60,"",B8,NFD20-H60H60,4.3400,1.0000,4.3400,1.0000,0.0000,0.00,"",79057,79023,0,LONGVÂN-LV-4060,"",SX THEO ĐƠN HÀNG,0.00,89.00,2026-07-13 16:03:58.430,2026-07-17 09:30:15.003,2026-07-13 00:00:00.000,2026-07-16 00:00:00.000,KK0009.07/26,XB0035.07/26,0,"",""
FB00030,A0200003709553PX,TP20,SPM084,DCM09,1790.00,2200.00,1100.00,tấm,"1800030200001474019002",A0200001474019WO,A0200000406810WO,WB2607-0012,NFD20-H60 TRẮNG,NFD20-H60H60,NFD20-H60,H60,"",B8,NFD20-H60H60,4.3320,1.0000,4.3320,1.0000,0.0000,0.00,"",79057,79023,0,LONGVÂN-LV-4060,"",SX THEO ĐƠN HÀNG,0.00,89.00,2026-07-13 16:03:58.420,2026-07-17 09:30:14.993,2026-07-13 00:00:00.000,2026-07-16 00:00:00.000,KK0009.07/26,XB0035.07/26,0,"",""
FB00030,A0200003709555PX,TP20,SPM084,DCM09,1790.00,2200.00,1060.00,tấm,"1800030200001474019003",A0200001474019WO,A0200000406810WO,WB2607-0012,NFD20-H60 TRẮNG,NFD20-H60H60,NFD20-H60,H60,"",B8,NFD20-H60H60,4.1740,1.0000,4.1740,1.0000,0.0000,0.00,"",79057,79023,0,LONGVÂN-LV-4060,"",SX THEO ĐƠN HÀNG,0.00,89.00,2026-07-13 16:03:58.433,2026-07-17 09:30:15.013,2026-07-13 00:00:00.000,2026-07-16 00:00:00.000,KK0009.07/26,XB0035.07/26,0,"",""
FB00030,A0200003709552PX,TP20,SPM084,DCM09,1790.00,2200.00,1090.00,tấm,"1800030200001474019004",A0200001474019WO,A0200000406810WO,WB2607-0012,NFD20-H60 TRẮNG,NFD20-H60H60,NFD20-H60,H60,"",B8,NFD20-H60H60,4.2920,1.0000,4.2920,1.0000,0.0000,0.00,"",79057,79023,0,LONGVÂN-LV-4060,"",SX THEO ĐƠN HÀNG,0.00,89.00,2026-07-13 16:03:58.417,2026-07-17 09:30:14.983,2026-07-13 00:00:00.000,2026-07-16 00:00:00.000,KK0009.07/26,XB0035.07/26,0,"",""
FB00030,A0200003709550PX,TP20,SPM084,DCM09,1790.00,2200.00,1080.00,tấm,"1800030200001474019005",A0200001474019WO,A0200000406810WO,WB2607-0012,NFD20-H60 TRẮNG,NFD20-H60H60,NFD20-H60,H60,"",B8,NFD20-H60H60,4.2530,1.0000,4.2530,1.0000,0.0000,0.00,"",79057,79023,0,LONGVÂN-LV-4060,"",SX THEO ĐƠN HÀNG,0.00,89.00,2026-07-13 16:03:58.407,2026-07-17 09:30:14.963,2026-07-13 00:00:00.000,2026-07-16 00:00:00.000,KK0009.07/26,XB0035.07/26,0,"",""
FB00030,A0200003709549PX,TP20,SPM084,DCM09,1790.00,2200.00,970.00,tấm,"1800030200001474019006",A0200001474019WO,A0200000406810WO,WB2607-0012,NFD20-H60 TRẮNG,NFD20-H60H60,NFD20-H60,H60,"",B8,NFD20-H60H60,3.8200,1.0000,3.8200,1.0000,0.0000,0.00,"",79057,79023,0,LONGVÂN-LV-4060,"",SX THEO ĐƠN HÀNG,0.00,89.00,2026-07-13 16:03:58.383,2026-07-17 09:30:13.653,2026-07-13 00:00:00.000,2026-07-16 00:00:00.000,KK0009.07/26,XB0035.07/26,0,"",""
FB00030,A0200003709551PX,TP20,SPM084,DCM09,1800.00,2200.00,1090.00,tấm,"1800030200001474019007",A0200001474019WO,A0200000406810WO,WB2607-0012,NFD20-H60 TRẮNG,NFD20-H60H60,NFD20-H60,H60,"",B8,NFD20-H60H60,4.3160,1.0000,4.3160,1.0000,0.0000,0.00,"",79057,79023,0,LONGVÂN-LV-4060,"",SX THEO ĐƠN HÀNG,0.00,89.00,2026-07-13 16:03:58.410,2026-07-17 09:30:14.973,2026-07-13 00:00:00.000,2026-07-16 00:00:00.000,KK0009.07/26,XB0035.07/26,0,"",""
FB00030,A0200003709556PX,TP20,SPM084,DCM09,2230.00,2200.00,1070.00,tấm,"1800030200001474020001",A0200001474020WO,A0200000406810WO,WB2607-0012,NFD20-H60 TRẮNG,NFD20-H60H60,NFD20-H60,H60,"",B8,NFD20-H60H60,5.2490,1.0000,5.2490,1.0000,0.0000,0.00,"",79057,79023,0,LONGVÂN-LV-4060,"",SX THEO ĐƠN HÀNG,0.00,89.00,2026-07-13 16:03:58.440,2026-07-17 09:30:15.023,2026-07-13 00:00:00.000,2026-07-16 00:00:00.000,KK0009.07/26,XB0035.07/26,0,"",""
FB00030,A0200003709557PX,TP20,SPM084,DCM09,2220.00,2200.00,1040.00,tấm,"1800030200001474020002",A0200001474020WO,A0200000406810WO,WB2607-0012,NFD20-H60 TRẮNG,NFD20-H60H60,NFD20-H60,H60,"",B8,NFD20-H60H60,5.0790,1.0000,5.0790,1.0000,0.0000,0.00,"",79057,79023,0,LONGVÂN-LV-4060,"",SX THEO ĐƠN HÀNG,0.00,89.00,2026-07-13 16:03:58.497,2026-07-17 09:30:15.033,2026-07-13 00:00:00.000,2026-07-16 00:00:00.000,KK0009.07/26,XB0035.07/26,0,"",""
FB00030,A0200003708759PN,TP20,SPM084,DCM09,2210.00,2200.00,930.00,tấm,"1800030200001474020003",A0200001474020WO,A0200000406810WO,WB2607-0012,NFD20-H60 TRẮNG,NFD20-H60H60,NFD20-H60,H60,"",B8,NFD20-H60H60,4.5220,1.0000,0.0000,0.0000,4.5220,1.00,"",79057,79023,0,LONGVÂN-LV-4060,"",SX THEO ĐƠN HÀNG,0.00,233.00,2026-07-13 16:03:58.503,,2026-07-13 00:00:00.000,,KK0009.07/26,,0,"",""
FB00030,A0200003709740PX,TP20,SPM084,DCM09,1250.00,2200.00,900.00,tấm,"1800030200001475094001",A0200001458940WO,A0200000401865WO,WB2604-0029,NFD20-H60 TRẮNG,NFD20-H60H60,NFD20-H60,H60,"",A2,NFD20-H60H60,2.4750,1.0000,2.4750,1.0000,0.0000,0.00,"",79057,79023,0,"","",SX DƯ,0.00,0.00,2026-07-17 10:18:54.650,2026-07-17 10:30:51.180,2026-07-16 00:00:00.000,2026-07-16 00:00:00.000,KK0013.07/26,XB0035.07/26,0,"",""
FB00030,A0200003710501PX,TP20,SPM084,DCM09,1940.00,2200.00,965.00,tấm,"1800030200001475689001",A0200001458940WO,A0200000401865WO,WB2604-0029,NFD20-H60 TRẮNG,NFD20-H60H60,NFD20-H60,H60,"","",NFD20-H60H60,4.1190,1.0000,4.1190,1.0000,0.0000,0.00,"",79057,79023,0,LONGVÂN-LV-PO 3959-Vail SF-01,"",SX THEO ĐƠN HÀNG,0.00,3.00,2026-07-20 13:49:27.493,2026-07-20 16:44:37.043,2026-07-20 00:00:00.000,2026-07-20 00:00:00.000,KK0015.07/26,XB0044.07/26,0,"",""
FB00030,A0200003710489PX,TP20,SPM084,DCM09,1940.00,2200.00,965.00,tấm,"1800030200001475689002",A0200001458940WO,A0200000401865WO,WB2604-0029,NFD20-H60 TRẮNG,NFD20-H60H60,NFD20-H60,H60,"","",NFD20-H60H60,4.1190,1.0000,4.1190,1.0000,0.0000,0.00,"",79057,79023,0,LONGVÂN-LV-PO 3959-Vail SF-01,"",SX THEO ĐƠN HÀNG,0.00,3.00,2026-07-20 13:49:27.300,2026-07-20 16:44:36.890,2026-07-20 00:00:00.000,2026-07-20 00:00:00.000,KK0015.07/26,XB0044.07/26,0,"",""
FB00030,A0200003710502PX,TP20,SPM084,DCM09,1940.00,2200.00,965.00,tấm,"1800030200001475689003",A0200001458940WO,A0200000401865WO,WB2604-0029,NFD20-H60 TRẮNG,NFD20-H60H60,NFD20-H60,H60,"","",NFD20-H60H60,4.1190,1.0000,4.1190,1.0000,0.0000,0.00,"",79057,79023,0,LONGVÂN-LV-PO 3959-Vail SF-01,"",SX THEO ĐƠN HÀNG,0.00,3.00,2026-07-20 13:49:27.503,2026-07-20 16:44:37.057,2026-07-20 00:00:00.000,2026-07-20 00:00:00.000,KK0015.07/26,XB0044.07/26,0,"",""
FB00030,A0200003710491PX,TP20,SPM084,DCM09,1940.00,2200.00,965.00,tấm,"1800030200001475690001",A0200001458940WO,A0200000401865WO,WB2604-0029,NFD20-H60 TRẮNG,NFD20-H60H60,NFD20-H60,H60,"","",NFD20-H60H60,4.1190,1.0000,4.1190,1.0000,0.0000,0.00,"",79057,79023,0,LONGVÂN-LV-PO 3959-Vail SF-02,"",SX THEO ĐƠN HÀNG,0.00,3.00,2026-07-20 13:49:27.323,2026-07-20 16:44:36.917,2026-07-20 00:00:00.000,2026-07-20 00:00:00.000,KK0015.07/26,XB0044.07/26,0,"",""
FB00030,A0200003710490PX,TP20,SPM084,DCM09,1940.00,2200.00,965.00,tấm,"1800030200001475690002",A0200001458940WO,A0200000401865WO,WB2604-0029,NFD20-H60 TRẮNG,NFD20-H60H60,NFD20-H60,H60,"","",NFD20-H60H60,4.1190,1.0000,4.1190,1.0000,0.0000,0.00,"",79057,79023,0,LONGVÂN-LV-PO 3959-Vail SF-02,"",SX THEO ĐƠN HÀNG,0.00,3.00,2026-07-20 13:49:27.313,2026-07-20 16:44:36.903,2026-07-20 00:00:00.000,2026-07-20 00:00:00.000,KK0015.07/26,XB0044.07/26,0,"",""
FB00030,A0200003710492PX,TP20,SPM084,DCM09,1940.00,2200.00,965.00,tấm,"1800030200001475690003",A0200001458940WO,A0200000401865WO,WB2604-0029,NFD20-H60 TRẮNG,NFD20-H60H60,NFD20-H60,H60,"","",NFD20-H60H60,4.1190,1.0000,4.1190,1.0000,0.0000,0.00,"",79057,79023,0,LONGVÂN-LV-PO 3959-Vail SF-02,"",SX THEO ĐƠN HÀNG,0.00,3.00,2026-07-20 13:49:27.330,2026-07-20 16:44:36.930,2026-07-20 00:00:00.000,2026-07-20 00:00:00.000,KK0015.07/26,XB0044.07/26,0,"",""
FB00030,A0200003710499PX,TP20,SPM084,DCM09,1890.00,2200.00,965.00,tấm,"1800030200001475691001",A0200001458940WO,A0200000401865WO,WB2604-0029,NFD20-H60 TRẮNG,NFD20-H60H60,NFD20-H60,H60,"","",NFD20-H60H60,4.0120,1.0000,4.0120,1.0000,0.0000,0.00,"",79057,79023,0,LONGVÂN-LV-PO 3959-Vail SF-01,"",SX THEO ĐƠN HÀNG,0.00,3.00,2026-07-20 13:49:27.467,2026-07-20 16:44:37.020,2026-07-20 00:00:00.000,2026-07-20 00:00:00.000,KK0015.07/26,XB0044.07/26,0,"",""
FB00030,A0200003710500PX,TP20,SPM084,DCM09,1890.00,2200.00,965.00,tấm,"1800030200001475691002",A0200001458940WO,A0200000401865WO,WB2604-0029,NFD20-H60 TRẮNG,NFD20-H60H60,NFD20-H60,H60,"","",NFD20-H60H60,4.0120,1.0000,4.0120,1.0000,0.0000,0.00,"",79057,79023,0,LONGVÂN-LV-PO 3959-Vail SF-01,"",SX THEO ĐƠN HÀNG,0.00,3.00,2026-07-20 13:49:27.480,2026-07-20 16:44:37.033,2026-07-20 00:00:00.000,2026-07-20 00:00:00.000,KK0015.07/26,XB0044.07/26,0,"",""
FB00030,A0200003710488PX,TP20,SPM084,DCM09,1890.00,2200.00,965.00,tấm,"1800030200001475691003",A0200001458940WO,A0200000401865WO,WB2604-0029,NFD20-H60 TRẮNG,NFD20-H60H60,NFD20-H60,H60,"","",NFD20-H60H60,4.0120,1.0000,4.0120,1.0000,0.0000,0.00,"",79057,79023,0,LONGVÂN-LV-PO 3959-Vail SF-01,"",SX THEO ĐƠN HÀNG,0.00,3.00,2026-07-20 13:49:27.290,2026-07-20 16:44:36.880,2026-07-20 00:00:00.000,2026-07-20 00:00:00.000,KK0015.07/26,XB0044.07/26,0,"",""
FB00030,A0200003710487PX,TP20,SPM084,DCM09,1890.00,2200.00,965.00,tấm,"1800030200001475691005",A0200001458940WO,A0200000401865WO,WB2604-0029,NFD20-H60 TRẮNG,NFD20-H60H60,NFD20-H60,H60,"","",NFD20-H60H60,4.0120,1.0000,4.0120,1.0000,0.0000,0.00,"",79057,79023,0,LONGVÂN-LV-PO 3959-Vail SF-01,"",SX THEO ĐƠN HÀNG,0.00,3.00,2026-07-20 13:49:27.280,2026-07-20 16:44:36.857,2026-07-20 00:00:00.000,2026-07-20 00:00:00.000,KK0015.07/26,XB0044.07/26,0,"",""
FB00030,A0200003710497PX,TP20,SPM084,DCM09,1890.00,2200.00,965.00,tấm,"1800030200001475691006",A0200001458940WO,A0200000401865WO,WB2604-0029,NFD20-H60 TRẮNG,NFD20-H60H60,NFD20-H60,H60,"","",NFD20-H60H60,4.0120,1.0000,4.0120,1.0000,0.0000,0.00,"",79057,79023,0,LONGVÂN-LV-PO 3959-Vail SF-01,"",SX THEO ĐƠN HÀNG,0.00,3.00,2026-07-20 13:49:27.440,2026-07-20 16:44:36.997,2026-07-20 00:00:00.000,2026-07-20 00:00:00.000,KK0015.07/26,XB0044.07/26,0,"",""
FB00030,A0200003710486PX,TP20,SPM084,DCM09,1890.00,2200.00,965.00,tấm,"1800030200001475691007",A0200001458940WO,A0200000401865WO,WB2604-0029,NFD20-H60 TRẮNG,NFD20-H60H60,NFD20-H60,H60,"","",NFD20-H60H60,4.0120,1.0000,4.0120,1.0000,0.0000,0.00,"",79057,79023,0,LONGVÂN-LV-PO 3959-Vail SF-01,"",SX THEO ĐƠN HÀNG,0.00,3.00,2026-07-20 13:49:27.270,2026-07-20 16:44:36.843,2026-07-20 00:00:00.000,2026-07-20 00:00:00.000,KK0015.07/26,XB0044.07/26,0,"",""
FB00030,A0200003710494PX,TP20,SPM084,DCM09,1890.00,2200.00,965.00,tấm,"1800030200001475692001",A0200001458940WO,A0200000401865WO,WB2604-0029,NFD20-H60 TRẮNG,NFD20-H60H60,NFD20-H60,H60,"","",NFD20-H60H60,4.0120,1.0000,4.0120,1.0000,0.0000,0.00,"",79057,79023,0,LONGVÂN-LV-PO 3959-Vail SF-02,"",SX THEO ĐƠN HÀNG,0.00,3.00,2026-07-20 13:49:27.417,2026-07-20 16:44:36.960,2026-07-20 00:00:00.000,2026-07-20 00:00:00.000,KK0015.07/26,XB0044.07/26,0,"",""
FB00030,A0200003710485PX,TP20,SPM084,DCM09,1890.00,2200.00,965.00,tấm,"1800030200001475692002",A0200001458940WO,A0200000401865WO,WB2604-0029,NFD20-H60 TRẮNG,NFD20-H60H60,NFD20-H60,H60,"","",NFD20-H60H60,4.0120,1.0000,4.0120,1.0000,0.0000,0.00,"",79057,79023,0,LONGVÂN-LV-PO 3959-Vail SF-02,"",SX THEO ĐƠN HÀNG,0.00,3.00,2026-07-20 13:49:27.263,2026-07-20 16:44:36.833,2026-07-20 00:00:00.000,2026-07-20 00:00:00.000,KK0015.07/26,XB0044.07/26,0,"",""
FB00030,A0200003710498PX,TP20,SPM084,DCM09,1890.00,2200.00,965.00,tấm,"1800030200001475692003",A0200001458940WO,A0200000401865WO,WB2604-0029,NFD20-H60 TRẮNG,NFD20-H60H60,NFD20-H60,H60,"","",NFD20-H60H60,4.0120,1.0000,4.0120,1.0000,0.0000,0.00,"",79057,79023,0,LONGVÂN-LV-PO 3959-Vail SF-02,"",SX THEO ĐƠN HÀNG,0.00,3.00,2026-07-20 13:49:27.450,2026-07-20 16:44:37.007,2026-07-20 00:00:00.000,2026-07-20 00:00:00.000,KK0015.07/26,XB0044.07/26,0,"",""
FB00030,A0200003710484PX,TP20,SPM084,DCM09,1890.00,2200.00,965.00,tấm,"1800030200001475692004",A0200001458940WO,A0200000401865WO,WB2604-0029,NFD20-H60 TRẮNG,NFD20-H60H60,NFD20-H60,H60,"","",NFD20-H60H60,4.0120,1.0000,4.0120,1.0000,0.0000,0.00,"",79057,79023,0,LONGVÂN-LV-PO 3959-Vail SF-02,"",SX THEO ĐƠN HÀNG,0.00,3.00,2026-07-20 13:49:27.253,2026-07-20 16:44:36.820,2026-07-20 00:00:00.000,2026-07-20 00:00:00.000,KK0015.07/26,XB0044.07/26,0,"",""
FB00030,A0200003710483PX,TP20,SPM084,DCM09,1890.00,2200.00,965.00,tấm,"1800030200001475692005",A0200001458940WO,A0200000401865WO,WB2604-0029,NFD20-H60 TRẮNG,NFD20-H60H60,NFD20-H60,H60,"","",NFD20-H60H60,4.0120,1.0000,4.0120,1.0000,0.0000,0.00,"",79057,79023,0,LONGVÂN-LV-PO 3959-Vail SF-02,"",SX THEO ĐƠN HÀNG,0.00,3.00,2026-07-20 13:49:27.247,2026-07-20 16:44:35.593,2026-07-20 00:00:00.000,2026-07-20 00:00:00.000,KK0015.07/26,XB0044.07/26,0,"",""
FB00030,A0200003710495PX,TP20,SPM084,DCM09,1890.00,2200.00,965.00,tấm,"1800030200001475692006",A0200001458940WO,A0200000401865WO,WB2604-0029,NFD20-H60 TRẮNG,NFD20-H60H60,NFD20-H60,H60,"","",NFD20-H60H60,4.0120,1.0000,4.0120,1.0000,0.0000,0.00,"",79057,79023,0,LONGVÂN-LV-PO 3959-Vail SF-02,"",SX THEO ĐƠN HÀNG,0.00,3.00,2026-07-20 13:49:27.423,2026-07-20 16:44:36.970,2026-07-20 00:00:00.000,2026-07-20 00:00:00.000,KK0015.07/26,XB0044.07/26,0,"",""
FB00030,A0200003710496PX,TP20,SPM084,DCM09,1890.00,2200.00,965.00,tấm,"1800030200001475692007",A0200001458940WO,A0200000401865WO,WB2604-0029,NFD20-H60 TRẮNG,NFD20-H60H60,NFD20-H60,H60,"","",NFD20-H60H60,4.0120,1.0000,4.0120,1.0000,0.0000,0.00,"",79057,79023,0,LONGVÂN-LV-PO 3959-Vail SF-02,"",SX THEO ĐƠN HÀNG,0.00,3.00,2026-07-20 13:49:27.433,2026-07-20 16:44:36.983,2026-07-20 00:00:00.000,2026-07-20 00:00:00.000,KK0015.07/26,XB0044.07/26,0,"",""
FB00030,A0200003710493PX,TP20,SPM084,DCM09,1890.00,2200.00,965.00,tấm,"1800030200001475692008",A0200001458940WO,A0200000401865WO,WB2604-0029,NFD20-H60 TRẮNG,NFD20-H60H60,NFD20-H60,H60,"","",NFD20-H60H60,4.0120,1.0000,4.0120,1.0000,0.0000,0.00,"",79057,79023,0,LONGVÂN-LV-PO 3959-Vail SF-02,"",SX THEO ĐƠN HÀNG,0.00,3.00,2026-07-20 13:49:27.407,2026-07-20 16:44:36.943,2026-07-20 00:00:00.000,2026-07-20 00:00:00.000,KK0015.07/26,XB0044.07/26,0,"",""
FB00031,A0200003701485PX,TP20,SPM125,DCM12,1840.00,2050.00,1180.00,tấm,"1800031200001451357002",A0200001451357WO,A0200000398498WO,WB2603-0019,NFD20-H80 TRẮNG,NFD20-H80H80,NFD20-H80,H80,"",B5,NFD20-H80H80,4.4510,1.0000,4.4510,1.0000,0.0000,0.00,"",79058,79023,0,WO2603-0115+124+125,"","",0.00,2159.00,2026-03-18 10:37:04.997,2026-06-16 09:01:44.063,2026-05-31 00:00:00.000,2026-06-16 00:00:00.000,TONKHO,XB0034.06/26,0,"",""
FB00031,A0200003706806PX,TP20,SPM125,DCM12,2270.00,2050.00,950.00,tấm,"1800031200001451445001",A0200001451445WO,A0200000398530WO,WB2603-0021,NFD20-H80 TRẮNG,NFD20-H80H80,NFD20-H80,H80,"",B8,NFD20-H80H80,4.4208,1.0000,4.4208,1.0000,0.0000,0.00,"",79058,79023,0,"","","",0.00,2597.00,2026-03-18 10:37:05.030,2026-07-04 15:13:24.163,2026-05-31 00:00:00.000,2026-07-04 00:00:00.000,TONKHO,XB0010.07/26,0,"",""
FB00031,A0200003699492PX,TP20,SPM125,DCM12,1840.00,2040.00,1070.00,tấm,"1800031200001462475001",A0200001462475WO,A0200000403048WO,WB2605-0011,NFD20-H80 TRẮNG,NFD20-H80H80,NFD20-H80,H80,"",A4,NFD20-H80H80,4.0164,1.0000,4.0164,1.0000,0.0000,0.00,"",79058,79023,0,Đơn hàng NĐ,"","",0.00,549.00,2026-05-12 14:13:48.810,2026-06-04 11:13:52.257,2026-05-31 00:00:00.000,2026-06-04 00:00:00.000,TONKHO,XB0012.06/26,0,"",""
FB00031,A0200003706776PX,TP20,SPM125,DCM12,1640.00,2040.00,1120.00,tấm,"1800031200001462476001",A0200001462476WO,A0200000403048WO,WB2605-0011,NFD20-H80 TRẮNG,NFD20-H80H80,NFD20-H80,H80,"",A4,NFD20-H80H80,3.7471,1.0000,3.7471,1.0000,0.0000,0.00,"",79058,79023,0,Đơn hàng NĐ,"","",0.00,1273.00,2026-05-12 14:13:48.827,2026-07-04 15:01:51.830,2026-05-31 00:00:00.000,2026-07-04 00:00:00.000,TONKHO,XB0010.07/26,0,"",""
FB00031,A0200003706777PX,TP20,SPM125,DCM12,1640.00,2040.00,1180.00,tấm,"1800031200001462476002",A0200001462476WO,A0200000403048WO,WB2605-0011,NFD20-H80 TRẮNG,NFD20-H80H80,NFD20-H80,H80,"",A4,NFD20-H80H80,3.9478,1.0000,3.9478,1.0000,0.0000,0.00,"",79058,79023,0,Đơn hàng NĐ,"","",0.00,1273.00,2026-05-12 14:13:48.860,2026-07-04 15:01:53.103,2026-05-31 00:00:00.000,2026-07-04 00:00:00.000,TONKHO,XB0010.07/26,0,"",""
FB00031,A0200003701484PX,TP20,SPM125,DCM12,1650.00,2040.00,1150.00,tấm,"1800031200001462476003",A0200001462476WO,A0200000403048WO,WB2605-0011,NFD20-H80 TRẮNG,NFD20-H80H80,NFD20-H80,H80,"",A4,NFD20-H80H80,3.8709,1.0000,3.8709,1.0000,0.0000,0.00,"",79058,79023,0,Đơn hàng NĐ,"","",0.00,835.00,2026-05-12 14:13:48.843,2026-06-16 09:01:42.873,2026-05-31 00:00:00.000,2026-06-16 00:00:00.000,TONKHO,XB0034.06/26,0,"",""
FB00031,A0200003698614PN,TP20,SPM125,DCM12,2000.00,2040.00,1020.00,tấm,"1800031200001462478002",A0200001462478WO,A0200000403048WO,WB2605-0011,NFD20-H80 TRẮNG,NFD20-H80H80,NFD20-H80,H80,"",B4,NFD20-H80H80,4.1616,1.0000,4.1616,1.0000,0.0000,0.00,"",79058,79023,0,MEKONG-MEKTEX-21-2025-3,"","",0.00,479.00,2026-05-12 14:13:48.977,2026-06-01 13:18:28.627,2026-05-31 00:00:00.000,2026-06-01 00:00:00.000,TONKHO,XB0002.06/26,0,"",""
FB00031,A0200003698553PN,TP20,SPM125,DCM12,1520.00,2040.00,870.00,tấm,"1800031200001463002001",A0200001463002WO,A0200000403146WO,WB2605-0012,NFD20-H80 TRẮNG,NFD20-H80H80,NFD20-H80,H80,"",B6,NFD20-H80H80,2.6977,1.0000,2.6977,1.0000,0.0000,0.00,"",79058,79023,0,MEKONG-MEKTEX-21-2025-3,"","",0.00,479.00,2026-05-12 14:13:48.990,2026-06-01 13:18:28.633,2026-05-31 00:00:00.000,2026-06-01 00:00:00.000,TONKHO,XB0002.06/26,0,"",""
FB00032,A0200003701579PX,TP20,SPM085,DCM03,2220.00,2060.00,1080.00,tấm,"1800032200001456994001",A0200001456994WO,A0200000401242WO,WB2604-0013,NFD22-H20 TRẮNG,NFD22-H20H20,NFD22-H20,H20,"",B24,NFD22-H20H20,4.9391,1.0000,4.9391,1.0000,0.0000,0.00,"",79059,79023,0,MINH DƯƠNG-MD-PO2604B006,"","",0.00,1605.00,2026-04-10 16:32:19.193,2026-06-16 13:38:17.180,2026-05-31 00:00:00.000,2026-06-16 00:00:00.000,TONKHO,XB0035.06/26,0,"",""
FB00032,A0200003698988PX,TP20,SPM085,DCM03,1840.00,2060.00,1050.00,tấm,"1800032200001456995001",A0200001456995WO,A0200000401242WO,WB2604-0013,NFD22-H20 TRẮNG,NFD22-H20H20,NFD22-H20,H20,"",B24,NFD22-H20H20,3.9799,1.0000,3.9799,1.0000,0.0000,0.00,"",79059,79023,0,QA-QA-HAVAS-002-2,"","",0.00,1287.00,2026-04-10 16:32:19.203,2026-06-03 07:57:28.503,2026-05-31 00:00:00.000,2026-06-02 00:00:00.000,TONKHO,XB0007.06/26,0,"",""
FB00032,A0200003701211PX,TP20,SPM085,DCM03,1850.00,2060.00,1070.00,tấm,"1800032200001456995002",A0200001456995WO,A0200000401242WO,WB2604-0013,NFD22-H20 TRẮNG,NFD22-H20H20,NFD22-H20,H20,"",B24,NFD22-H20H20,4.0778,1.0000,4.0778,1.0000,0.0000,0.00,"",79059,79023,0,QA-QA-HAVAS-002-2,"","",0.00,1534.00,2026-04-10 16:32:19.200,2026-06-13 14:43:13.320,2026-05-31 00:00:00.000,2026-06-13 00:00:00.000,TONKHO,XB0031.06/26,0,"",""
FB00032,A0200003709757PX,TP20,SPM085,DCM03,1530.00,2080.00,900.00,tấm,"1800032200001475265001",A0200001458940WO,A0200000401865WO,WB2604-0029,NFD22-H20 TRẮNG,NFD22-H20H20,NFD22-H20,H20,"",B5,NFD22-H20H20,2.8640,1.0000,2.8640,1.0000,0.0000,0.00,"",79059,79023,0,QA-QA-HAVAS-029,"",SX THEO ĐƠN HÀNG,0.00,1.00,2026-07-17 10:13:00.740,2026-07-17 11:53:17.160,2026-07-17 00:00:00.000,2026-07-17 00:00:00.000,KK0012.07/26,XB0038.07/26,0,"",""
FB00032,A0200003709590PN,TP20,SPM085,DCM03,2010.00,2080.00,940.00,tấm,"1800032200001475266001",A0200001458940WO,A0200000401865WO,WB2604-0029,NFD22-H20 TRẮNG,NFD22-H20H20,NFD22-H20,H20,"",B5,NFD22-H20H20,3.9300,1.0000,0.0000,0.0000,3.9300,1.00,"",79059,79023,0,QA-QA-HAVAS-023-CNC-A Tuấn SX,"",SX THEO ĐƠN HÀNG,0.00,143.00,2026-07-17 10:13:00.767,,2026-07-17 00:00:00.000,,KK0012.07/26,,0,"",""
FB00032,A0200003709756PX,TP20,SPM085,DCM03,2560.00,2080.00,970.00,tấm,"1800032200001475267001",A0200001458940WO,A0200000401865WO,WB2604-0029,NFD22-H20 TRẮNG,NFD22-H20H20,NFD22-H20,H20,"",B5,NFD22-H20H20,5.1650,1.0000,5.1650,1.0000,0.0000,0.00,"",79059,79023,0,QA-QA-HAVAS-029,"",SX THEO ĐƠN HÀNG,0.00,1.00,2026-07-17 10:13:00.733,2026-07-17 11:53:17.147,2026-07-17 00:00:00.000,2026-07-17 00:00:00.000,KK0012.07/26,XB0038.07/26,0,"",""
FB00032,A0200003709591PN,TP20,SPM085,DCM03,2210.00,2080.00,990.00,tấm,"1800032200001475268001",A0200001458940WO,A0200000401865WO,WB2604-0029,NFD22-H20 TRẮNG,NFD22-H20H20,NFD22-H20,H20,"",B5,NFD22-H20H20,4.5510,1.0000,0.0000,0.0000,4.5510,1.00,"",79059,79023,0,QA-QA-HAVAS-029,"",SX THEO ĐƠN HÀNG,0.00,143.00,2026-07-17 10:13:00.770,,2026-07-17 00:00:00.000,,KK0012.07/26,,0,"",""
FB00033,A0200003703206PX,TP20,SPM086,DCM07,1990.00,2070.00,950.00,tấm,"1800033200001441728001",A0200001441728WO,A0200000395684WO,WB2601-0033,NFD22-H50 TRẮNG,NFD22-H50H50,NFD22-H50,H50,"","",NFD22-H50H50,7.8266,2.0000,3.9133,1.0000,3.9133,1.00,"",79060,79023,0,Thiếu kích thước do cắt test,"",SX DU,0.00,17.00,2026-06-22 16:27:11.233,2026-06-23 09:08:03.263,2026-06-22 00:00:00.000,2026-06-22 00:00:00.000,XB0048.06/26,XB0048.06/26,0,"",""
FB00033,A0200003703205PX,TP20,SPM086,DCM07,2070.00,1950.00,1060.00,tấm,"1800033200001448190003",A0200001448190WO,A0200000397453WO,WB2602-0026,NFD22-H50 TRẮNG,NFD22-H50H50,NFD22-H50,H50,"","",NFD22-H50H50,8.5574,2.0000,4.2787,1.0000,4.2787,1.00,"",79060,79023,0,BS SST,"",SX DU,0.00,17.00,2026-06-22 16:27:11.233,2026-06-23 09:08:03.260,2026-06-22 00:00:00.000,2026-06-22 00:00:00.000,XB0048.06/26,XB0048.06/26,0,"",""
FB00036,A0200003699486PX,TP20,SPM035,DCM13,1970.00,2080.00,1100.00,tấm,"1800036200001444990001",A0200001444990WO,A0200000396592WO,WB2602-0005,NFD23-H90 VÀNG,D23H90,D23,H90,"",B5,D23H90,4.5074,1.0000,4.5074,1.0000,0.0000,0.00,"",105861,79023,0,Dự trù ASHT-Cắt đầu đinh,"","",0.00,2809.00,2026-02-07 10:10:02.377,2026-06-04 11:13:51.853,2026-05-31 00:00:00.000,2026-06-04 00:00:00.000,TONKHO,XB0012.06/26,0,"",""
FB00036,A0200003699487PX,TP20,SPM035,DCM13,1970.00,2080.00,1130.00,tấm,"1800036200001444990002",A0200001444990WO,A0200000396592WO,WB2602-0005,NFD23-H90 VÀNG,D23H90,D23,H90,"",B5,D23H90,4.6303,1.0000,4.6303,1.0000,0.0000,0.00,"",105861,79023,0,Dự trù ASHT-Cắt đầu đinh,"","",0.00,2809.00,2026-02-07 10:10:02.380,2026-06-04 11:13:51.900,2026-05-31 00:00:00.000,2026-06-04 00:00:00.000,TONKHO,XB0012.06/26,0,"",""
FB00036,A0200003699889PX,TP20,SPM035,DCM13,1380.00,2080.00,1130.00,tấm,"1800036200001454670003",A0200001454670WO,A0200000399424WO,WB2603-0034,NFD23-H90 VÀNG,D23H90,D23,H90,"",B8,D23H90,3.2436,1.0000,3.2436,1.0000,0.0000,0.00,"",105861,79023,0,ASHT-880.R0--Mousse tấm/ASHT-885.R0--Mousse tấm,"","",0.00,1607.00,2026-03-31 10:23:36.973,2026-06-06 09:43:48.237,2026-05-31 00:00:00.000,2026-06-06 00:00:00.000,TONKHO,XB0016.06/26,0,"",""
FB00036,A0200003710643PX,TP20,SPM035,DCM13,1550.00,2050.00,1050.00,tấm,"1800036200001459029002",A0200001459029WO,A0200000401906WO,WB2604-0030,NFD23-H90 VÀNG,D23H90,D23,H90,"",B5,D23H90,3.3364,1.0000,3.3364,1.0000,0.0000,0.00,"",105861,79023,0,ASHT-882.R0--Mousse tấm/ASHT-885.R0--Mousse tấm,"","",0.00,2157.00,2026-04-22 14:53:20.287,2026-07-21 11:04:49.337,2026-05-31 00:00:00.000,2026-07-21 00:00:00.000,TONKHO,XB0045.07/26,0,"",""
FB00036,A0200003703213PX,TP20,SPM035,DCM13,1890.00,2050.00,860.00,tấm,"1800036200001459475001",A0200001459475WO,A0200000402095WO,WB2604-0032,NFD23-H90 VÀNG,D23H90,D23,H90,"","",D23H90,6.6642,2.0000,3.3321,1.0000,3.3321,1.00,"",105861,79023,0,"","",SX DU,0.00,17.00,2026-06-22 16:27:11.233,2026-06-23 09:08:03.333,2026-06-22 00:00:00.000,2026-06-22 00:00:00.000,XB0048.06/26,XB0048.06/26,0,"",""
FB00036,A0200003706746PX,TP20,SPM035,DCM13,1960.00,2050.00,1000.00,tấm,"1800036200001463929001",A0200001463929WO,A0200000403510WO,WB2605-0022,NFD23-H90 VÀNG,D23H90,D23,H90,"",B10,D23H90,4.0180,1.0000,4.0180,1.0000,0.0000,0.00,"",105861,79023,0,ASHT-885.R0--Mousse tấm,"","",0.00,1079.00,2026-05-20 11:23:02.957,2026-07-04 10:34:01.467,2026-05-31 00:00:00.000,2026-07-04 00:00:00.000,TONKHO,XB0009.07/26,0,"",""
FB00036,A0200003709783PX,TP20,SPM035,DCM13,1960.00,2050.00,1060.00,tấm,"1800036200001463929002",A0200001463929WO,A0200000403510WO,WB2605-0022,NFD23-H90 VÀNG,D23H90,D23,H90,"","",D23H90,8.5182,2.0000,4.2591,1.0000,4.2591,1.00,"",105861,79023,0,ASHT-885.R0--Mousse tấm,"","",0.00,45.00,2026-07-15 15:32:37.930,2026-07-17 12:51:29.247,2026-07-15 00:00:00.000,2026-07-15 00:00:00.000,XB0033.07/26,XB0033.07/26,0,"",""
FB00036,A0200003710642PX,TP20,SPM035,DCM13,1560.00,2050.00,1100.00,tấm,"1800036200001463930001",A0200001463930WO,A0200000403510WO,WB2605-0022,NFD23-H90 VÀNG,D23H90,D23,H90,"",B10,D23H90,3.5178,1.0000,3.5178,1.0000,0.0000,0.00,"",105861,79023,0,ASHT-885.R0--Mousse tấm,"","",0.00,1488.00,2026-05-20 11:23:02.973,2026-07-21 11:04:49.333,2026-05-31 00:00:00.000,2026-07-21 00:00:00.000,TONKHO,XB0045.07/26,0,"",""
FB00036,A0200003699535PX,TP20,SPM035,DCM13,1560.00,2050.00,1070.00,tấm,"1800036200001463930002",A0200001463930WO,A0200000403510WO,WB2605-0022,NFD23-H90 VÀNG,D23H90,D23,H90,"",B10,D23H90,3.4219,1.0000,3.4219,1.0000,0.0000,0.00,"",105861,79023,0,ASHT-885.R0--Mousse tấm,"","",0.00,383.00,2026-05-20 11:23:02.877,2026-06-05 10:12:19.957,2026-05-31 00:00:00.000,2026-06-05 00:00:00.000,TONKHO,XB0014.06/26,0,"",""
FB00036,A0200003699536PX,TP20,SPM035,DCM13,1380.00,2050.00,1100.00,tấm,"1800036200001463931001",A0200001463931WO,A0200000403510WO,WB2605-0022,NFD23-H90 VÀNG,D23H90,D23,H90,"",B10,D23H90,3.1119,1.0000,3.1119,1.0000,0.0000,0.00,"",105861,79023,0,ASHT-885.R0--Mousse tấm,"","",0.00,383.00,2026-05-20 11:23:02.860,2026-06-05 10:12:19.980,2026-05-31 00:00:00.000,2026-06-05 00:00:00.000,TONKHO,XB0014.06/26,0,"",""
FB00036,A0200003706747PX,TP20,SPM035,DCM13,1940.00,2050.00,1100.00,tấm,"1800036200001463932001",A0200001463932WO,A0200000403510WO,WB2605-0022,NFD23-H90 VÀNG,D23H90,D23,H90,"",B10,D23H90,4.3747,1.0000,4.3747,1.0000,0.0000,0.00,"",105861,79023,0,ASHT-885.R0--Mousse tấm,"","",0.00,1079.00,2026-05-20 11:23:02.840,2026-07-04 10:34:01.473,2026-05-31 00:00:00.000,2026-07-04 00:00:00.000,TONKHO,XB0009.07/26,0,"",""
FB00036,A0200003710640PX,TP20,SPM035,DCM13,1970.00,2050.00,1060.00,tấm,"1800036200001464209001",A0200001464209WO,A0200000403612WO,WB2605-0023,NFD23-H90 VÀNG,D23H90,D23,H90,"",B10,D23H90,4.2808,1.0000,4.2808,1.0000,0.0000,0.00,"",105861,79023,0,"","","",0.00,1488.00,2026-05-20 11:23:02.940,2026-07-21 11:04:49.300,2026-05-31 00:00:00.000,2026-07-21 00:00:00.000,TONKHO,XB0045.07/26,0,"",""
FB00036,A0200003706035PX,TP20,SPM035,DCM13,1960.00,2080.00,980.00,tấm,"1800036200001467867001",A0200001467867WO,A0200000404850WO,WB2606-0009,NFD23-H90 VÀNG,D23H90,D23,H90,"",B6-7,D23H90,3.9950,1.0000,3.9950,1.0000,0.0000,0.00,"",105861,79023,0,ASHT-887.R0--Mousse tấm,"",SX THEO DON HANG,0.00,505.00,2026-06-10 10:11:44.337,2026-07-01 11:13:40.687,2026-06-10 00:00:00.000,2026-07-01 00:00:00.000,KK0007.06/26,XB0001.07/26,0,"",""
FB00036,A0200003706036PX,TP20,SPM035,DCM13,1980.00,2080.00,1090.00,tấm,"1800036200001467867002",A0200001467867WO,A0200000404850WO,WB2606-0009,NFD23-H90 VÀNG,D23H90,D23,H90,"",B6-7,D23H90,4.4890,1.0000,4.4890,1.0000,0.0000,0.00,"",105861,79023,0,ASHT-887.R0--Mousse tấm,"",SX THEO DON HANG,0.00,505.00,2026-06-10 10:11:44.470,2026-07-01 11:13:40.777,2026-06-10 00:00:00.000,2026-07-01 00:00:00.000,KK0007.06/26,XB0001.07/26,0,"",""
FB00036,A0200003706037PX,TP20,SPM035,DCM13,1940.00,2080.00,1060.00,tấm,"1800036200001467867003",A0200001467867WO,A0200000404850WO,WB2606-0009,NFD23-H90 VÀNG,D23H90,D23,H90,"",B6-7,D23H90,4.2770,1.0000,4.2770,1.0000,0.0000,0.00,"",105861,79023,0,ASHT-887.R0--Mousse tấm,"",SX THEO DON HANG,0.00,505.00,2026-06-10 10:11:44.453,2026-07-01 11:13:40.857,2026-06-10 00:00:00.000,2026-07-01 00:00:00.000,KK0007.06/26,XB0001.07/26,0,"",""
FB00036,A0200003703214PX,TP20,SPM035,DCM13,1190.00,2080.00,880.00,tấm,"1800036200001468122001",A0200001468122WO,A0200000404895WO,WB2606-0010,NFD23-H90 VÀNG,D23H90,D23,H90,"",B6-7,D23H90,4.3560,2.0000,2.1780,1.0000,2.1780,1.00,"",105861,79023,0,"","",SX THEO DON HANG,0.00,311.00,2026-06-10 10:11:44.290,2026-06-23 09:08:03.370,2026-06-22 00:00:00.000,2026-06-22 00:00:00.000,XB0048.06/26,XB0048.06/26,0,"",""
FB00037,A0200003709506PX,TP20,SPM087,DCM07,1950.00,2040.00,1110.00,tấm,"1800037200001407221001",A0200001407221WO,A0200000380027WO,WB2508-0090,NFD25-H50 TRẮNG,NFD25-H50H50,NFD25-H50,H50,"",B25,NFD25-H50H50,4.4156,1.0000,4.4156,1.0000,0.0000,0.00,"",79063,79023,0,ASHT-864.R0--Mousse tấm/MSP-093--Mousse tấm,"","",0.00,7805.00,2025-08-25 10:16:37.273,2026-07-16 15:43:23.603,2026-05-31 00:00:00.000,2026-07-13 00:00:00.000,TONKHO,XB0027.07/26,0,"",""
FB00037,A0200003707808PX,TP20,SPM087,DCM07,2320.00,2040.00,1100.00,tấm,"1800037200001407662001",A0200001407662WO,A0200000380136WO,WB2508-0094,NFD25-H50 TRẮNG,NFD25-H50H50,NFD25-H50,H50,"",A3,NFD25-H50H50,5.2061,1.0000,5.2061,1.0000,0.0000,0.00,"",79063,79023,0,Q,"","",0.00,7629.00,2025-08-25 12:25:54.687,2026-07-09 09:41:48.890,2026-05-31 00:00:00.000,2026-07-08 00:00:00.000,TONKHO,XB0018.07/26,0,"",""
FB00037,A0200003709297PX,TP20,SPM087,DCM07,1950.00,2060.00,1120.00,tấm,"1800037200001416190001",A0200001416190WO,A0200000386586WO,WB2510-0009,NFD25-H50 TRẮNG,NFD25-H50H50,NFD25-H50,H50,"","",NFD25-H50H50,8.9980,2.0000,4.4990,1.0000,4.4990,1.00,"",79063,79023,0,ASHT-872.R0--Mousse tấm/xuất tháng 12,"","",0.00,1.00,2026-07-15 15:32:37.930,2026-07-15 16:06:58.023,2026-07-15 00:00:00.000,2026-07-15 00:00:00.000,XB0033.07/26,XB0033.07/26,0,"",""
FB00037,A0200003701740PX,TP20,SPM087,DCM07,1560.00,2060.00,1050.00,tấm,"1800037200001416237001",A0200001416237WO,A0200000386607WO,WB2510-0010,NFD25-H50 TRẮNG,NFD25-H50H50,NFD25-H50,H50,"",B25,NFD25-H50H50,3.3743,1.0000,3.3743,1.0000,0.0000,0.00,"",79063,79023,0,RÁCH SX TRẢ/RÁCH SX TRẢ,"","",0.00,6068.00,2025-10-07 15:20:54.317,2026-06-17 11:07:45.957,2026-05-31 00:00:00.000,2026-06-17 00:00:00.000,TONKHO,XB0038.06/26,0,"",""
FB00037,A0200003701741PX,TP20,SPM087,DCM07,1830.00,2050.00,870.00,tấm,"1800037200001445674001",A0200001445674WO,A0200000396758WO,WB2602-0010,NFD25-H50 TRẮNG,NFD25-H50H50,NFD25-H50,H50,"",A1,NFD25-H50H50,3.2638,1.0000,3.2638,1.0000,0.0000,0.00,"",79063,79023,0,GRV-001--Mousse tấm,"","",0.00,3067.00,2026-02-09 16:07:35.903,2026-06-17 11:07:45.990,2026-05-31 00:00:00.000,2026-06-17 00:00:00.000,TONKHO,XB0038.06/26,0,"",""
FB00037,A0200003704584PX,TP20,SPM087,DCM07,1860.00,2060.00,1030.00,tấm,"1800037200001458174002",A0200001458174WO,A0200000401575WO,WB2604-0018,NFD25-H50 TRẮNG,NFD25-H50H50,NFD25-H50,H50,"",B2,NFD25-H50H50,3.9465,1.0000,3.9466,1.0000,-0.0001,0.00,"",79063,79023,0,IN2604-0001,"","",0.00,1702.00,2026-04-17 14:16:16.900,2026-06-27 12:47:58.133,2026-05-31 00:00:00.000,2026-06-27 00:00:00.000,TONKHO,XB0057.06/26,0,"",""
FB00038,A0200003704074PX,TP20,SPM136,DCM08,1780.00,2000.00,1120.00,tấm,"1800036600001467716004",A0200001467716WO,A0200000404785WO,WB2606-0008,IFD25-H55 TRẮNG,IFD25-H55H55,IFD25-H55,H55,"",B1,IFD25-H55H55,3.9870,1.0000,3.9870,1.0000,0.0000,0.00,"",79522,79023,0,"","",SX THEO DON HANG,0.00,391.00,2026-06-09 08:44:41.767,2026-06-25 15:00:27.513,2026-06-09 00:00:00.000,2026-06-09 00:00:00.000,KK0006.06/26,XB0021.06/26,0,"",""
FB00038,A0200003711127PX,TP20,SPM136,DCM08,1050.00,1890.00,1000.00,tấm,"1800038200001437590001",A0200001437590WO,A0200000394317WO,WB2601-0008,IFD25-H55 TRẮNG,IFD25-H55H55,IFD25-H55,H55,"","",IFD25-H55H55,3.9690,2.0000,1.9845,1.0000,1.9845,1.00,"",79522,79023,0,Mút màu xanh,Mút màu xanh,SX DU,0.00,0.00,2026-07-22 09:54:27.340,2026-07-22 09:54:28.643,2026-06-22 00:00:00.000,2026-06-22 00:00:00.000,XB0064.06/26,XB0064.06/26,0,"",""
FB00038,A0200003700008PX,TP20,SPM136,DCM08,1040.00,2080.00,1000.00,tấm,"1800038200001458837001",A0200001458837WO,A0200000401817WO,WB2604-0026,IFD25-H55 TRẮNG,IFD25-H55H55,IFD25-H55,H55,"",A1,IFD25-H55H55,2.1632,1.0000,2.1632,1.0000,0.0000,0.00,"",79522,79023,0,EVERPIA-Everpia-PO 270526-2/6,"","",0.00,1174.00,2026-04-18 13:05:04.480,2026-06-06 11:23:48.327,2026-05-31 00:00:00.000,2026-06-05 00:00:00.000,TONKHO,XB0015.06/26,0,"",""
FB00038,A0200003700007PX,TP20,SPM136,DCM08,1700.00,1850.00,1060.00,tấm,"1800038200001461418001",A0200001461418WO,A0200000402723WO,WB2605-0004,IFD25-H55 TRẮNG,IFD25-H55H55,IFD25-H55,H55,"",A3,IFD25-H55H55,3.3337,1.0000,3.3337,1.0000,0.0000,0.00,"",79522,79023,0,JANG IN-JI-260525-2-12/6,"","",0.00,693.00,2026-05-08 14:18:31.720,2026-06-06 11:23:48.310,2026-05-31 00:00:00.000,2026-06-05 00:00:00.000,TONKHO,XB0015.06/26,0,"",""
FB00038,A0200003698630PN,TP20,SPM136,DCM08,1500.00,2200.00,800.00,tấm,"1800038200001461682001",A0200001461682WO,A0200000402878WO,WB2605-0007,IFD25-H55 TRẮNG,IFD25-H55H55,IFD25-H55,H55,"",B2,IFD25-H55H55,2.6400,1.0000,2.6400,1.0000,0.0000,0.00,"",79522,79023,0,JANG IN-JI-260525-2-12/6,"","",0.00,600.00,2026-05-08 14:24:32.680,2026-06-02 14:48:12.740,2026-05-31 00:00:00.000,2026-06-02 00:00:00.000,TONKHO,XB0008.06/26,0,"",""
FB00038,A0200003701209PX,TP20,SPM136,DCM08,2150.00,2000.00,1075.00,tấm,"1800038200001467713001",A0200001467713WO,A0200000404785WO,WB2606-0008,IFD25-H55 TRẮNG,IFD25-H55H55,IFD25-H55,H55,"",B1,IFD25-H55H55,4.6230,1.0000,4.6230,1.0000,0.0000,0.00,"",79522,79023,0,HOÀNG ĐỨC THỊNH-HĐT-PO 05-06,"",SX THEO DON HANG,0.00,101.00,2026-06-09 09:16:24.177,2026-06-13 14:38:17.483,2026-06-09 00:00:00.000,2026-06-13 00:00:00.000,KK0006.06/26,XB0030.06/26,0,"",""
FB00038,A0200003700302PX,TP20,SPM136,DCM08,1330.00,2000.00,1075.00,tấm,"1800038200001467714001",A0200001467714WO,A0200000404785WO,WB2606-0008,IFD25-H55 TRẮNG,IFD25-H55H55,IFD25-H55,H55,"",B1,IFD25-H55H55,2.8600,1.0000,2.8600,1.0000,0.0000,0.00,"",79522,79023,0,HOÀNG ĐỨC THỊNH-HĐT-PO 05-06,"",SX THEO DON HANG,0.00,4.00,2026-06-09 09:52:00.867,2026-06-09 13:33:22.717,2026-06-09 00:00:00.000,2026-06-09 00:00:00.000,KK0006.06/26,XB0022.06/26,0,"",""
FB00038,A0200003700286PX,TP20,SPM136,DCM08,1960.00,2000.00,1120.00,tấm,"1800038200001467715001",A0200001467715WO,A0200000404785WO,WB2606-0008,IFD25-H55 TRẮNG,IFD25-H55H55,IFD25-H55,H55,"",B1,IFD25-H55H55,4.3900,1.0000,4.3900,1.0000,0.0000,0.00,"",79522,79023,0,PHƯƠNG MI-PM-13-2,"",SX THEO DON HANG,0.00,2.00,2026-06-09 08:44:41.830,2026-06-09 10:14:45.887,2026-06-09 00:00:00.000,2026-06-09 00:00:00.000,KK0006.06/26,XB0021.06/26,0,"",""
FB00038,A0200003700282PX,TP20,SPM136,DCM08,1960.00,2000.00,1120.00,tấm,"1800038200001467715002",A0200001467715WO,A0200000404785WO,WB2606-0008,IFD25-H55 TRẮNG,IFD25-H55H55,IFD25-H55,H55,"",B1,IFD25-H55H55,4.3900,1.0000,4.3900,1.0000,0.0000,0.00,"",79522,79023,0,PHƯƠNG MI-PM-13-2,"",SX THEO DON HANG,0.00,2.00,2026-06-09 08:44:41.790,2026-06-09 10:14:45.850,2026-06-09 00:00:00.000,2026-06-09 00:00:00.000,KK0006.06/26,XB0021.06/26,0,"",""
FB00038,A0200003700281PX,TP20,SPM136,DCM08,1960.00,2000.00,1120.00,tấm,"1800038200001467715003",A0200001467715WO,A0200000404785WO,WB2606-0008,IFD25-H55 TRẮNG,IFD25-H55H55,IFD25-H55,H55,"",B1,IFD25-H55H55,4.3900,1.0000,4.3900,1.0000,0.0000,0.00,"",79522,79023,0,PHƯƠNG MI-PM-13-2,"",SX THEO DON HANG,0.00,2.00,2026-06-09 08:44:41.777,2026-06-09 10:14:45.837,2026-06-09 00:00:00.000,2026-06-09 00:00:00.000,KK0006.06/26,XB0021.06/26,0,"",""
FB00038,A0200003700277PX,TP20,SPM136,DCM08,1960.00,2000.00,1120.00,tấm,"1800038200001467715004",A0200001467715WO,A0200000404785WO,WB2606-0008,IFD25-H55 TRẮNG,IFD25-H55H55,IFD25-H55,H55,"",B1,IFD25-H55H55,4.3900,1.0000,4.3900,1.0000,0.0000,0.00,"",79522,79023,0,PHƯƠNG MI-PM-13-2,"",SX THEO DON HANG,0.00,2.00,2026-06-09 08:44:41.703,2026-06-09 10:14:45.793,2026-06-09 00:00:00.000,2026-06-09 00:00:00.000,KK0006.06/26,XB0021.06/26,0,"",""
FB00038,A0200003700276PX,TP20,SPM136,DCM08,1780.00,2000.00,1120.00,tấm,"1800038200001467716001",A0200001467716WO,A0200000404785WO,WB2606-0008,IFD25-H55 TRẮNG,IFD25-H55H55,IFD25-H55,H55,"",B1,IFD25-H55H55,3.9870,1.0000,3.9870,1.0000,0.0000,0.00,"",79522,79023,0,PHƯƠNG MI-PM-13-2,"",SX THEO DON HANG,0.00,2.00,2026-06-09 08:44:41.673,2026-06-09 10:14:45.787,2026-06-09 00:00:00.000,2026-06-09 00:00:00.000,KK0006.06/26,XB0021.06/26,0,"",""
FB00038,A0200003700278PX,TP20,SPM136,DCM08,1780.00,2000.00,1120.00,tấm,"1800038200001467716002",A0200001467716WO,A0200000404785WO,WB2606-0008,IFD25-H55 TRẮNG,IFD25-H55H55,IFD25-H55,H55,"",B1,IFD25-H55H55,3.9870,1.0000,3.9870,1.0000,0.0000,0.00,"",79522,79023,0,PHƯƠNG MI-PM-13-2,"",SX THEO DON HANG,0.00,2.00,2026-06-09 08:44:41.717,2026-06-09 10:14:45.800,2026-06-09 00:00:00.000,2026-06-09 00:00:00.000,KK0006.06/26,XB0021.06/26,0,"",""
FB00038,A0200003700279PX,TP20,SPM136,DCM08,1780.00,2000.00,1120.00,tấm,"1800038200001467716003",A0200001467716WO,A0200000404785WO,WB2606-0008,IFD25-H55 TRẮNG,IFD25-H55H55,IFD25-H55,H55,"",B1,IFD25-H55H55,3.9870,1.0000,3.9870,1.0000,0.0000,0.00,"",79522,79023,0,PHƯƠNG MI-PM-13-2,"",SX THEO DON HANG,0.00,2.00,2026-06-09 08:44:41.727,2026-06-09 10:14:45.807,2026-06-09 00:00:00.000,2026-06-09 00:00:00.000,KK0006.06/26,XB0021.06/26,0,"",""
FB00038,A0200003700285PX,TP20,SPM136,DCM08,1700.00,2000.00,1000.00,tấm,"1800038200001467717001",A0200001467717WO,A0200000404785WO,WB2606-0008,IFD25-H55 TRẮNG,IFD25-H55H55,IFD25-H55,H55,"",B1,IFD25-H55H55,3.4000,1.0000,3.4000,1.0000,0.0000,0.00,"",79522,79023,0,PHƯƠNG MI-PM-13-2,"",SX THEO DON HANG,0.00,2.00,2026-06-09 08:44:41.820,2026-06-09 10:14:45.877,2026-06-09 00:00:00.000,2026-06-09 00:00:00.000,KK0006.06/26,XB0021.06/26,0,"",""
FB00038,A0200003700283PX,TP20,SPM136,DCM08,1700.00,2000.00,1000.00,tấm,"1800038200001467717002",A0200001467717WO,A0200000404785WO,WB2606-0008,IFD25-H55 TRẮNG,IFD25-H55H55,IFD25-H55,H55,"",B1,IFD25-H55H55,3.4000,1.0000,3.4000,1.0000,0.0000,0.00,"",79522,79023,0,PHƯƠNG MI-PM-13-2,"",SX THEO DON HANG,0.00,2.00,2026-06-09 08:44:41.800,2026-06-09 10:14:45.857,2026-06-09 00:00:00.000,2026-06-09 00:00:00.000,KK0006.06/26,XB0021.06/26,0,"",""
FB00038,A0200003700284PX,TP20,SPM136,DCM08,1700.00,2000.00,1000.00,tấm,"1800038200001467717003",A0200001467717WO,A0200000404785WO,WB2606-0008,IFD25-H55 TRẮNG,IFD25-H55H55,IFD25-H55,H55,"",B1,IFD25-H55H55,3.4000,1.0000,3.4000,1.0000,0.0000,0.00,"",79522,79023,0,PHƯƠNG MI-PM-13-2,"",SX THEO DON HANG,0.00,2.00,2026-06-09 08:44:41.810,2026-06-09 10:14:45.863,2026-06-09 00:00:00.000,2026-06-09 00:00:00.000,KK0006.06/26,XB0021.06/26,0,"",""
FB00038,A0200003701210PX,TP20,SPM136,DCM08,2260.00,2000.00,1120.00,tấm,"1800038200001467718001",A0200001467718WO,A0200000404785WO,WB2606-0008,IFD25-H55 TRẮNG,IFD25-H55H55,IFD25-H55,H55,"",B1,IFD25-H55H55,5.0620,1.0000,5.0620,1.0000,0.0000,0.00,"",79522,79023,0,Jangin+Phát Triển,"",SX THEO DON HANG,0.00,101.00,2026-06-09 09:16:24.117,2026-06-13 14:38:17.493,2026-06-09 00:00:00.000,2026-06-13 00:00:00.000,KK0006.06/26,XB0030.06/26,0,"",""
FB00038,A0200003703991PX,TP20,SPM136,DCM08,2260.00,2000.00,1120.00,tấm,"1800038200001467718002",A0200001467718WO,A0200000404785WO,WB2606-0008,IFD25-H55 TRẮNG,IFD25-H55H55,IFD25-H55,H55,"",B1,IFD25-H55H55,5.0620,1.0000,5.0620,1.0000,0.0000,0.00,"",79522,79023,0,Jangin+Phát Triển,"",SX THEO DON HANG,0.00,384.00,2026-06-09 09:16:24.093,2026-06-25 09:50:27.277,2026-06-09 00:00:00.000,2026-06-24 00:00:00.000,KK0006.06/26,XB0052.06/26,0,"",""
FB00038,A0200003702041PX,TP20,SPM136,DCM08,2260.00,2000.00,1120.00,tấm,"1800038200001467718003",A0200001467718WO,A0200000404785WO,WB2606-0008,IFD25-H55 TRẮNG,IFD25-H55H55,IFD25-H55,H55,"",B1,IFD25-H55H55,5.0620,1.0000,5.0620,1.0000,0.0000,0.00,"",79522,79023,0,Jangin+Phát Triển,"",SX THEO DON HANG,0.00,218.00,2026-06-09 09:16:24.137,2026-06-18 11:02:46.190,2026-06-09 00:00:00.000,2026-06-18 00:00:00.000,KK0006.06/26,XB0040.06/26,0,"",""
FB00038,A0200003701208PX,TP20,SPM136,DCM08,1950.00,2000.00,870.00,tấm,"1800038200001468121001",A0200001468121WO,A0200000404895WO,WB2606-0010,IFD25-H55 TRẮNG,IFD25-H55H55,IFD25-H55,H55,"",A4,IFD25-H55H55,3.3930,1.0000,3.3930,1.0000,0.0000,0.00,"",79522,79023,0,"","",SX THEO DON HANG,0.00,26.00,2026-06-12 12:05:04.570,2026-06-13 14:38:17.460,2026-06-12 00:00:00.000,2026-06-13 00:00:00.000,KK0008.06/26,XB0030.06/26,0,"",""
FB00038,A0200003701390PX,TP20,SPM136,DCM08,1790.00,1850.00,1150.00,tấm,"1800038200001468706001",A0200001468706WO,A0200000405074WO,WB2606-0015,IFD25-H55 TRẮNG,IFD25-H55H55,IFD25-H55,H55,"",B10,IFD25-H55H55,3.8080,1.0000,3.8080,1.0000,0.0000,0.00,"",79522,79023,0,PHƯƠNG MI-PM-14-2025-1,"",SX THEO DON HANG,0.00,1.00,2026-06-15 12:44:59.980,2026-06-15 13:56:49.557,2026-06-15 00:00:00.000,2026-06-13 00:00:00.000,KK0010.06/26,XB0030.06/26,0,"",""
FB00038,A0200003701388PX,TP20,SPM136,DCM08,1800.00,1850.00,1140.00,tấm,"1800038200001468706002",A0200001468706WO,A0200000405074WO,WB2606-0015,IFD25-H55 TRẮNG,IFD25-H55H55,IFD25-H55,H55,"",B10,IFD25-H55H55,3.7960,1.0000,3.7960,1.0000,0.0000,0.00,"",79522,79023,0,PHƯƠNG MI-PM-14-2025-1,"",SX THEO DON HANG,0.00,1.00,2026-06-15 12:44:59.990,2026-06-15 13:56:49.533,2026-06-15 00:00:00.000,2026-06-13 00:00:00.000,KK0010.06/26,XB0030.06/26,0,"",""
FB00038,A0200003701389PX,TP20,SPM136,DCM08,1760.00,1850.00,1140.00,tấm,"1800038200001468706003",A0200001468706WO,A0200000405074WO,WB2606-0015,IFD25-H55 TRẮNG,IFD25-H55H55,IFD25-H55,H55,"",B10,IFD25-H55H55,3.7120,1.0000,3.7120,1.0000,0.0000,0.00,"",79522,79023,0,PHƯƠNG MI-PM-14-2025-1,"",SX THEO DON HANG,0.00,1.00,2026-06-15 12:44:59.983,2026-06-15 13:56:49.543,2026-06-15 00:00:00.000,2026-06-13 00:00:00.000,KK0010.06/26,XB0030.06/26,0,"",""
FB00038,A0200003701391PX,TP20,SPM136,DCM08,1700.00,1850.00,1140.00,tấm,"1800038200001468707001",A0200001468707WO,A0200000405074WO,WB2606-0015,IFD25-H55 TRẮNG,IFD25-H55H55,IFD25-H55,H55,"",B10,IFD25-H55H55,3.5850,1.0000,3.5850,1.0000,0.0000,0.00,"",79522,79023,0,PHƯƠNG MI-PM-14-2025-1,"",SX THEO DON HANG,0.00,1.00,2026-06-15 12:44:59.973,2026-06-15 13:56:49.567,2026-06-15 00:00:00.000,2026-06-13 00:00:00.000,KK0010.06/26,XB0030.06/26,0,"",""
FB00038,A0200003701392PX,TP20,SPM136,DCM08,1700.00,1850.00,1130.00,tấm,"1800038200001468707002",A0200001468707WO,A0200000405074WO,WB2606-0015,IFD25-H55 TRẮNG,IFD25-H55H55,IFD25-H55,H55,"",B10,IFD25-H55H55,3.5540,1.0000,3.5540,1.0000,0.0000,0.00,"",79522,79023,0,PHƯƠNG MI-PM-14-2025-1,"",SX THEO DON HANG,0.00,1.00,2026-06-15 12:44:59.970,2026-06-15 13:56:49.577,2026-06-15 00:00:00.000,2026-06-13 00:00:00.000,KK0010.06/26,XB0030.06/26,0,"",""
FB00038,A0200003703992PX,TP20,SPM136,DCM08,1770.00,1850.00,1140.00,tấm,"1800038200001469004001",A0200001469004WO,A0200000405167WO,WB2606-0016,IFD25-H55 TRẮNG,IFD25-H55H55,IFD25-H55,H55,"",B10,IFD25-H55H55,3.7330,1.0000,3.7330,1.0000,0.0000,0.00,"",79522,79023,0,"","",SX THEO DON HANG,0.00,237.00,2026-06-15 12:44:59.963,2026-06-25 09:50:27.310,2026-06-15 00:00:00.000,2026-06-24 00:00:00.000,KK0010.06/26,XB0052.06/26,0,"",""
FB00038,A0200003707086PX,TP20,SPM136,DCM08,1369.00,1850.00,1000.00,tấm,"1800038200001469980001",A0200001469980WO,A0200000379489WO,WB2508-0076,IFD25-H55 TRẮNG,IFD25-H55H55,IFD25-H55,H55,"","",IFD25-H55H55,2.5330,1.0000,2.5330,1.0000,0.0000,0.00,"",79522,79023,0,TMĐT,"",SX THEO ĐƠN HÀNG,0.00,121.00,2026-07-01 14:47:33.697,2026-07-06 15:43:17.063,2026-06-02 00:00:00.000,2026-07-06 00:00:00.000,KK0003.06/26,XB0013.07/26,0,"",""
FB00038,A0200003706064PN,TP20,SPM136,DCM08,1370.00,1850.00,1000.00,tấm,"1800038200001469980001",A0200001469980WO,A0200000405499WO,WB2606-0021,IFD25-H55 TRẮNG,IFD25-H55H55,IFD25-H55,H55,"","",IFD25-H55H55,2.5350,1.0000,0.0000,0.0000,2.5350,1.00,"",79522,79023,0,"","",SX THEO ĐƠN HÀNG,0.00,523.00,2026-07-01 14:47:33.697,,2026-06-02 00:00:00.000,,KK0003.06/26,,0,"",""
FB00038,A0200003707934PX,TP20,SPM136,DCM08,1940.00,1910.00,940.00,tấm,"1800038200001472027001",A0200001472027WO,A0200000406203WO,WB2606-0036,IFD25-H55 TRẮNG,IFD25-H55H55,IFD25-H55,H55,"",B1,IFD25-H55H55,3.4830,1.0000,3.4830,1.0000,0.0000,0.00,"",79522,79023,0,ADX-ADX-PU368,"",SX THEO ĐƠN HÀNG,0.00,195.00,2026-07-01 10:30:41.877,2026-07-09 13:50:14.460,2026-06-30 00:00:00.000,2026-07-08 00:00:00.000,KK0001.07/26,XB0019.07/26,0,"",""
FB00038,A0200003706531PX,TP20,SPM136,DCM08,1750.00,1910.00,1040.00,tấm,"1800038200001472028001",A0200001472028WO,A0200000406203WO,WB2606-0036,IFD25-H55 TRẮNG,IFD25-H55H55,IFD25-H55,H55,"",B1,IFD25-H55H55,3.4760,1.0000,3.4760,1.0000,0.0000,0.00,"",79522,79023,0,ADX-ADX-PU368,"",SX THEO ĐƠN HÀNG,0.00,51.00,2026-07-01 10:30:41.830,2026-07-03 13:43:57.533,2026-06-30 00:00:00.000,2026-07-03 00:00:00.000,KK0001.07/26,XB0008.07/26,0,"",""
FB00038,A0200003706534PX,TP20,SPM136,DCM08,1750.00,1910.00,980.00,tấm,"1800038200001472028002",A0200001472028WO,A0200000406203WO,WB2606-0036,IFD25-H55 TRẮNG,IFD25-H55H55,IFD25-H55,H55,"",B1,IFD25-H55H55,3.2760,1.0000,3.2760,1.0000,0.0000,0.00,"",79522,79023,0,ADX-ADX-PU368,"",SX THEO ĐƠN HÀNG,0.00,51.00,2026-07-01 10:30:41.873,2026-07-03 13:43:57.590,2026-06-30 00:00:00.000,2026-07-03 00:00:00.000,KK0001.07/26,XB0008.07/26,0,"",""
FB00038,A0200003706528PX,TP20,SPM136,DCM08,1740.00,1910.00,1060.00,tấm,"1800038200001472028003",A0200001472028WO,A0200000406203WO,WB2606-0036,IFD25-H55 TRẮNG,IFD25-H55H55,IFD25-H55,H55,"",B1,IFD25-H55H55,3.5230,1.0000,3.5230,1.0000,0.0000,0.00,"",79522,79023,0,ADX-ADX-PU368,"",SX THEO ĐƠN HÀNG,0.00,51.00,2026-07-01 10:30:41.820,2026-07-03 13:43:57.507,2026-06-30 00:00:00.000,2026-07-03 00:00:00.000,KK0001.07/26,XB0008.07/26,0,"",""
FB00038,A0200003706525PX,TP20,SPM136,DCM08,1760.00,1910.00,1080.00,tấm,"1800038200001472028004",A0200001472028WO,A0200000406203WO,WB2606-0036,IFD25-H55 TRẮNG,IFD25-H55H55,IFD25-H55,H55,"",B1,IFD25-H55H55,3.6310,1.0000,3.6310,1.0000,0.0000,0.00,"",79522,79023,0,ADX-ADX-PU368,"",SX THEO ĐƠN HÀNG,0.00,51.00,2026-07-01 10:30:41.807,2026-07-03 13:43:57.473,2026-06-30 00:00:00.000,2026-07-03 00:00:00.000,KK0001.07/26,XB0008.07/26,0,"",""
FB00038,A0200003706530PX,TP20,SPM136,DCM08,1750.00,1910.00,1060.00,tấm,"1800038200001472028005",A0200001472028WO,A0200000406203WO,WB2606-0036,IFD25-H55 TRẮNG,IFD25-H55H55,IFD25-H55,H55,"",B1,IFD25-H55H55,3.5430,1.0000,3.5430,1.0000,0.0000,0.00,"",79522,79023,0,ADX-ADX-PU368,"",SX THEO ĐƠN HÀNG,0.00,51.00,2026-07-01 10:30:41.827,2026-07-03 13:43:57.523,2026-06-30 00:00:00.000,2026-07-03 00:00:00.000,KK0001.07/26,XB0008.07/26,0,"",""
FB00038,A0200003706533PX,TP20,SPM136,DCM08,1740.00,1910.00,1000.00,tấm,"1800038200001472028006",A0200001472028WO,A0200000406203WO,WB2606-0036,IFD25-H55 TRẮNG,IFD25-H55H55,IFD25-H55,H55,"",B1,IFD25-H55H55,3.3230,1.0000,3.3230,1.0000,0.0000,0.00,"",79522,79023,0,ADX-ADX-PU368,"",SX THEO ĐƠN HÀNG,0.00,51.00,2026-07-01 10:30:41.840,2026-07-03 13:43:57.550,2026-06-30 00:00:00.000,2026-07-03 00:00:00.000,KK0001.07/26,XB0008.07/26,0,"",""
FB00038,A0200003706527PX,TP20,SPM136,DCM08,1760.00,1910.00,1050.00,tấm,"1800038200001472028007",A0200001472028WO,A0200000406203WO,WB2606-0036,IFD25-H55 TRẮNG,IFD25-H55H55,IFD25-H55,H55,"",B1,IFD25-H55H55,3.5300,1.0000,3.5300,1.0000,0.0000,0.00,"",79522,79023,0,ADX-ADX-PU368,"",SX THEO ĐƠN HÀNG,0.00,51.00,2026-07-01 10:30:41.813,2026-07-03 13:43:57.497,2026-06-30 00:00:00.000,2026-07-03 00:00:00.000,KK0001.07/26,XB0008.07/26,0,"",""
FB00038,A0200003706524PX,TP20,SPM136,DCM08,1740.00,1910.00,1080.00,tấm,"1800038200001472028008",A0200001472028WO,A0200000406203WO,WB2606-0036,IFD25-H55 TRẮNG,IFD25-H55H55,IFD25-H55,H55,"",B1,IFD25-H55H55,3.5890,1.0000,3.5890,1.0000,0.0000,0.00,"",79522,79023,0,ADX-ADX-PU368,"",SX THEO ĐƠN HÀNG,0.00,51.00,2026-07-01 10:30:41.803,2026-07-03 13:43:57.463,2026-06-30 00:00:00.000,2026-07-03 00:00:00.000,KK0001.07/26,XB0008.07/26,0,"",""
FB00038,A0200003706529PX,TP20,SPM136,DCM08,1750.00,1910.00,1060.00,tấm,"1800038200001472029001",A0200001472029WO,A0200000406203WO,WB2606-0036,IFD25-H55 TRẮNG,IFD25-H55H55,IFD25-H55,H55,"",B1,IFD25-H55H55,3.5430,1.0000,3.5430,1.0000,0.0000,0.00,"",79522,79023,0,ADX-ADX-PU368,"",SX THEO ĐƠN HÀNG,0.00,51.00,2026-07-01 10:30:41.823,2026-07-03 13:43:57.513,2026-06-30 00:00:00.000,2026-07-03 00:00:00.000,KK0001.07/26,XB0008.07/26,0,"",""
FB00038,A0200003706532PX,TP20,SPM136,DCM08,1740.00,1910.00,1020.00,tấm,"1800038200001472029002",A0200001472029WO,A0200000406203WO,WB2606-0036,IFD25-H55 TRẮNG,IFD25-H55H55,IFD25-H55,H55,"",B1,IFD25-H55H55,3.3900,1.0000,3.3900,1.0000,0.0000,0.00,"",79522,79023,0,ADX-ADX-PU368,"",SX THEO ĐƠN HÀNG,0.00,51.00,2026-07-01 10:30:41.833,2026-07-03 13:43:57.543,2026-06-30 00:00:00.000,2026-07-03 00:00:00.000,KK0001.07/26,XB0008.07/26,0,"",""
FB00038,A0200003706526PX,TP20,SPM136,DCM08,1730.00,1910.00,1070.00,tấm,"1800038200001472029003",A0200001472029WO,A0200000406203WO,WB2606-0036,IFD25-H55 TRẮNG,IFD25-H55H55,IFD25-H55,H55,"",B1,IFD25-H55H55,3.5360,1.0000,3.5360,1.0000,0.0000,0.00,"",79522,79023,0,ADX-ADX-PU368,"",SX THEO ĐƠN HÀNG,0.00,51.00,2026-07-01 10:30:41.810,2026-07-03 13:43:57.483,2026-06-30 00:00:00.000,2026-07-03 00:00:00.000,KK0001.07/26,XB0008.07/26,0,"",""
FB00038,A0200003706523PX,TP20,SPM136,DCM08,1730.00,1910.00,1060.00,tấm,"1800038200001472029004",A0200001472029WO,A0200000406203WO,WB2606-0036,IFD25-H55 TRẮNG,IFD25-H55H55,IFD25-H55,H55,"",B1,IFD25-H55H55,3.5030,1.0000,3.5030,1.0000,0.0000,0.00,"",79522,79023,0,ADX-ADX-PU368,"",SX THEO ĐƠN HÀNG,0.00,51.00,2026-07-01 10:30:41.780,2026-07-03 13:43:57.457,2026-06-30 00:00:00.000,2026-07-03 00:00:00.000,KK0001.07/26,XB0008.07/26,0,"",""
FB00038,A0200003706057PX,TP20,SPM136,DCM08,2040.00,1910.00,1110.00,tấm,"1800038200001472030001",A0200001472030WO,A0200000406203WO,WB2606-0036,IFD25-H55 TRẮNG,IFD25-H55H55,IFD25-H55,H55,"",B1,IFD25-H55H55,4.3250,1.0000,4.3250,1.0000,0.0000,0.00,"",79522,79023,0,JANG IN-JI,"",SX THEO ĐƠN HÀNG,0.00,4.00,2026-07-01 10:30:41.797,2026-07-01 14:26:15.480,2026-06-30 00:00:00.000,2026-07-01 00:00:00.000,KK0001.07/26,XB0002.07/26,0,"",""
FB00038,A0200003706261PX,TP20,SPM136,DCM08,2040.00,1910.00,1100.00,tấm,"1800038200001472030002",A0200001472030WO,A0200000406203WO,WB2606-0036,IFD25-H55 TRẮNG,IFD25-H55H55,IFD25-H55,H55,"",B1,IFD25-H55H55,4.2860,1.0000,4.2860,1.0000,0.0000,0.00,"",79522,79023,0,JANG IN-JI,"",SX THEO ĐƠN HÀNG,0.00,25.00,2026-07-01 10:30:41.800,2026-07-02 11:18:36.300,2026-06-30 00:00:00.000,2026-07-02 00:00:00.000,KK0001.07/26,XB0005.07/26,0,"",""
FB00038,A0200003706262PX,TP20,SPM136,DCM08,2240.00,1910.00,820.00,tấm,"1800038200001472117001",A0200001472117WO,A0200000406224WO,WB2606-0037,IFD25-H55 TRẮNG,IFD25-H55H55,IFD25-H55,H55,"",B1,IFD25-H55H55,3.5080,1.0000,3.5080,1.0000,0.0000,0.00,"",79522,79023,0,"","",SX DƯ,0.00,25.00,2026-07-01 10:30:41.763,2026-07-02 11:18:36.337,2026-06-30 00:00:00.000,2026-07-02 00:00:00.000,KK0001.07/26,XB0005.07/26,0,"",""
FB00038,A0200003708386PX,TP20,SPM136,DCM08,2040.00,1910.00,1020.00,tấm,"1800038200001473873001",A0200001473873WO,A0200000406754WO,WB2607-0010,IFD25-H55 TRẮNG,IFD25-H55H55,IFD25-H55,H55,"",B11,IFD25-H55H55,3.9740,1.0000,3.9740,1.0000,0.0000,0.00,"",79522,79023,0,PHUMYTHANG-PMT-PO 01-26-TIM,"",SX THEO ĐƠN HÀNG,0.00,0.00,2026-07-11 10:09:17.960,2026-07-11 10:31:25.840,2026-07-11 00:00:00.000,2026-07-10 00:00:00.000,KK0008.07/26,XB0025.07/26,0,"",""
FB00038,A0200003708385PX,TP20,SPM136,DCM08,2040.00,1910.00,950.00,tấm,"1800038200001473873002",A0200001473873WO,A0200000406754WO,WB2607-0010,IFD25-H55 TRẮNG,IFD25-H55H55,IFD25-H55,H55,"",B11,IFD25-H55H55,3.7020,1.0000,3.7020,1.0000,0.0000,0.00,"",79522,79023,0,PHUMYTHANG-PMT-PO 01-26-TIM,"",SX THEO ĐƠN HÀNG,0.00,0.00,2026-07-11 10:09:17.937,2026-07-11 10:31:25.800,2026-07-11 00:00:00.000,2026-07-10 00:00:00.000,KK0008.07/26,XB0025.07/26,0,"",""
FB00038,A0200003708387PX,TP20,SPM136,DCM08,2040.00,1910.00,1040.00,tấm,"1800038200001473873003",A0200001473873WO,A0200000406754WO,WB2607-0010,IFD25-H55 TRẮNG,IFD25-H55H55,IFD25-H55,H55,"",B11,IFD25-H55H55,4.0520,1.0000,4.0520,1.0000,0.0000,0.00,"",79522,79023,0,PHUMYTHANG-PMT-PO 01-26-TIM,"",SX THEO ĐƠN HÀNG,0.00,0.00,2026-07-11 10:09:17.963,2026-07-11 10:31:25.850,2026-07-11 00:00:00.000,2026-07-10 00:00:00.000,KK0008.07/26,XB0025.07/26,0,"",""
FB00038,A0200003709509PX,TP20,SPM136,DCM08,1740.00,1910.00,1040.00,tấm,"1800038200001473874001",A0200001473874WO,A0200000406754WO,WB2607-0010,IFD25-H55 TRẮNG,IFD25-H55H55,IFD25-H55,H55,"",B11,IFD25-H55H55,3.4560,1.0000,3.4560,1.0000,0.0000,0.00,"",79522,79023,0,ADX-ADX-PU409,"",SX THEO ĐƠN HÀNG,0.00,142.00,2026-07-11 10:09:17.980,2026-07-17 08:01:10.580,2026-07-11 00:00:00.000,2026-07-16 00:00:00.000,KK0008.07/26,XB0035.07/26,0,"",""
FB00038,A0200003709514PX,TP20,SPM136,DCM08,1740.00,1910.00,1050.00,tấm,"1800038200001473874002",A0200001473874WO,A0200000406754WO,WB2607-0010,IFD25-H55 TRẮNG,IFD25-H55H55,IFD25-H55,H55,"",B11,IFD25-H55H55,3.4900,1.0000,3.4900,1.0000,0.0000,0.00,"",79522,79023,0,ADX-ADX-PU409,"",SX THEO ĐƠN HÀNG,0.00,142.00,2026-07-11 10:09:18.047,2026-07-17 08:01:10.627,2026-07-11 00:00:00.000,2026-07-16 00:00:00.000,KK0008.07/26,XB0035.07/26,0,"",""
FB00038,A0200003709510PX,TP20,SPM136,DCM08,1750.00,1910.00,1060.00,tấm,"1800038200001473874003",A0200001473874WO,A0200000406754WO,WB2607-0010,IFD25-H55 TRẮNG,IFD25-H55H55,IFD25-H55,H55,"",B11,IFD25-H55H55,3.5430,1.0000,3.5430,1.0000,0.0000,0.00,"",79522,79023,0,ADX-ADX-PU409,"",SX THEO ĐƠN HÀNG,0.00,142.00,2026-07-11 10:09:17.983,2026-07-17 08:01:10.590,2026-07-11 00:00:00.000,2026-07-16 00:00:00.000,KK0008.07/26,XB0035.07/26,0,"",""
FB00038,A0200003709511PX,TP20,SPM136,DCM08,1750.00,1910.00,1060.00,tấm,"1800038200001473874004",A0200001473874WO,A0200000406754WO,WB2607-0010,IFD25-H55 TRẮNG,IFD25-H55H55,IFD25-H55,H55,"",B11,IFD25-H55H55,3.5430,1.0000,3.5430,1.0000,0.0000,0.00,"",79522,79023,0,ADX-ADX-PU409,"",SX THEO ĐƠN HÀNG,0.00,142.00,2026-07-11 10:09:17.987,2026-07-17 08:01:10.600,2026-07-11 00:00:00.000,2026-07-16 00:00:00.000,KK0008.07/26,XB0035.07/26,0,"",""
FB00038,A0200003708382PX,TP20,SPM136,DCM08,1740.00,1910.00,1070.00,tấm,"1800038200001473875001",A0200001473875WO,A0200000406754WO,WB2607-0010,IFD25-H55 TRẮNG,IFD25-H55H55,IFD25-H55,H55,"",B11,IFD25-H55H55,3.5560,1.0000,3.5560,1.0000,0.0000,0.00,"",79522,79023,0,ADX-ADX-PO388-07-2026-A Tuấn SX,"",SX THEO ĐƠN HÀNG,0.00,0.00,2026-07-11 10:09:18.083,2026-07-11 10:31:25.747,2026-07-11 00:00:00.000,2026-07-10 00:00:00.000,KK0008.07/26,XB0025.07/26,0,"",""
FB00038,A0200003708383PX,TP20,SPM136,DCM08,1740.00,1910.00,1050.00,tấm,"1800038200001473875002",A0200001473875WO,A0200000406754WO,WB2607-0010,IFD25-H55 TRẮNG,IFD25-H55H55,IFD25-H55,H55,"",B11,IFD25-H55H55,3.4900,1.0000,3.4900,1.0000,0.0000,0.00,"",79522,79023,0,ADX-ADX-PO388-07-2026-A Tuấn SX,"",SX THEO ĐƠN HÀNG,0.00,0.00,2026-07-11 10:09:18.087,2026-07-11 10:31:25.753,2026-07-11 00:00:00.000,2026-07-10 00:00:00.000,KK0008.07/26,XB0025.07/26,0,"",""
FB00038,A0200003709513PX,TP20,SPM136,DCM08,1750.00,1910.00,1050.00,tấm,"1800038200001473876001",A0200001473876WO,A0200000406754WO,WB2607-0010,IFD25-H55 TRẮNG,IFD25-H55H55,IFD25-H55,H55,"",B11,IFD25-H55H55,3.5100,1.0000,3.5100,1.0000,0.0000,0.00,"",79522,79023,0,ADX-ADX-PU409,"",SX THEO ĐƠN HÀNG,0.00,142.00,2026-07-11 10:09:18.040,2026-07-17 08:01:10.617,2026-07-11 00:00:00.000,2026-07-16 00:00:00.000,KK0008.07/26,XB0035.07/26,0,"",""
FB00038,A0200003709515PX,TP20,SPM136,DCM08,1760.00,1910.00,1060.00,tấm,"1800038200001473876002",A0200001473876WO,A0200000406754WO,WB2607-0010,IFD25-H55 TRẮNG,IFD25-H55H55,IFD25-H55,H55,"",B11,IFD25-H55H55,3.5630,1.0000,3.5630,1.0000,0.0000,0.00,"",79522,79023,0,ADX-ADX-PU409,"",SX THEO ĐƠN HÀNG,0.00,142.00,2026-07-11 10:09:18.050,2026-07-17 08:01:10.640,2026-07-11 00:00:00.000,2026-07-16 00:00:00.000,KK0008.07/26,XB0035.07/26,0,"",""
FB00038,A0200003709512PX,TP20,SPM136,DCM08,1740.00,1910.00,1050.00,tấm,"1800038200001473876003",A0200001473876WO,A0200000406754WO,WB2607-0010,IFD25-H55 TRẮNG,IFD25-H55H55,IFD25-H55,H55,"",B11,IFD25-H55H55,3.4900,1.0000,3.4900,1.0000,0.0000,0.00,"",79522,79023,0,ADX-ADX-PU409,"",SX THEO ĐƠN HÀNG,0.00,142.00,2026-07-11 10:09:18.037,2026-07-17 08:01:10.610,2026-07-11 00:00:00.000,2026-07-16 00:00:00.000,KK0008.07/26,XB0035.07/26,0,"",""
FB00038,A0200003708384PX,TP20,SPM136,DCM08,1940.00,1910.00,1040.00,tấm,"1800038200001473877001",A0200001473877WO,A0200000406754WO,WB2607-0010,IFD25-H55 TRẮNG,IFD25-H55H55,IFD25-H55,H55,"",B11,IFD25-H55H55,3.8540,1.0000,3.8540,1.0000,0.0000,0.00,"",79522,79023,0,ADX-ADX-PO388-07-2026-A Tuấn SX,"",SX THEO ĐƠN HÀNG,0.00,0.00,2026-07-11 10:09:18.090,2026-07-11 10:31:25.763,2026-07-11 00:00:00.000,2026-07-10 00:00:00.000,KK0008.07/26,XB0025.07/26,0,"",""
FB00038,A0200003708419PX,TP20,SPM136,DCM08,2120.00,1910.00,1090.00,tấm,"1800038200001473878001",A0200001473878WO,A0200000406754WO,WB2607-0010,IFD25-H55 TRẮNG,IFD25-H55H55,IFD25-H55,H55,"",B11,IFD25-H55H55,4.4140,1.0000,4.4140,1.0000,0.0000,0.00,"",79522,79023,0,ADX-ADX-PU407,"",SX THEO ĐƠN HÀNG,0.00,3.00,2026-07-11 10:09:18.020,2026-07-11 13:46:46.447,2026-07-11 00:00:00.000,2026-07-11 00:00:00.000,KK0008.07/26,XB0026.07/26,0,"",""
FB00038,A0200003708421PX,TP20,SPM136,DCM08,2140.00,1910.00,1050.00,tấm,"1800038200001473879001",A0200001473879WO,A0200000406754WO,WB2607-0010,IFD25-H55 TRẮNG,IFD25-H55H55,IFD25-H55,H55,"",B11,IFD25-H55H55,4.2920,1.0000,4.2920,1.0000,0.0000,0.00,"",79522,79023,0,ADX-ADX-PU407,"",SX THEO ĐƠN HÀNG,0.00,3.00,2026-07-11 10:09:18.030,2026-07-11 13:46:46.463,2026-07-11 00:00:00.000,2026-07-11 00:00:00.000,KK0008.07/26,XB0026.07/26,0,"",""
FB00038,A0200003708420PX,TP20,SPM136,DCM08,2140.00,1910.00,1040.00,tấm,"1800038200001473879002",A0200001473879WO,A0200000406754WO,WB2607-0010,IFD25-H55 TRẮNG,IFD25-H55H55,IFD25-H55,H55,"",B11,IFD25-H55H55,4.2510,1.0000,4.2510,1.0000,0.0000,0.00,"",79522,79023,0,ADX-ADX-PU407,"",SX THEO ĐƠN HÀNG,0.00,3.00,2026-07-11 10:09:18.027,2026-07-11 13:46:46.453,2026-07-11 00:00:00.000,2026-07-11 00:00:00.000,KK0008.07/26,XB0026.07/26,0,"",""
FB00038,A0200003708672PX,TP20,SPM136,DCM08,1430.00,1910.00,1080.00,tấm,"1800038200001473880001",A0200001473880WO,A0200000406754WO,WB2607-0010,IFD25-H55 TRẮNG,IFD25-H55H55,IFD25-H55,H55,"",B11,IFD25-H55H55,2.9500,1.0000,2.9500,1.0000,0.0000,0.00,"",79522,79023,0,PHÁT TRIỂN-PT-T0726-07-MT-5,"",SX THEO ĐƠN HÀNG,0.00,52.00,2026-07-11 10:09:18.017,2026-07-13 14:36:05.373,2026-07-11 00:00:00.000,2026-07-13 00:00:00.000,KK0008.07/26,XB0028.07/26,0,"",""
FB00038,A0200003708671PX,TP20,SPM136,DCM08,2270.00,1910.00,1070.00,tấm,"1800038200001473881001",A0200001473881WO,A0200000406754WO,WB2607-0010,IFD25-H55 TRẮNG,IFD25-H55H55,IFD25-H55,H55,"",B11,IFD25-H55H55,4.6390,1.0000,4.6390,1.0000,0.0000,0.00,"",79522,79023,0,PHÁT TRIỂN-PT-T0726-07-MT-4,"",SX THEO ĐƠN HÀNG,0.00,52.00,2026-07-11 10:09:18.010,2026-07-13 14:36:05.367,2026-07-11 00:00:00.000,2026-07-13 00:00:00.000,KK0008.07/26,XB0028.07/26,0,"",""
FB00038,A0200003708381PX,TP20,SPM136,DCM08,2040.00,1910.00,680.00,tấm,"1800038200001473883001",A0200001473883WO,A0200000406754WO,WB2607-0010,IFD25-H55 TRẮNG,IFD25-H55H55,IFD25-H55,H55,"",B11,IFD25-H55H55,2.6500,1.0000,2.6500,1.0000,0.0000,0.00,"",79522,79023,0,BINH BFC-BFC-IFD26-H55-MẪU,"",SX THEO ĐƠN HÀNG,0.00,0.00,2026-07-11 10:09:18.003,2026-07-11 10:27:44.057,2026-07-11 00:00:00.000,2026-07-10 00:00:00.000,KK0008.07/26,XB0024.07/26,0,"",""
FB00038,A0200003708423PX,TP20,SPM136,DCM08,1630.00,1910.00,990.00,tấm,"1800038200001473971001",A0200001473971WO,A0200000406790WO,WB2607-0011,IFD25-H55 TRẮNG,IFD25-H55H55,IFD25-H55,H55,"",B11,IFD25-H55H55,3.0820,1.0000,3.0820,1.0000,0.0000,0.00,"",79522,79023,0,"","",SX DƯ,0.00,3.00,2026-07-11 10:09:18.007,2026-07-11 13:46:46.523,2026-07-11 00:00:00.000,2026-07-11 00:00:00.000,KK0008.07/26,XB0026.07/26,0,"",""
FB00038,A0200003709751PX,TP20,SPM136,DCM08,2240.00,2040.00,1080.00,tấm,"1800038200001474669001",A0200001474669WO,A0200000406963WO,WB2607-0014,IFD25-H55 TRẮNG,IFD25-H55H55,IFD25-H55,H55,"",B1-8,IFD25-H55H55,4.9350,1.0000,4.9350,1.0000,0.0000,0.00,"",79522,79023,0,JANG IN-JI-260713,"",SX THEO ĐƠN HÀNG,0.00,50.00,2026-07-15 09:54:52.990,2026-07-17 11:51:28.113,2026-07-15 00:00:00.000,2026-07-17 00:00:00.000,KK0011.07/26,XB0038.07/26,0,"",""
FB00038,A0200003709147PN,TP20,SPM136,DCM08,2230.00,2040.00,1080.00,tấm,"1800038200001474669002",A0200001474669WO,A0200000406963WO,WB2607-0014,IFD25-H55 TRẮNG,IFD25-H55H55,IFD25-H55,H55,"",B1-8,IFD25-H55H55,4.9130,1.0000,0.0000,0.0000,4.9130,1.00,"",79522,79023,0,JANG IN-JI-260713,"",SX THEO ĐƠN HÀNG,0.00,192.00,2026-07-15 09:54:52.993,,2026-07-15 00:00:00.000,,KK0011.07/26,,0,"",""
FB00038,A0200003709143PN,TP20,SPM136,DCM08,1650.00,2040.00,1130.00,tấm,"1800038200001474670001",A0200001474670WO,A0200000406963WO,WB2607-0014,IFD25-H55 TRẮNG,IFD25-H55H55,IFD25-H55,H55,"",B1-8,IFD25-H55H55,3.8040,1.0000,0.0000,0.0000,3.8040,1.00,"",79522,79023,0,JANG IN-JI-260713,"",SX THEO ĐƠN HÀNG,0.00,192.00,2026-07-15 09:54:52.977,,2026-07-15 00:00:00.000,,KK0011.07/26,,0,"",""
FB00038,A0200003709144PN,TP20,SPM136,DCM08,1990.00,2040.00,1130.00,tấm,"1800038200001474671001",A0200001474671WO,A0200000406963WO,WB2607-0014,IFD25-H55 TRẮNG,IFD25-H55H55,IFD25-H55,H55,"",B1-8,IFD25-H55H55,4.5870,1.0000,0.0000,0.0000,4.5870,1.00,"",79522,79023,0,JANG IN-JI-260713,"",SX THEO ĐƠN HÀNG,0.00,192.00,2026-07-15 09:54:52.980,,2026-07-15 00:00:00.000,,KK0011.07/26,,0,"",""
FB00038,A0200003709505PX,TP20,SPM136,DCM08,1660.00,2040.00,1120.00,tấm,"1800038200001474672001",A0200001474672WO,A0200000406963WO,WB2607-0014,IFD25-H55 TRẮNG,IFD25-H55H55,IFD25-H55,H55,"",B1-8,IFD25-H55H55,3.7930,1.0000,3.7930,1.0000,0.0000,0.00,"",79522,79023,0,JANG IN-JI-260713,"",SX THEO ĐƠN HÀNG,0.00,29.00,2026-07-15 09:54:52.983,2026-07-16 14:34:52.083,2026-07-15 00:00:00.000,2026-07-16 00:00:00.000,KK0011.07/26,XB0035.07/26,0,"",""
FB00038,A0200003709142PN,TP20,SPM136,DCM08,1890.00,2040.00,1110.00,tấm,"1800038200001474673001",A0200001474673WO,A0200000406963WO,WB2607-0014,IFD25-H55 TRẮNG,IFD25-H55H55,IFD25-H55,H55,"",B1-8,IFD25-H55H55,4.2800,1.0000,0.0000,0.0000,4.2800,1.00,"",79522,79023,0,JANG IN-JI-260713,"",SX THEO ĐƠN HÀNG,0.00,192.00,2026-07-15 09:54:52.970,,2026-07-15 00:00:00.000,,KK0011.07/26,,0,"",""
FB00038,A0200003709969PX,TP20,SPM136,DCM08,1760.00,2040.00,920.00,tấm,"1800038200001474774001",A0200001474774WO,A0200000407014WO,WB2607-0015,IFD25-H55 TRẮNG,IFD25-H55H55,IFD25-H55,H55,"",B1-8,IFD25-H55H55,3.3030,1.0000,3.3030,1.0000,0.0000,0.00,"",79522,79023,0,ADX-ADX-PO 428-07-2026,"",SX THEO ĐƠN HÀNG,0.00,73.00,2026-07-15 09:54:52.910,2026-07-18 10:16:31.140,2026-07-15 00:00:00.000,2026-07-18 00:00:00.000,KK0011.07/26,XB0041.07/26,0,"",""
FB00038,A0200003709139PN,TP20,SPM136,DCM08,1760.00,2040.00,1050.00,tấm,"1800038200001474774002",A0200001474774WO,A0200000407014WO,WB2607-0015,IFD25-H55 TRẮNG,IFD25-H55H55,IFD25-H55,H55,"",B1-8,IFD25-H55H55,3.7700,1.0000,0.0000,0.0000,3.7700,1.00,"",79522,79023,0,ADX-ADX-PO 428-07-2026,"",SX THEO ĐƠN HÀNG,0.00,192.00,2026-07-15 09:54:52.930,,2026-07-15 00:00:00.000,,KK0011.07/26,,0,"",""
FB00038,A0200003709970PX,TP20,SPM136,DCM08,1760.00,2040.00,1140.00,tấm,"1800038200001474774003",A0200001474774WO,A0200000407014WO,WB2607-0015,IFD25-H55 TRẮNG,IFD25-H55H55,IFD25-H55,H55,"",B1-8,IFD25-H55H55,4.0930,1.0000,4.0930,1.0000,0.0000,0.00,"",79522,79023,0,ADX-ADX-PO 428-07-2026,"",SX THEO ĐƠN HÀNG,0.00,73.00,2026-07-15 09:54:52.933,2026-07-18 10:16:32.410,2026-07-15 00:00:00.000,2026-07-18 00:00:00.000,KK0011.07/26,XB0041.07/26,0,"",""
FB00038,A0200003709971PX,TP20,SPM136,DCM08,1800.00,2040.00,1140.00,tấm,"1800038200001474774004",A0200001474774WO,A0200000407014WO,WB2607-0015,IFD25-H55 TRẮNG,IFD25-H55H55,IFD25-H55,H55,"",B1-8,IFD25-H55H55,4.1860,1.0000,4.1860,1.0000,0.0000,0.00,"",79522,79023,0,ADX-ADX-PO 428-07-2026,"",SX THEO ĐƠN HÀNG,0.00,73.00,2026-07-15 09:54:52.940,2026-07-18 10:16:32.420,2026-07-15 00:00:00.000,2026-07-18 00:00:00.000,KK0011.07/26,XB0041.07/26,0,"",""
FB00038,A0200003709681PN,TP20,SPM136,DCM08,1100.00,2040.00,720.00,tấm,"1800038200001475088001",A0200001458940WO,A0200000401865WO,WB2604-0029,IFD25-H55 TRẮNG,IFD25-H55H55,IFD25-H55,H55,"",A2,IFD25-H55H55,1.6160,1.0000,0.0000,0.0000,1.6160,1.00,"",79522,79023,0,"","",SX DƯ,0.00,143.00,2026-07-17 10:18:54.537,,2026-07-16 00:00:00.000,,KK0013.07/26,,0,"",""
FB00039,A0200003707595PX,TP20,SPM127,DCM16,800.00,2070.00,910.00,tấm,"1800039200001432975001",A0200001432975WO,A0200000393012WO,WB2512-0024,IFD25-H75 TRẮNG,IFD25-H75H75,IFD25-H75,H75,"",A2,IFD25-H75H75,1.5070,1.0000,1.5070,1.0000,0.0000,0.00,"",79064,79023,0,TN/Mút màu xanh,"","",0.00,4826.00,2025-12-19 13:15:05.960,2026-07-08 15:06:40.093,2026-05-31 00:00:00.000,2026-07-08 00:00:00.000,TONKHO,XB0019.07/26,0,"",""
FB00039,A0200003699533PX,TP20,SPM127,DCM16,1980.00,2180.00,1080.00,tấm,"1800039200001458425001",A0200001458425WO,A0200000401648WO,WB2604-0020,IFD25-H75 TRẮNG,IFD25-H75H75,IFD25-H75,H75,"",A6,IFD25-H75H75,4.6617,1.0000,4.6617,1.0000,0.0000,0.00,"",79064,79023,0,KHÔI NGUYÊN-KN-0604/HUỲNH LÊ-HL-PO 27-05-701-ACE-9/6,"","",0.00,1172.00,2026-04-17 14:17:47.037,2026-06-05 10:11:31.460,2026-05-31 00:00:00.000,2026-06-02 00:00:00.000,TONKHO,XB0008.06/26,0,"",""
FB00039,A0200003698709PN,TP20,SPM127,DCM16,1800.00,2060.00,1160.00,tấm,"1800039200001461052001",A0200001461052WO,A0200000402562WO,WB2605-0001,IFD25-H75 TRẮNG,IFD25-H75H75,IFD25-H75,H75,"",A6,IFD25-H75H75,4.3013,1.0000,4.3013,1.0000,0.0000,0.00,"",79064,79023,0,ĐÔNG NAM-ĐMH-HV-44,"","",0.00,653.00,2026-05-06 09:19:48.217,2026-06-02 14:39:39.843,2026-05-31 00:00:00.000,2026-06-02 00:00:00.000,TONKHO,XB0007.06/26,0,"",""
FB00039,A0200003698705PN,TP20,SPM127,DCM16,1590.00,2060.00,1160.00,tấm,"1800039200001461053001",A0200001461053WO,A0200000402562WO,WB2605-0001,IFD25-H75 TRẮNG,IFD25-H75H75,IFD25-H75,H75,"",A6,IFD25-H75H75,3.7995,1.0000,3.7995,1.0000,0.0000,0.00,"",79064,79023,0,ĐÔNG NAM-ĐMH-HV-44,"","",0.00,653.00,2026-05-06 09:19:48.233,2026-06-02 14:39:39.853,2026-05-31 00:00:00.000,2026-06-02 00:00:00.000,TONKHO,XB0007.06/26,0,"",""
FB00039,A0200003698708PN,TP20,SPM127,DCM16,1750.00,2060.00,1150.00,tấm,"1800039200001461055001",A0200001461055WO,A0200000402562WO,WB2605-0001,IFD25-H75 TRẮNG,IFD25-H75H75,IFD25-H75,H75,"",A6,IFD25-H75H75,4.1458,1.0000,4.1458,1.0000,0.0000,0.00,"",79064,79023,0,ĐÔNG NAM-ĐMH-HV-44,"","",0.00,653.00,2026-05-06 09:19:48.267,2026-06-02 14:39:39.837,2026-05-31 00:00:00.000,2026-06-02 00:00:00.000,TONKHO,XB0007.06/26,0,"",""
FB00039,A0200003700093PX,TP20,SPM127,DCM16,2260.00,2060.00,1130.00,tấm,"1800039200001464900001",A0200001464900WO,A0200000403806WO,WB2605-0025,IFD25-H75 TRẮNG,IFD25-H75H75,IFD25-H75,H75,"",B12,IFD25-H75H75,5.2608,1.0000,5.2608,1.0000,0.0000,0.00,"",79064,79023,0,ĐÔNG NAM-ĐN-PO 48,"","",0.00,365.00,2026-05-22 10:36:44.783,2026-06-06 15:01:06.730,2026-05-31 00:00:00.000,2026-06-06 00:00:00.000,TONKHO,XB0017.06/26,0,"",""
FB00039,A0200003698420PN,TP20,SPM127,DCM16,2250.00,2060.00,1150.00,tấm,"1800039200001464902001",A0200001464902WO,A0200000403806WO,WB2605-0025,IFD25-H75 TRẮNG,IFD25-H75H75,IFD25-H75,H75,"",B12,IFD25-H75H75,5.3303,1.0000,5.3303,1.0000,0.0000,0.00,"",79064,79023,0,ĐÔNG NAM-ĐN-PO 49/HUỲNH LÊ-HL-PO 27-05-701-ACE-9/6,"","",0.00,268.00,2026-05-22 10:36:44.763,2026-06-02 14:48:12.677,2026-05-31 00:00:00.000,2026-06-02 00:00:00.000,TONKHO,XB0008.06/26,0,"",""
FB00039,A0200003698419PN,TP20,SPM127,DCM16,2210.00,2060.00,1180.00,tấm,"1800039200001464905001",A0200001464905WO,A0200000403806WO,WB2605-0025,IFD25-H75 TRẮNG,IFD25-H75H75,IFD25-H75,H75,"",B12,IFD25-H75H75,5.3721,1.0000,5.3721,1.0000,0.0000,0.00,"",79064,79023,0,ĐÔNG NAM-ĐN-PO 50,"","",0.00,268.00,2026-05-22 10:36:44.747,2026-06-02 14:39:39.767,2026-05-31 00:00:00.000,2026-06-02 00:00:00.000,TONKHO,XB0007.06/26,0,"",""
FB00039,A0200003698424PN,TP20,SPM127,DCM16,1980.00,2060.00,1150.00,tấm,"1800039200001464908001",A0200001464908WO,A0200000403806WO,WB2605-0025,IFD25-H75 TRẮNG,IFD25-H75H75,IFD25-H75,H75,"",B12,IFD25-H75H75,4.6906,1.0000,4.6906,1.0000,0.0000,0.00,"",79064,79023,0,ĐÔNG NAM-ĐN-PO 48,"","",0.00,268.00,2026-05-22 10:36:44.640,2026-06-02 14:39:39.810,2026-05-31 00:00:00.000,2026-06-02 00:00:00.000,TONKHO,XB0007.06/26,0,"",""
FB00039,A0200003700094PX,TP20,SPM127,DCM16,1910.00,2060.00,1120.00,tấm,"1800039200001464916001",A0200001464916WO,A0200000403806WO,WB2605-0025,IFD25-H75 TRẮNG,IFD25-H75H75,IFD25-H75,H75,"",B12,IFD25-H75H75,4.4068,1.0000,4.4068,1.0000,0.0000,0.00,"",79064,79023,0,ĐÔNG NAM-ĐN-PO 50,"","",0.00,365.00,2026-05-22 10:36:44.620,2026-06-06 15:01:06.740,2026-05-31 00:00:00.000,2026-06-06 00:00:00.000,TONKHO,XB0017.06/26,0,"",""
FB00039,A0200003700009PX,TP20,SPM127,DCM16,1770.00,2060.00,1130.00,tấm,"1800039200001464918001",A0200001464918WO,A0200000403806WO,WB2605-0025,IFD25-H75 TRẮNG,IFD25-H75H75,IFD25-H75,H75,"",B12,IFD25-H75H75,4.1202,1.0000,4.1202,1.0000,0.0000,0.00,"",79064,79023,0,ĐÔNG NAM-ĐN-PO 52,"","",0.00,361.00,2026-05-22 10:36:44.513,2026-06-06 11:23:48.363,2026-05-31 00:00:00.000,2026-06-05 00:00:00.000,TONKHO,XB0015.06/26,0,"",""
FB00039,A0200003698421PN,TP20,SPM127,DCM16,2250.00,2060.00,1050.00,tấm,"1800039200001464919001",A0200001464919WO,A0200000403806WO,WB2605-0025,IFD25-H75 TRẮNG,IFD25-H75H75,IFD25-H75,H75,"",B12,IFD25-H75H75,4.8668,1.0000,4.8668,1.0000,0.0000,0.00,"",79064,79023,0,ĐÔNG NAM-ĐN-DT,"","",0.00,268.00,2026-05-22 10:36:44.803,2026-06-02 14:39:39.803,2026-05-31 00:00:00.000,2026-06-02 00:00:00.000,TONKHO,XB0007.06/26,0,"",""
FB00039,A0200003706061PX,TP20,SPM127,DCM16,1600.00,2080.00,1090.00,tấm,"1800039200001465136001",A0200001465136WO,A0200000403816WO,WB2605-0027,IFD25-H75 TRẮNG,IFD25-H75H75,IFD25-H75,H75,"",A3,IFD25-H75H75,3.6275,1.0000,3.6275,1.0000,0.0000,0.00,"",79064,79023,0,"","","",0.00,940.00,2026-05-23 10:24:35.537,2026-07-01 14:26:15.560,2026-05-31 00:00:00.000,2026-07-01 00:00:00.000,TONKHO,XB0002.07/26,0,"",""
FB00039,A0200003706519PX,TP20,SPM127,DCM16,2250.00,2040.00,1070.00,tấm,"1800039200001470990001",A0200001470990WO,A0200000405836WO,WB2606-0030,IFD25-H75 TRẮNG,IFD25-H75H75,IFD25-H75,H75,"","",IFD25-H75H75,4.9110,1.0000,4.9110,1.0000,0.0000,0.00,"",79064,79023,0,ADX-ADX-PU368,"",SX THEO ĐƠN HÀNG,0.00,145.00,2026-06-27 12:40:44.677,2026-07-03 13:43:57.323,2026-06-27 00:00:00.000,2026-07-03 00:00:00.000,KK0019.06/26,XB0008.07/26,0,"",""
FB00039,A0200003704603PX,TP20,SPM127,DCM16,1860.00,2040.00,1120.00,tấm,"1800039200001470991001",A0200001470991WO,A0200000405836WO,WB2606-0030,IFD25-H75 TRẮNG,IFD25-H75H75,IFD25-H75,H75,"","",IFD25-H75H75,4.2500,1.0000,4.2500,1.0000,0.0000,0.00,"",79064,79023,0,MINH DƯƠNG-MD-PO2606B017,"",SX THEO ĐƠN HÀNG,0.00,1.00,2026-06-27 12:40:44.643,2026-06-27 13:18:38.993,2026-06-27 00:00:00.000,2026-06-26 00:00:00.000,KK0019.06/26,XB0056.06/26,0,"",""
FB00039,A0200003704589PX,TP20,SPM127,DCM16,2070.00,2040.00,1120.00,tấm,"1800039200001470992001",A0200001470992WO,A0200000405836WO,WB2606-0030,IFD25-H75 TRẮNG,IFD25-H75H75,IFD25-H75,H75,"","",IFD25-H75H75,4.7300,1.0000,4.7300,1.0000,0.0000,0.00,"",79064,79023,0,MINH DƯƠNG-MD-PO2606B017,"",SX THEO ĐƠN HÀNG,0.00,1.00,2026-06-27 12:40:43.353,2026-06-27 13:18:37.497,2026-06-27 00:00:00.000,2026-06-26 00:00:00.000,KK0019.06/26,XB0056.06/26,0,"",""
FB00039,A0200003704590PX,TP20,SPM127,DCM16,2090.00,2040.00,1130.00,tấm,"1800039200001470992002",A0200001470992WO,A0200000405836WO,WB2606-0030,IFD25-H75 TRẮNG,IFD25-H75H75,IFD25-H75,H75,"","",IFD25-H75H75,4.8180,1.0000,4.8180,1.0000,0.0000,0.00,"",79064,79023,0,MINH DƯƠNG-MD-PO2606B017,"",SX THEO ĐƠN HÀNG,0.00,1.00,2026-06-27 12:40:44.640,2026-06-27 13:18:38.817,2026-06-27 00:00:00.000,2026-06-26 00:00:00.000,KK0019.06/26,XB0056.06/26,0,"",""
FB00039,A0200003706263PX,TP20,SPM127,DCM16,1880.00,2040.00,1100.00,tấm,"1800039200001470993001",A0200001470993WO,A0200000405836WO,WB2606-0030,IFD25-H75 TRẮNG,IFD25-H75H75,IFD25-H75,H75,"","",IFD25-H75H75,4.2190,1.0000,4.2190,1.0000,0.0000,0.00,"",79064,79023,0,HUỲNH LÊ-HL-2306-OLIVE-KT+5003,"",SX THEO ĐƠN HÀNG,0.00,119.00,2026-06-27 12:40:44.660,2026-07-02 11:18:36.360,2026-06-27 00:00:00.000,2026-07-02 00:00:00.000,KK0019.06/26,XB0005.07/26,0,"",""
FB00039,A0200003707250PX,TP20,SPM127,DCM16,1880.00,2040.00,1120.00,tấm,"1800039200001470993002",A0200001470993WO,A0200000405836WO,WB2606-0030,IFD25-H75 TRẮNG,IFD25-H75H75,IFD25-H75,H75,"","",IFD25-H75H75,4.2950,1.0000,4.2950,1.0000,0.0000,0.00,"",79064,79023,0,HUỲNH LÊ-HL-2306-OLIVE-KT+5003,"",SX THEO ĐƠN HÀNG,0.00,259.00,2026-06-27 12:40:44.680,2026-07-08 07:46:28.833,2026-06-27 00:00:00.000,2026-07-08 00:00:00.000,KK0019.06/26,XB0017.07/26,0,"",""
FB00039,A0200003707669PX,TP20,SPM127,DCM16,2170.00,2040.00,1120.00,tấm,"1800039200001470994001",A0200001470994WO,A0200000405836WO,WB2606-0030,IFD25-H75 TRẮNG,IFD25-H75H75,IFD25-H75,H75,"","",IFD25-H75H75,4.9580,1.0000,4.9580,1.0000,0.0000,0.00,"",79064,79023,0,HUỲNH LÊ-HL-2306-OLIVE-KT+5003,"",SX THEO ĐƠN HÀNG,0.00,267.00,2026-06-27 12:40:44.683,2026-07-08 15:09:18.157,2026-06-27 00:00:00.000,2026-07-08 00:00:00.000,KK0019.06/26,XB0017.07/26,0,"",""
FB00039,A0200003706059PX,TP20,SPM127,DCM16,1160.00,2040.00,1000.00,tấm,"1800039200001471179001",A0200001471179WO,A0200000405915WO,WB2606-0031,IFD25-H75 TRẮNG,IFD25-H75H75,IFD25-H75,H75,"","",IFD25-H75H75,2.3660,1.0000,2.3660,1.0000,0.0000,0.00,"",79064,79023,0,"","",SX DƯ,0.00,98.00,2026-06-27 12:40:44.723,2026-07-01 14:26:15.537,2026-06-27 00:00:00.000,2026-07-01 00:00:00.000,KK0019.06/26,XB0002.07/26,0,"",""
FB00039,A0200003706060PX,TP20,SPM127,DCM16,2170.00,2040.00,1070.00,tấm,"1800039200001471180001",A0200001471180WO,A0200000405915WO,WB2606-0031,IFD25-H75 TRẮNG,IFD25-H75H75,IFD25-H75,H75,"","",IFD25-H75H75,4.7370,1.0000,4.7370,1.0000,0.0000,0.00,"",79064,79023,0,"","",SX DƯ,0.00,98.00,2026-06-27 12:40:44.720,2026-07-01 14:26:15.550,2026-06-27 00:00:00.000,2026-07-01 00:00:00.000,KK0019.06/26,XB0002.07/26,0,"",""
FB00039,A0200003705147PX,TP20,SPM127,DCM16,2180.00,2040.00,1120.00,tấm,"1800039200001471180002",A0200001471180WO,A0200000405915WO,WB2606-0031,IFD25-H75 TRẮNG,IFD25-H75H75,IFD25-H75,H75,"","",IFD25-H75H75,4.9810,1.0000,4.9810,1.0000,0.0000,0.00,"",79064,79023,0,"","",SX DƯ,0.00,50.00,2026-06-27 12:40:44.717,2026-06-29 14:24:58.783,2026-06-27 00:00:00.000,2026-06-29 00:00:00.000,KK0019.06/26,XB0061.06/26,0,"",""
FB00039,A0200003707651PN,TP20,SPM127,DCM16,2170.00,2090.00,1140.00,tấm,"1800039200001473157001",A0200001473157WO,A0200000406532WO,WB2607-0004,IFD25-H75 TRẮNG,IFD25-H75H75,IFD25-H75,H75,"",B12,IFD25-H75H75,5.1700,1.0000,0.0000,0.0000,5.1700,1.00,"",79064,79023,0,ĐÔNG NAM-ĐMH-HV-73-2,"",SX THEO ĐƠN HÀNG,0.00,354.00,2026-07-08 15:07:57.007,,2026-07-08 00:00:00.000,,KK0005.07/26,,0,"",""
FB00039,A0200003708616PX,TP20,SPM127,DCM16,2190.00,2090.00,1140.00,tấm,"1800039200001473158001",A0200001473158WO,A0200000406532WO,WB2607-0004,IFD25-H75 TRẮNG,IFD25-H75H75,IFD25-H75,H75,"",B12,IFD25-H75H75,5.2180,1.0000,5.2180,1.0000,0.0000,0.00,"",79064,79023,0,ĐÔNG NAM-ĐMH-HV,"",SX THEO ĐƠN HÀNG,0.00,115.00,2026-07-08 15:07:57.003,2026-07-13 10:20:27.653,2026-07-08 00:00:00.000,2026-07-11 00:00:00.000,KK0005.07/26,XB0026.07/26,0,"",""
FB00039,A0200003708674PX,TP20,SPM127,DCM16,2180.00,2090.00,1140.00,tấm,"1800039200001473158002",A0200001473158WO,A0200000406532WO,WB2607-0004,IFD25-H75 TRẮNG,IFD25-H75H75,IFD25-H75,H75,"",B12,IFD25-H75H75,5.1940,1.0000,5.1940,1.0000,0.0000,0.00,"",79064,79023,0,ĐÔNG NAM-ĐMH-HV,"",SX THEO ĐƠN HÀNG,0.00,119.00,2026-07-08 15:07:57.010,2026-07-13 14:36:05.453,2026-07-08 00:00:00.000,2026-07-13 00:00:00.000,KK0005.07/26,XB0028.07/26,0,"",""
FB00039,A0200003709508PX,TP20,SPM127,DCM16,1900.00,2090.00,1140.00,tấm,"1800039200001473159001",A0200001473159WO,A0200000406532WO,WB2607-0004,IFD25-H75 TRẮNG,IFD25-H75H75,IFD25-H75,H75,"",B12,IFD25-H75H75,4.5270,1.0000,4.5270,1.0000,0.0000,0.00,"",79064,79023,0,ĐÔNG NAM-ĐMH-HV-73-2,"",SX THEO ĐƠN HÀNG,0.00,209.00,2026-07-08 15:07:56.987,2026-07-17 08:01:10.543,2026-07-08 00:00:00.000,2026-07-16 00:00:00.000,KK0005.07/26,XB0035.07/26,0,"",""
FB00039,A0200003711394PX,TP20,SPM127,DCM16,1760.00,2090.00,1140.00,tấm,"1800039200001473160001",A0200001458940WO,A0200000401865WO,WB2604-0029,IFD25-H75 TRẮNG,IFD25-H75H75,IFD25-H75,H75,"",B12,IFD25-H75H75,0.0000,0.0000,4.1930,1.0000,-4.1930,-1.00,"",79064,79023,0,ĐÔNG NAM-ĐMH-HV-73-2,"","",0.00,,,2026-07-22 10:56:57.380,,2026-07-22 00:00:00.000,,XB0049.07/26,0,"",""
FB00039,A0200003707648PN,TP20,SPM127,DCM16,1760.00,2090.00,1140.00,tấm,"1800039200001473160001",A0200001473160WO,A0200000406532WO,WB2607-0004,IFD25-H75 TRẮNG,IFD25-H75H75,IFD25-H75,H75,"",B12,IFD25-H75H75,4.1930,1.0000,0.0000,0.0000,4.1930,1.00,"",79064,79023,0,ĐÔNG NAM-ĐMH-HV-73-2,"",SX THEO ĐƠN HÀNG,0.00,354.00,2026-07-08 15:07:56.983,,2026-07-08 00:00:00.000,,KK0005.07/26,,0,"",""
FB00039,A0200003708392PX,TP20,SPM127,DCM16,2240.00,2090.00,1070.00,tấm,"1800039200001473161001",A0200001473161WO,A0200000406532WO,WB2607-0004,IFD25-H75 TRẮNG,IFD25-H75H75,IFD25-H75,H75,"",B12,IFD25-H75H75,5.0090,1.0000,5.0090,1.0000,0.0000,0.00,"",79064,79023,0,KHÔI NGUYÊN-KN-0707,"",SX THEO ĐƠN HÀNG,0.00,67.00,2026-07-08 15:07:57.050,2026-07-11 10:31:25.993,2026-07-08 00:00:00.000,2026-07-10 00:00:00.000,KK0005.07/26,XB0025.07/26,0,"",""
FB00039,A0200003711393PX,TP20,SPM127,DCM16,2090.00,2090.00,1130.00,tấm,"1800039200001473162001",A0200001458940WO,A0200000401865WO,WB2604-0029,IFD25-H75 TRẮNG,IFD25-H75H75,IFD25-H75,H75,"",B12,IFD25-H75H75,0.0000,0.0000,4.9360,1.0000,-4.9360,-1.00,"",79064,79023,0,ĐÔNG NAM-ĐMH-HV-73-2,"","",0.00,,,2026-07-22 10:56:57.370,,2026-07-22 00:00:00.000,,XB0049.07/26,0,"",""
FB00039,A0200003707654PN,TP20,SPM127,DCM16,2090.00,2090.00,1130.00,tấm,"1800039200001473162001",A0200001473162WO,A0200000406532WO,WB2607-0004,IFD25-H75 TRẮNG,IFD25-H75H75,IFD25-H75,H75,"",B12,IFD25-H75H75,4.9360,1.0000,0.0000,0.0000,4.9360,1.00,"",79064,79023,0,ĐÔNG NAM-ĐMH-HV-73-2,"",SX THEO ĐƠN HÀNG,0.00,354.00,2026-07-08 15:07:57.033,,2026-07-08 00:00:00.000,,KK0005.07/26,,0,"",""
FB00039,A0200003708391PX,TP20,SPM127,DCM16,2270.00,2090.00,1070.00,tấm,"1800039200001473163001",A0200001473163WO,A0200000406532WO,WB2607-0004,IFD25-H75 TRẮNG,IFD25-H75H75,IFD25-H75,H75,"",B12,IFD25-H75H75,5.0760,1.0000,5.0760,1.0000,0.0000,0.00,"",79064,79023,0,ADX-ADX-PO388-07-2026,"",SX THEO ĐƠN HÀNG,0.00,67.00,2026-07-08 15:07:57.063,2026-07-11 10:31:25.957,2026-07-08 00:00:00.000,2026-07-10 00:00:00.000,KK0005.07/26,XB0025.07/26,0,"",""
FB00039,A0200003708297PX,TP20,SPM127,DCM16,2050.00,2090.00,1140.00,tấm,"1800039200001473164001",A0200001473164WO,A0200000406532WO,WB2607-0004,IFD25-H75 TRẮNG,IFD25-H75H75,IFD25-H75,H75,"",B12,IFD25-H75H75,4.8840,1.0000,4.8840,1.0000,0.0000,0.00,"",79064,79023,0,LQ,"",SX THEO ĐƠN HÀNG,0.00,48.00,2026-07-08 15:07:57.030,2026-07-10 15:51:53.210,2026-07-08 00:00:00.000,2026-07-10 00:00:00.000,KK0005.07/26,XB0025.07/26,0,"",""
FB00039,A0200003708422PX,TP20,SPM127,DCM16,1750.00,2090.00,1120.00,tấm,"1800039200001473345001",A0200001473345WO,A0200000406600WO,WB2607-0005,IFD25-H75 TRẮNG,IFD25-H75H75,IFD25-H75,H75,"",B12,IFD25-H75H75,4.0960,1.0000,4.0960,1.0000,0.0000,0.00,"",79064,79023,0,"","",SX DƯ,0.00,70.00,2026-07-08 15:07:57.087,2026-07-11 13:46:46.500,2026-07-08 00:00:00.000,2026-07-11 00:00:00.000,KK0005.07/26,XB0026.07/26,0,"",""
FB00039,A0200003710289PN,TP20,SPM127,DCM16,1620.00,2020.00,1150.00,tấm,"1800039200001475685001",A0200001458940WO,A0200000401865WO,WB2604-0029,IFD25-H75 TRẮNG,IFD25-H75H75,IFD25-H75,H75,"","",IFD25-H75H75,3.7630,1.0000,0.0000,0.0000,3.7630,1.00,"",79064,79023,0,HUỲNH LÊ-HL-1507-3,"",SX THEO ĐƠN HÀNG,0.00,68.00,2026-07-20 13:49:27.340,,2026-07-20 00:00:00.000,,KK0015.07/26,,0,"",""
FB00039,A0200003710278PN,TP20,SPM127,DCM16,1620.00,2020.00,1150.00,tấm,"1800039200001475685002",A0200001458940WO,A0200000401865WO,WB2604-0029,IFD25-H75 TRẮNG,IFD25-H75H75,IFD25-H75,H75,"","",IFD25-H75H75,3.7630,1.0000,0.0000,0.0000,3.7630,1.00,"",79064,79023,0,HUỲNH LÊ-HL-1507-3,"",SX THEO ĐƠN HÀNG,0.00,68.00,2026-07-20 13:49:27.207,,2026-07-20 00:00:00.000,,KK0015.07/26,,0,"",""
FB00039,A0200003710292PN,TP20,SPM127,DCM16,1620.00,2020.00,1150.00,tấm,"1800039200001475685003",A0200001458940WO,A0200000401865WO,WB2604-0029,IFD25-H75 TRẮNG,IFD25-H75H75,IFD25-H75,H75,"","",IFD25-H75H75,3.7630,1.0000,0.0000,0.0000,3.7630,1.00,"",79064,79023,0,HUỲNH LÊ-HL-1507-3,"",SX THEO ĐƠN HÀNG,0.00,68.00,2026-07-20 13:49:27.397,,2026-07-20 00:00:00.000,,KK0015.07/26,,0,"",""
FB00039,A0200003710273PN,TP20,SPM127,DCM16,1620.00,2020.00,1150.00,tấm,"1800039200001475685004",A0200001458940WO,A0200000401865WO,WB2604-0029,IFD25-H75 TRẮNG,IFD25-H75H75,IFD25-H75,H75,"","",IFD25-H75H75,3.7630,1.0000,0.0000,0.0000,3.7630,1.00,"",79064,79023,0,HUỲNH LÊ-HL-1507-3,"",SX THEO ĐƠN HÀNG,0.00,68.00,2026-07-20 13:49:27.143,,2026-07-20 00:00:00.000,,KK0015.07/26,,0,"",""
FB00039,A0200003710256PX,TP20,SPM127,DCM16,1620.00,2020.00,1150.00,tấm,"1800039200001475685005",A0200001458940WO,A0200000401865WO,WB2604-0029,IFD25-H75 TRẮNG,IFD25-H75H75,IFD25-H75,H75,"","",IFD25-H75H75,3.7630,1.0000,3.7630,1.0000,0.0000,0.00,"",79064,79023,0,HUỲNH LÊ-HL-1507-3,"",SX THEO ĐƠN HÀNG,0.00,2.00,2026-07-20 11:23:13.353,2026-07-20 13:25:00.873,2026-07-20 00:00:00.000,2026-07-18 00:00:00.000,KK0014.07/26,XB0040.07/26,0,"",""
FB00039,A0200003710277PN,TP20,SPM127,DCM16,1620.00,2020.00,1150.00,tấm,"1800039200001475685006",A0200001458940WO,A0200000401865WO,WB2604-0029,IFD25-H75 TRẮNG,IFD25-H75H75,IFD25-H75,H75,"","",IFD25-H75H75,3.7630,1.0000,0.0000,0.0000,3.7630,1.00,"",79064,79023,0,HUỲNH LÊ-HL-1507-3,"",SX THEO ĐƠN HÀNG,0.00,68.00,2026-07-20 13:49:27.197,,2026-07-20 00:00:00.000,,KK0015.07/26,,0,"",""
FB00039,A0200003710291PN,TP20,SPM127,DCM16,1620.00,2020.00,1150.00,tấm,"1800039200001475685007",A0200001458940WO,A0200000401865WO,WB2604-0029,IFD25-H75 TRẮNG,IFD25-H75H75,IFD25-H75,H75,"","",IFD25-H75H75,3.7630,1.0000,0.0000,0.0000,3.7630,1.00,"",79064,79023,0,HUỲNH LÊ-HL-1507-3,"",SX THEO ĐƠN HÀNG,0.00,68.00,2026-07-20 13:49:27.387,,2026-07-20 00:00:00.000,,KK0015.07/26,,0,"",""
FB00039,A0200003710274PN,TP20,SPM127,DCM16,1620.00,2020.00,1150.00,tấm,"1800039200001475685008",A0200001458940WO,A0200000401865WO,WB2604-0029,IFD25-H75 TRẮNG,IFD25-H75H75,IFD25-H75,H75,"","",IFD25-H75H75,3.7630,1.0000,0.0000,0.0000,3.7630,1.00,"",79064,79023,0,HUỲNH LÊ-HL-1507-3,"",SX THEO ĐƠN HÀNG,0.00,68.00,2026-07-20 13:49:27.150,,2026-07-20 00:00:00.000,,KK0015.07/26,,0,"",""
FB00039,A0200003710254PX,TP20,SPM127,DCM16,1620.00,2020.00,1150.00,tấm,"1800039200001475686001",A0200001458940WO,A0200000401865WO,WB2604-0029,IFD25-H75 TRẮNG,IFD25-H75H75,IFD25-H75,H75,"","",IFD25-H75H75,3.7630,1.0000,3.7630,1.0000,0.0000,0.00,"",79064,79023,0,HUỲNH LÊ-HL-1507-1,"",SX THEO ĐƠN HÀNG,0.00,2.00,2026-07-20 11:23:13.320,2026-07-20 13:25:00.853,2026-07-20 00:00:00.000,2026-07-18 00:00:00.000,KK0014.07/26,XB0040.07/26,0,"",""
FB00039,A0200003710250PX,TP20,SPM127,DCM16,1620.00,2020.00,1150.00,tấm,"1800039200001475686002",A0200001458940WO,A0200000401865WO,WB2604-0029,IFD25-H75 TRẮNG,IFD25-H75H75,IFD25-H75,H75,"","",IFD25-H75H75,3.7630,1.0000,3.7630,1.0000,0.0000,0.00,"",79064,79023,0,HUỲNH LÊ-HL-1507-1,"",SX THEO ĐƠN HÀNG,0.00,2.00,2026-07-20 11:23:12.047,2026-07-20 13:25:00.817,2026-07-20 00:00:00.000,2026-07-18 00:00:00.000,KK0014.07/26,XB0040.07/26,0,"",""
FB00039,A0200003710252PX,TP20,SPM127,DCM16,1620.00,2020.00,1150.00,tấm,"1800039200001475686003",A0200001458940WO,A0200000401865WO,WB2604-0029,IFD25-H75 TRẮNG,IFD25-H75H75,IFD25-H75,H75,"","",IFD25-H75H75,3.7630,1.0000,3.7630,1.0000,0.0000,0.00,"",79064,79023,0,HUỲNH LÊ-HL-1507-1,"",SX THEO ĐƠN HÀNG,0.00,2.00,2026-07-20 11:23:13.273,2026-07-20 13:25:00.837,2026-07-20 00:00:00.000,2026-07-18 00:00:00.000,KK0014.07/26,XB0040.07/26,0,"",""
FB00039,A0200003710253PX,TP20,SPM127,DCM16,1620.00,2020.00,1150.00,tấm,"1800039200001475686004",A0200001458940WO,A0200000401865WO,WB2604-0029,IFD25-H75 TRẮNG,IFD25-H75H75,IFD25-H75,H75,"","",IFD25-H75H75,3.7630,1.0000,3.7630,1.0000,0.0000,0.00,"",79064,79023,0,HUỲNH LÊ-HL-1507-1,"",SX THEO ĐƠN HÀNG,0.00,2.00,2026-07-20 11:23:13.293,2026-07-20 13:25:00.847,2026-07-20 00:00:00.000,2026-07-18 00:00:00.000,KK0014.07/26,XB0040.07/26,0,"",""
FB00039,A0200003710255PX,TP20,SPM127,DCM16,1620.00,2020.00,1150.00,tấm,"1800039200001475686005",A0200001458940WO,A0200000401865WO,WB2604-0029,IFD25-H75 TRẮNG,IFD25-H75H75,IFD25-H75,H75,"","",IFD25-H75H75,3.7630,1.0000,3.7630,1.0000,0.0000,0.00,"",79064,79023,0,HUỲNH LÊ-HL-1507-1,"",SX THEO ĐƠN HÀNG,0.00,2.00,2026-07-20 11:23:13.337,2026-07-20 13:25:00.863,2026-07-20 00:00:00.000,2026-07-18 00:00:00.000,KK0014.07/26,XB0040.07/26,0,"",""
FB00039,A0200003710251PX,TP20,SPM127,DCM16,1620.00,2020.00,1150.00,tấm,"1800039200001475686007",A0200001458940WO,A0200000401865WO,WB2604-0029,IFD25-H75 TRẮNG,IFD25-H75H75,IFD25-H75,H75,"","",IFD25-H75H75,3.7630,1.0000,3.7630,1.0000,0.0000,0.00,"",79064,79023,0,HUỲNH LÊ-HL-1507-1,"",SX THEO ĐƠN HÀNG,0.00,2.00,2026-07-20 11:23:13.257,2026-07-20 13:25:00.827,2026-07-20 00:00:00.000,2026-07-18 00:00:00.000,KK0014.07/26,XB0040.07/26,0,"",""
FB00039,A0200003710275PN,TP20,SPM127,DCM16,2090.00,2020.00,1120.00,tấm,"1800039200001475687001",A0200001458940WO,A0200000401865WO,WB2604-0029,IFD25-H75 TRẮNG,IFD25-H75H75,IFD25-H75,H75,"","",IFD25-H75H75,4.7280,1.0000,0.0000,0.0000,4.7280,1.00,"",79064,79023,0,ĐÔNG NAM-ĐMH,"",SX THEO ĐƠN HÀNG,0.00,68.00,2026-07-20 13:49:27.180,,2026-07-20 00:00:00.000,,KK0015.07/26,,0,"",""
FB00039,A0200003710276PN,TP20,SPM127,DCM16,2090.00,2020.00,1120.00,tấm,"1800039200001475687002",A0200001458940WO,A0200000401865WO,WB2604-0029,IFD25-H75 TRẮNG,IFD25-H75H75,IFD25-H75,H75,"","",IFD25-H75H75,4.7280,1.0000,0.0000,0.0000,4.7280,1.00,"",79064,79023,0,ĐÔNG NAM-ĐMH,"",SX THEO ĐƠN HÀNG,0.00,68.00,2026-07-20 13:49:27.190,,2026-07-20 00:00:00.000,,KK0015.07/26,,0,"",""
FB00039,A0200003710290PN,TP20,SPM127,DCM16,2060.00,2020.00,1120.00,tấm,"1800039200001475688001",A0200001458940WO,A0200000401865WO,WB2604-0029,IFD25-H75 TRẮNG,IFD25-H75H75,IFD25-H75,H75,"","",IFD25-H75H75,4.6610,1.0000,0.0000,0.0000,4.6610,1.00,"",79064,79023,0,HUỲNH LÊ-HL-PO 17-07-KAN,"",SX THEO ĐƠN HÀNG,0.00,68.00,2026-07-20 13:49:27.380,,2026-07-20 00:00:00.000,,KK0015.07/26,,0,"",""
FB00041,A0200003709582PX,TP20,SPM073,DCM04,1630.00,2080.00,1040.00,tấm,"1800041200001432368002",A0200001432368WO,A0200000392769WO,WB2512-0020,NFD28-H30 TRẮNG,NFD28-H30H30,NFD28-H30,H30,"",A5,NFD28-H30H30,3.5260,1.0000,3.5260,1.0000,0.0000,0.00,"",79066,79023,0,Dự trù TKN,"","",0.00,5087.00,2025-12-17 11:02:53.430,2026-07-17 10:11:18.643,2026-05-31 00:00:00.000,2026-07-17 00:00:00.000,TONKHO,XB0036.07/26,0,"",""
FB00041,A0200003700092PX,TP20,SPM073,DCM04,2140.00,2080.00,1030.00,tấm,"1800041200001461065003",A0200001461065WO,A0200000402562WO,WB2605-0001,NFD28-H30 TRẮNG,NFD28-H30H30,NFD28-H30,H30,"",B8,NFD28-H30H30,4.5847,1.0000,4.5847,1.0000,0.0000,0.00,"",79066,79023,0,ĐH JANGIN+BFC/JANG IN-JI-260525-2-12/6,"","",0.00,750.00,2026-05-06 09:19:49.687,2026-06-06 15:01:06.690,2026-05-31 00:00:00.000,2026-06-06 00:00:00.000,TONKHO,XB0017.06/26,0,"",""
FB00041,A0200003700129PX,TP20,SPM073,DCM04,1550.00,2080.00,1030.00,tấm,"1800041200001461066001",A0200001461066WO,A0200000402562WO,WB2605-0001,NFD28-H30 TRẮNG,NFD28-H30H30,NFD28-H30,H30,"",B8,NFD28-H30H30,3.3207,1.0000,3.3207,1.0000,0.0000,0.00,"",79066,79023,0,WO2604-0099--Mousse tấm/WO2605-0106--Mousse tấm,"","",0.00,791.00,2026-05-06 09:19:49.523,2026-06-08 08:52:50.453,2026-05-31 00:00:00.000,2026-06-08 00:00:00.000,TONKHO,XB0018.06/26,0,"",""
FB00041,A0200003700120PX,TP20,SPM073,DCM04,1250.00,2080.00,1020.00,tấm,"1800041200001461082001",A0200001461082WO,A0200000402581WO,WB2605-0002,NFD28-H30 TRẮNG,NFD28-H30H30,NFD28-H30,H30,"",B6,NFD28-H30H30,2.6520,1.0000,2.6520,1.0000,0.0000,0.00,"",79066,79023,0,JANG IN-JI-260525-2-12/6,"","",0.00,791.00,2026-05-06 09:19:49.753,2026-06-08 08:32:07.757,2026-05-31 00:00:00.000,2026-06-06 00:00:00.000,TONKHO,XB0017.06/26,0,"",""
FB00041,A0200003700265PX,TP20,SPM073,DCM04,1560.00,2080.00,980.00,tấm,"1800041200001465010001",A0200001465010WO,A0200000403863WO,WB2605-0028,NFD28-H30 TRẮNG,NFD28-H30H30,NFD28-H30,H30,"",B9,NFD28-H30H30,3.1799,1.0000,3.1799,1.0000,0.0000,0.00,"",79066,79023,0,WO2605-0105--Mousse tấm,"","",0.00,407.00,2026-05-23 10:24:34.157,2026-06-09 09:28:19.487,2026-05-31 00:00:00.000,2026-06-09 00:00:00.000,TONKHO,XB0020.06/26,0,"",""
FB00041,A0200003700264PX,TP20,SPM073,DCM04,1560.00,2080.00,1030.00,tấm,"1800041200001465010002",A0200001465010WO,A0200000403863WO,WB2605-0028,NFD28-H30 TRẮNG,NFD28-H30H30,NFD28-H30,H30,"",B9,NFD28-H30H30,3.3421,1.0000,3.3421,1.0000,0.0000,0.00,"",79066,79023,0,WO2605-0105--Mousse tấm,"","",0.00,407.00,2026-05-23 10:24:34.140,2026-06-09 09:28:19.470,2026-05-31 00:00:00.000,2026-06-09 00:00:00.000,TONKHO,XB0020.06/26,0,"",""
FB00041,A0200003700304PX,TP20,SPM073,DCM04,1550.00,2080.00,1000.00,tấm,"1800041200001465011001",A0200001465011WO,A0200000403863WO,WB2605-0028,NFD28-H30 TRẮNG,NFD28-H30H30,NFD28-H30,H30,"",B9,NFD28-H30H30,3.2240,1.0000,3.2240,1.0000,0.0000,0.00,"",79066,79023,0,WO2605-0104--Mousse tấm,"","",0.00,412.00,2026-05-23 10:24:33.957,2026-06-09 14:10:30.993,2026-05-31 00:00:00.000,2026-06-09 00:00:00.000,TONKHO,XB0022.06/26,0,"",""
FB00041,A0200003709788PX,TP20,SPM073,DCM04,1540.00,2080.00,990.00,tấm,"1800041200001465011002",A0200001465011WO,A0200000403863WO,WB2605-0028,NFD28-H30 TRẮNG,NFD28-H30H30,NFD28-H30,H30,"","",NFD28-H30H30,6.3424,2.0000,3.1712,1.0000,3.1712,1.00,"",79066,79023,0,WO2605-0104--Mousse tấm,"","",0.00,45.00,2026-07-15 15:32:37.930,2026-07-17 12:51:29.310,2026-07-15 00:00:00.000,2026-07-15 00:00:00.000,XB0033.07/26,XB0033.07/26,0,"",""
FB00041,A0200003700133PX,TP20,SPM073,DCM04,1550.00,2080.00,1000.00,tấm,"1800041200001465011003",A0200001465011WO,A0200000403863WO,WB2605-0028,NFD28-H30 TRẮNG,NFD28-H30H30,NFD28-H30,H30,"",B4,NFD28-H30H30,3.2240,1.0000,3.2240,1.0000,0.0000,0.00,"",79066,79023,0,WO2605-0104--Mousse tấm,"","",0.00,383.00,2026-05-23 10:24:34.003,2026-06-08 09:17:28.883,2026-05-31 00:00:00.000,2026-06-08 00:00:00.000,TONKHO,XB0018.06/26,0,"",""
FB00041,A0200003709789PX,TP20,SPM073,DCM04,1550.00,2080.00,990.00,tấm,"1800041200001465011004",A0200001465011WO,A0200000403863WO,WB2605-0028,NFD28-H30 TRẮNG,NFD28-H30H30,NFD28-H30,H30,"","",NFD28-H30H30,6.3836,2.0000,3.1918,1.0000,3.1918,1.00,"",79066,79023,0,WO2605-0104--Mousse tấm,"","",0.00,45.00,2026-07-15 15:32:37.930,2026-07-17 12:51:29.317,2026-07-15 00:00:00.000,2026-07-15 00:00:00.000,XB0033.07/26,XB0033.07/26,0,"",""
FB00041,A0200003700123PX,TP20,SPM073,DCM04,1570.00,2080.00,1010.00,tấm,"1800041200001465011005",A0200001465011WO,A0200000403863WO,WB2605-0028,NFD28-H30 TRẮNG,NFD28-H30H30,NFD28-H30,H30,"",B1,NFD28-H30H30,3.2983,1.0000,3.2983,1.0000,0.0000,0.00,"",79066,79023,0,WO2605-0104--Mousse tấm,"","",0.00,382.00,2026-05-23 10:24:34.020,2026-06-08 08:52:50.323,2026-05-31 00:00:00.000,2026-06-08 00:00:00.000,TONKHO,XB0018.06/26,0,"",""
FB00041,A0200003700122PX,TP20,SPM073,DCM04,1560.00,2080.00,990.00,tấm,"1800041200001465012001",A0200001465012WO,A0200000403863WO,WB2605-0028,NFD28-H30 TRẮNG,NFD28-H30H30,NFD28-H30,H30,"",B1,NFD28-H30H30,3.2124,1.0000,3.2124,1.0000,0.0000,0.00,"",79066,79023,0,WO2605-0105--Mousse tấm,"","",0.00,382.00,2026-05-23 10:24:33.990,2026-06-08 08:52:49.113,2026-05-31 00:00:00.000,2026-06-08 00:00:00.000,TONKHO,XB0018.06/26,0,"",""
FB00041,A0200003700870PX,TP20,SPM073,DCM04,1550.00,2080.00,1030.00,tấm,"1800041200001465012002",A0200001465012WO,A0200000403863WO,WB2605-0028,NFD28-H30 TRẮNG,NFD28-H30H30,NFD28-H30,H30,"",B4,NFD28-H30H30,3.3207,1.0000,3.3207,1.0000,0.0000,0.00,"",79066,79023,0,WO2605-0105--Mousse tấm,"","",0.00,478.00,2026-05-23 10:24:34.067,2026-06-12 08:15:02.333,2026-05-31 00:00:00.000,2026-06-12 00:00:00.000,TONKHO,XB0027.06/26,0,"",""
FB00041,A0200003700124PX,TP20,SPM073,DCM04,1560.00,2080.00,1020.00,tấm,"1800041200001465012003",A0200001465012WO,A0200000403863WO,WB2605-0028,NFD28-H30 TRẮNG,NFD28-H30H30,NFD28-H30,H30,"",B1,NFD28-H30H30,3.3097,1.0000,3.3097,1.0000,0.0000,0.00,"",79066,79023,0,WO2605-0105--Mousse tấm,"","",0.00,382.00,2026-05-23 10:24:34.033,2026-06-08 08:52:50.340,2026-05-31 00:00:00.000,2026-06-08 00:00:00.000,TONKHO,XB0018.06/26,0,"",""
FB00041,A0200003700432PX,TP20,SPM073,DCM04,1560.00,2080.00,1040.00,tấm,"1800041200001465013001",A0200001465013WO,A0200000403863WO,WB2605-0028,NFD28-H30 TRẮNG,NFD28-H30H30,NFD28-H30,H30,"",B9,NFD28-H30H30,3.3746,1.0000,3.3746,1.0000,0.0000,0.00,"",79066,79023,0,WO2605-0106--Mousse tấm,"","",0.00,432.00,2026-05-23 10:24:34.103,2026-06-10 10:25:54.473,2026-05-31 00:00:00.000,2026-06-10 00:00:00.000,TONKHO,XB0023.06/26,0,"",""
FB00041,A0200003705378PX,TP20,SPM073,DCM04,1550.00,2080.00,1030.00,tấm,"1800041200001465013002",A0200001465013WO,A0200000403863WO,WB2605-0028,NFD28-H30 TRẮNG,NFD28-H30H30,NFD28-H30,H30,"",B9,NFD28-H30H30,3.3207,1.0000,3.3207,1.0000,0.0000,0.00,"",79066,79023,0,WO2605-0106--Mousse tấm,"","",0.00,912.00,2026-05-23 10:24:34.050,2026-06-30 10:19:06.640,2026-05-31 00:00:00.000,2026-06-30 00:00:00.000,TONKHO,XB0063.06/26,0,"",""
FB00041,A0200003700431PX,TP20,SPM073,DCM04,1560.00,2080.00,1040.00,tấm,"1800041200001465013003",A0200001465013WO,A0200000403863WO,WB2605-0028,NFD28-H30 TRẮNG,NFD28-H30H30,NFD28-H30,H30,"",B9,NFD28-H30H30,3.3746,1.0000,3.3746,1.0000,0.0000,0.00,"",79066,79023,0,WO2605-0106--Mousse tấm,"","",0.00,432.00,2026-05-23 10:24:34.083,2026-06-10 10:25:54.460,2026-05-31 00:00:00.000,2026-06-10 00:00:00.000,TONKHO,XB0023.06/26,0,"",""
FB00041,A0200003700266PX,TP20,SPM073,DCM04,1550.00,2080.00,1040.00,tấm,"1800041200001465013004",A0200001465013WO,A0200000403863WO,WB2605-0028,NFD28-H30 TRẮNG,NFD28-H30H30,NFD28-H30,H30,"",B9,NFD28-H30H30,3.3530,1.0000,3.3530,1.0000,0.0000,0.00,"",79066,79023,0,WO2605-0106--Mousse tấm,"","",0.00,407.00,2026-05-23 10:24:34.120,2026-06-09 09:28:19.510,2026-05-31 00:00:00.000,2026-06-09 00:00:00.000,TONKHO,XB0020.06/26,0,"",""
FB00041,A0200003700091PX,TP20,SPM073,DCM04,2260.00,2080.00,800.00,tấm,"1800041200001465097001",A0200001465097WO,A0200000403881WO,WB2605-0029,NFD28-H30 TRẮNG,NFD28-H30H30,NFD28-H30,H30,"",B8,NFD28-H30H30,3.7606,1.0000,3.7606,1.0000,0.0000,0.00,"",79066,79023,0,ĐƠN HÀNG TKN/JANG IN-JI-260529-1-9/6,"","",0.00,341.00,2026-05-23 10:24:34.200,2026-06-06 15:01:06.650,2026-05-31 00:00:00.000,2026-06-06 00:00:00.000,TONKHO,XB0017.06/26,0,"",""
FB00041,A0200003709583PX,TP20,SPM073,DCM04,1830.00,2080.00,1000.00,tấm,"1800041200001465098001",A0200001465098WO,A0200000403881WO,WB2605-0029,NFD28-H30 TRẮNG,NFD28-H30H30,NFD28-H30,H30,"",B8,NFD28-H30H30,3.8064,1.0000,3.8064,1.0000,0.0000,0.00,"",79066,79023,0,ĐƠN HÀNG TKN,"","",0.00,1320.00,2026-05-23 10:24:34.300,2026-07-17 10:11:18.670,2026-05-31 00:00:00.000,2026-07-17 00:00:00.000,TONKHO,XB0036.07/26,0,"",""
FB00041,A0200003708243PX,TP20,SPM073,DCM04,1630.00,2080.00,1000.00,tấm,"1800041200001465099001",A0200001465099WO,A0200000403881WO,WB2605-0029,NFD28-H30 TRẮNG,NFD28-H30H30,NFD28-H30,H30,"",B8,NFD28-H30H30,3.3904,1.0000,3.3904,1.0000,0.0000,0.00,"",79066,79023,0,ĐƠN HÀNG TKN,"","",0.00,1156.00,2026-05-23 10:24:34.287,2026-07-10 14:08:35.137,2026-05-31 00:00:00.000,2026-07-10 00:00:00.000,TONKHO,XB0024.07/26,0,"",""
FB00041,A0200003700439PX,TP20,SPM073,DCM04,1330.00,2080.00,880.00,tấm,"1800041200001467868001",A0200001467868WO,A0200000404850WO,WB2606-0009,NFD28-H30 TRẮNG,NFD28-H30H30,NFD28-H30,H30,"",B5,NFD28-H30H30,2.4340,1.0000,2.4340,1.0000,0.0000,0.00,"",79066,79023,0,JANG IN-JI-260606,"",SX THEO DON HANG,0.00,0.00,2026-06-10 10:11:43.180,2026-06-10 10:27:11.127,2026-06-10 00:00:00.000,2026-06-09 00:00:00.000,KK0007.06/26,XB0022.06/26,0,"",""
FB00041,A0200003709791PX,TP20,SPM073,DCM04,1630.00,2080.00,950.00,tấm,"1800041200001467869001",A0200001467869WO,A0200000404850WO,WB2606-0009,NFD28-H30 TRẮNG,NFD28-H30H30,NFD28-H30,H30,"",B5,NFD28-H30H30,6.4420,2.0000,3.2210,1.0000,3.2210,1.00,"",79066,79023,0,JANG IN-JI-260604,"",SX THEO DON HANG,0.00,890.00,2026-06-10 10:11:43.167,2026-07-17 12:51:29.353,2026-07-15 00:00:00.000,2026-07-15 00:00:00.000,XB0033.07/26,XB0033.07/26,0,"",RedColor
FB00041,A0200003701997PX,TP20,SPM073,DCM04,2120.00,2080.00,1010.00,tấm,"1800041200001467870001",A0200001467870WO,A0200000404850WO,WB2606-0009,NFD28-H30 TRẮNG,NFD28-H30H30,NFD28-H30,H30,"",B5,NFD28-H30H30,4.4540,1.0000,4.4540,1.0000,0.0000,0.00,"",79066,79023,0,JANG IN-JI-260525-2,"",SX THEO DON HANG,0.00,191.00,2026-06-10 10:11:43.107,2026-06-18 09:38:37.717,2026-06-10 00:00:00.000,2026-06-18 00:00:00.000,KK0007.06/26,XB0040.06/26,0,"",""
FB00041,A0200003700438PX,TP20,SPM073,DCM04,2130.00,2080.00,990.00,tấm,"1800041200001467871001",A0200001467871WO,A0200000404850WO,WB2606-0009,NFD28-H30 TRẮNG,NFD28-H30H30,NFD28-H30,H30,"",B5,NFD28-H30H30,4.3860,1.0000,4.3860,1.0000,0.0000,0.00,"",79066,79023,0,JANG IN-JI-260606,"",SX THEO DON HANG,0.00,0.00,2026-06-10 10:11:43.150,2026-06-10 10:27:11.117,2026-06-10 00:00:00.000,2026-06-09 00:00:00.000,KK0007.06/26,XB0022.06/26,0,"",""
FB00041,A0200003703968PX,TP20,SPM073,DCM04,1540.00,2080.00,1020.00,tấm,"1800041200001467872001",A0200001467872WO,A0200000404850WO,WB2606-0009,NFD28-H30 TRẮNG,NFD28-H30H30,NFD28-H30,H30,"",B5,NFD28-H30H30,3.2670,1.0000,3.2670,1.0000,0.0000,0.00,"",79066,79023,0,WO2606-0001--Mousse tấm,"",SX THEO DON HANG,0.00,358.00,2026-06-10 10:11:42.240,2026-06-25 08:53:52.243,2026-06-10 00:00:00.000,2026-06-25 00:00:00.000,KK0007.06/26,XB0053.06/26,0,"",""
FB00041,A0200003705379PX,TP20,SPM073,DCM04,1580.00,2080.00,890.00,tấm,"1800041200001467872002",A0200001467872WO,A0200000404850WO,WB2606-0009,NFD28-H30 TRẮNG,NFD28-H30H30,NFD28-H30,H30,"",B5,NFD28-H30H30,2.9250,1.0000,2.9250,1.0000,0.0000,0.00,"",79066,79023,0,WO2606-0001--Mousse tấm,"",SX THEO DON HANG,0.00,480.00,2026-06-10 10:11:40.937,2026-06-30 10:19:06.650,2026-06-10 00:00:00.000,2026-06-30 00:00:00.000,KK0007.06/26,XB0063.06/26,0,"",""
FB00041,A0200003703977PX,TP20,SPM073,DCM04,1510.00,2080.00,990.00,tấm,"1800041200001467872003",A0200001467872WO,A0200000404850WO,WB2606-0009,NFD28-H30 TRẮNG,NFD28-H30H30,NFD28-H30,H30,"",B5,NFD28-H30H30,3.1090,1.0000,3.1090,1.0000,0.0000,0.00,"",79066,79023,0,WO2606-0001--Mousse tấm,"",SX THEO DON HANG,0.00,358.00,2026-06-10 10:11:42.197,2026-06-25 08:53:52.370,2026-06-10 00:00:00.000,2026-06-25 00:00:00.000,KK0007.06/26,XB0053.06/26,0,"",""
FB00041,A0200003703969PX,TP20,SPM073,DCM04,1550.00,2080.00,1010.00,tấm,"1800041200001467872004",A0200001467872WO,A0200000404850WO,WB2606-0009,NFD28-H30 TRẮNG,NFD28-H30H30,NFD28-H30,H30,"",B5,NFD28-H30H30,3.2560,1.0000,3.2560,1.0000,0.0000,0.00,"",79066,79023,0,WO2606-0001--Mousse tấm,"",SX THEO DON HANG,0.00,358.00,2026-06-10 10:11:42.257,2026-06-25 08:53:52.257,2026-06-10 00:00:00.000,2026-06-25 00:00:00.000,KK0007.06/26,XB0053.06/26,0,"",""
FB00041,A0200003703976PX,TP20,SPM073,DCM04,1550.00,2080.00,950.00,tấm,"1800041200001467872005",A0200001467872WO,A0200000404850WO,WB2606-0009,NFD28-H30 TRẮNG,NFD28-H30H30,NFD28-H30,H30,"",B5,NFD28-H30H30,3.0630,1.0000,3.0630,1.0000,0.0000,0.00,"",79066,79023,0,WO2606-0001--Mousse tấm,"",SX THEO DON HANG,0.00,358.00,2026-06-10 10:11:42.307,2026-06-25 08:53:52.357,2026-06-10 00:00:00.000,2026-06-25 00:00:00.000,KK0007.06/26,XB0053.06/26,0,"",""
FB00041,A0200003705376PX,TP20,SPM073,DCM04,1550.00,2080.00,1000.00,tấm,"1800041200001467873001",A0200001467873WO,A0200000404850WO,WB2606-0009,NFD28-H30 TRẮNG,NFD28-H30H30,NFD28-H30,H30,"",B5,NFD28-H30H30,3.2240,1.0000,3.2240,1.0000,0.0000,0.00,"",79066,79023,0,WO2606-0002--Mousse tấm,"",SX THEO DON HANG,0.00,480.00,2026-06-10 10:11:42.270,2026-06-30 10:19:06.620,2026-06-10 00:00:00.000,2026-06-30 00:00:00.000,KK0007.06/26,XB0063.06/26,0,"",""
FB00041,A0200003705377PX,TP20,SPM073,DCM04,1550.00,2080.00,990.00,tấm,"1800041200001467873002",A0200001467873WO,A0200000404850WO,WB2606-0009,NFD28-H30 TRẮNG,NFD28-H30H30,NFD28-H30,H30,"",B5,NFD28-H30H30,3.1920,1.0000,3.1920,1.0000,0.0000,0.00,"",79066,79023,0,WO2606-0002--Mousse tấm,"",SX THEO DON HANG,0.00,480.00,2026-06-10 10:11:42.287,2026-06-30 10:19:06.630,2026-06-10 00:00:00.000,2026-06-30 00:00:00.000,KK0007.06/26,XB0063.06/26,0,"",""
FB00041,A0200003709790PX,TP20,SPM073,DCM04,1550.00,2080.00,1040.00,tấm,"1800041200001467873003",A0200001467873WO,A0200000404850WO,WB2606-0009,NFD28-H30 TRẮNG,NFD28-H30H30,NFD28-H30,H30,"",B5,NFD28-H30H30,6.7060,2.0000,3.3530,1.0000,3.3530,1.00,"",79066,79023,0,WO2606-0002--Mousse tấm,"",SX THEO DON HANG,0.00,890.00,2026-06-10 10:11:43.090,2026-07-17 12:51:29.320,2026-07-15 00:00:00.000,2026-07-15 00:00:00.000,XB0033.07/26,XB0033.07/26,0,"",RedColor
FB00041,A0200003709787PX,TP20,SPM073,DCM04,1550.00,2080.00,1040.00,tấm,"1800041200001467873004",A0200001467873WO,A0200000404850WO,WB2606-0009,NFD28-H30 TRẮNG,NFD28-H30H30,NFD28-H30,H30,"",B5,NFD28-H30H30,6.7060,2.0000,3.3530,1.0000,3.3530,1.00,"",79066,79023,0,WO2606-0002--Mousse tấm,"",SX THEO DON HANG,0.00,890.00,2026-06-10 10:11:43.073,2026-07-17 12:51:29.307,2026-07-15 00:00:00.000,2026-07-15 00:00:00.000,XB0033.07/26,XB0033.07/26,0,"",RedColor
FB00041,A0200003711616PX,TP24NEM,SPM073,DCM04,1670.00,2080.00,1030.00,tấm,"1800041200001467874001",A0200001458940WO,A0200000401865WO,WB2604-0029,NFD28-H30 TRẮNG,NFD28-H30H30,NFD28-H30,H30,"",B5,NFD28-H30H30,0.0000,0.0000,3.5780,1.0000,-3.5780,-1.00,"",79066,79023,0,JANG IN-JI-260525-3,"","",0.00,,,2026-07-22 11:32:22.697,,2026-07-22 00:00:00.000,,XB0052.07/26,0,"",""
FB00041,A0200003709786PX,TP20,SPM073,DCM04,1670.00,2080.00,1030.00,tấm,"1800041200001467874001",A0200001467874WO,A0200000404850WO,WB2606-0009,NFD28-H30 TRẮNG,NFD28-H30H30,NFD28-H30,H30,"",B5,NFD28-H30H30,7.1560,2.0000,3.5780,1.0000,3.5780,1.00,"",79066,79023,0,JANG IN-JI-260525-3,"",SX THEO DON HANG,0.00,890.00,2026-06-10 10:11:43.057,2026-07-17 12:51:29.290,2026-07-15 00:00:00.000,2026-07-15 00:00:00.000,XB0033.07/26,XB0033.07/26,0,"",""
FB00041,A0200003700437PX,TP20,SPM073,DCM04,1830.00,2080.00,930.00,tấm,"1800041200001467875001",A0200001467875WO,A0200000404850WO,WB2606-0009,NFD28-H30 TRẮNG,NFD28-H30H30,NFD28-H30,H30,"",B5,NFD28-H30H30,3.5400,1.0000,3.5400,1.0000,0.0000,0.00,"",79066,79023,0,JANG IN-JI-260525-4,"",SX THEO DON HANG,0.00,0.00,2026-06-10 10:11:43.040,2026-06-10 10:27:11.087,2026-06-10 00:00:00.000,2026-06-09 00:00:00.000,KK0007.06/26,XB0022.06/26,0,"",""
FB00041,A0200003709584PX,TP20,SPM073,DCM04,2210.00,2080.00,740.00,tấm,"1800041200001467876001",A0200001467876WO,A0200000404850WO,WB2606-0009,NFD28-H30 TRẮNG,NFD28-H30H30,NFD28-H30,H30,"",B5,NFD28-H30H30,3.4020,1.0000,3.4020,1.0000,0.0000,0.00,"",79066,79023,0,JANG IN-JI-260525-2,"",SX THEO DON HANG,0.00,888.00,2026-06-10 10:11:43.023,2026-07-17 10:11:18.690,2026-06-10 00:00:00.000,2026-07-17 00:00:00.000,KK0007.06/26,XB0036.07/26,0,"",""
FB00041,A0200003709230PX,TP20,SPM073,DCM04,2200.00,2080.00,620.00,tấm,"1800041200001468123001",A0200001468123WO,A0200000404895WO,WB2606-0010,NFD28-H30 TRẮNG,NFD28-H30H30,NFD28-H30,H30,"",B5,NFD28-H30H30,2.8370,1.0000,2.8370,1.0000,0.0000,0.00,"",79066,79023,0,"","",SX THEO DON HANG,0.00,844.00,2026-06-10 10:11:43.197,2026-07-15 14:33:08.143,2026-06-10 00:00:00.000,2026-07-15 00:00:00.000,KK0007.06/26,XB0032.07/26,0,"",""
FB00041,A0200003704578PN,TP20,SPM073,DCM04,1540.00,2060.00,950.00,tấm,"1800041200001471006001",A0200001471006WO,A0200000405836WO,WB2606-0030,NFD28-H30 TRẮNG,NFD28-H30H30,NFD28-H30,H30,"","",NFD28-H30H30,3.0140,1.0000,0.0000,0.0000,3.0140,1.00,"",79066,79023,0,ASHT-890.R0--Mousse tấm,"",SX THEO ĐƠN HÀNG,0.00,621.00,2026-06-27 12:40:45.173,,2026-06-27 00:00:00.000,,KK0019.06/26,,0,"",RedColor
FB00041,A0200003704577PN,TP20,SPM073,DCM04,1540.00,2060.00,980.00,tấm,"1800041200001471006002",A0200001471006WO,A0200000405836WO,WB2606-0030,NFD28-H30 TRẮNG,NFD28-H30H30,NFD28-H30,H30,"","",NFD28-H30H30,3.1090,1.0000,0.0000,0.0000,3.1090,1.00,"",79066,79023,0,ASHT-890.R0--Mousse tấm,"",SX THEO ĐƠN HÀNG,0.00,621.00,2026-06-27 12:40:45.170,,2026-06-27 00:00:00.000,,KK0019.06/26,,0,"",RedColor
FB00041,A0200003704579PN,TP20,SPM073,DCM04,1550.00,2060.00,910.00,tấm,"1800041200001471006003",A0200001471006WO,A0200000405836WO,WB2606-0030,NFD28-H30 TRẮNG,NFD28-H30H30,NFD28-H30,H30,"","",NFD28-H30H30,2.9060,1.0000,0.0000,0.0000,2.9060,1.00,"",79066,79023,0,ASHT-890.R0--Mousse tấm,"",SX THEO ĐƠN HÀNG,0.00,621.00,2026-06-27 12:40:45.177,,2026-06-27 00:00:00.000,,KK0019.06/26,,0,"",RedColor
FB00041,A0200003704580PN,TP20,SPM073,DCM04,1550.00,2060.00,840.00,tấm,"1800041200001471006004",A0200001471006WO,A0200000405836WO,WB2606-0030,NFD28-H30 TRẮNG,NFD28-H30H30,NFD28-H30,H30,"","",NFD28-H30H30,2.6820,1.0000,0.0000,0.0000,2.6820,1.00,"",79066,79023,0,ASHT-890.R0--Mousse tấm,"",SX THEO ĐƠN HÀNG,0.00,621.00,2026-06-27 12:40:45.180,,2026-06-27 00:00:00.000,,KK0019.06/26,,0,"",RedColor
FB00041,A0200003711858PX,TP20,SPM073,DCM04,1950.00,2060.00,1030.00,tấm,"1800041200001471007001",A0200001458940WO,A0200000401865WO,WB2604-0029,NFD28-H30 TRẮNG,NFD28-H30H30,NFD28-H30,H30,"","",NFD28-H30H30,0.0000,0.0000,4.1380,1.0000,-4.1380,-1.00,"",79066,79023,0,ASHT-890.R0--Mousse tấm,"","",0.00,,,2026-07-23 09:30:50.213,,2026-07-23 00:00:00.000,,XB0053.07/26,0,"",""
FB00041,A0200003704574PN,TP20,SPM073,DCM04,1950.00,2060.00,1030.00,tấm,"1800041200001471007001",A0200001471007WO,A0200000405836WO,WB2606-0030,NFD28-H30 TRẮNG,NFD28-H30H30,NFD28-H30,H30,"","",NFD28-H30H30,4.1380,1.0000,0.0000,0.0000,4.1380,1.00,"",79066,79023,0,ASHT-890.R0--Mousse tấm,"",SX THEO ĐƠN HÀNG,0.00,621.00,2026-06-27 12:40:45.127,,2026-06-27 00:00:00.000,,KK0019.06/26,,0,"",""
FB00041,A0200003711857PX,TP20,SPM073,DCM04,1960.00,2060.00,1010.00,tấm,"1800041200001471007002",A0200001458940WO,A0200000401865WO,WB2604-0029,NFD28-H30 TRẮNG,NFD28-H30H30,NFD28-H30,H30,"","",NFD28-H30H30,0.0000,0.0000,4.0780,1.0000,-4.0780,-1.00,"",79066,79023,0,ASHT-890.R0--Mousse tấm,"","",0.00,,,2026-07-23 09:30:50.203,,2026-07-23 00:00:00.000,,XB0053.07/26,0,"",""
FB00041,A0200003704575PN,TP20,SPM073,DCM04,1960.00,2060.00,1010.00,tấm,"1800041200001471007002",A0200001471007WO,A0200000405836WO,WB2606-0030,NFD28-H30 TRẮNG,NFD28-H30H30,NFD28-H30,H30,"","",NFD28-H30H30,4.0780,1.0000,0.0000,0.0000,4.0780,1.00,"",79066,79023,0,ASHT-890.R0--Mousse tấm,"",SX THEO ĐƠN HÀNG,0.00,621.00,2026-06-27 12:40:45.133,,2026-06-27 00:00:00.000,,KK0019.06/26,,0,"",""
FB00041,A0200003704576PN,TP20,SPM073,DCM04,1930.00,2060.00,990.00,tấm,"1800041200001471007003",A0200001471007WO,A0200000405836WO,WB2606-0030,NFD28-H30 TRẮNG,NFD28-H30H30,NFD28-H30,H30,"","",NFD28-H30H30,3.9360,1.0000,0.0000,0.0000,3.9360,1.00,"",79066,79023,0,ASHT-890.R0--Mousse tấm,"",SX THEO ĐƠN HÀNG,0.00,621.00,2026-06-27 12:40:45.167,,2026-06-27 00:00:00.000,,KK0019.06/26,,0,"",RedColor
FB00041,A0200003711855PX,TP20,SPM073,DCM04,1950.00,2060.00,1040.00,tấm,"1800041200001471008001",A0200001458940WO,A0200000401865WO,WB2604-0029,NFD28-H30 TRẮNG,NFD28-H30H30,NFD28-H30,H30,"","",NFD28-H30H30,0.0000,0.0000,4.1780,1.0000,-4.1780,-1.00,"",79066,79023,0,ASHT-890.R0--Mousse tấm,"","",0.00,,,2026-07-23 09:30:50.190,,2026-07-23 00:00:00.000,,XB0053.07/26,0,"",""
FB00041,A0200003704573PN,TP20,SPM073,DCM04,1950.00,2060.00,1040.00,tấm,"1800041200001471008001",A0200001471008WO,A0200000405836WO,WB2606-0030,NFD28-H30 TRẮNG,NFD28-H30H30,NFD28-H30,H30,"","",NFD28-H30H30,4.1780,1.0000,0.0000,0.0000,4.1780,1.00,"",79066,79023,0,ASHT-890.R0--Mousse tấm,"",SX THEO ĐƠN HÀNG,0.00,621.00,2026-06-27 12:40:45.120,,2026-06-27 00:00:00.000,,KK0019.06/26,,0,"",""
FB00041,A0200003711856PX,TP20,SPM073,DCM04,1940.00,2060.00,1040.00,tấm,"1800041200001471008002",A0200001458940WO,A0200000401865WO,WB2604-0029,NFD28-H30 TRẮNG,NFD28-H30H30,NFD28-H30,H30,"","",NFD28-H30H30,0.0000,0.0000,4.1560,1.0000,-4.1560,-1.00,"",79066,79023,0,ASHT-890.R0--Mousse tấm,"","",0.00,,,2026-07-23 09:30:50.197,,2026-07-23 00:00:00.000,,XB0053.07/26,0,"",""
FB00041,A0200003704572PN,TP20,SPM073,DCM04,1940.00,2060.00,1040.00,tấm,"1800041200001471008002",A0200001471008WO,A0200000405836WO,WB2606-0030,NFD28-H30 TRẮNG,NFD28-H30H30,NFD28-H30,H30,"","",NFD28-H30H30,4.1560,1.0000,0.0000,0.0000,4.1560,1.00,"",79066,79023,0,ASHT-890.R0--Mousse tấm,"",SX THEO ĐƠN HÀNG,0.00,621.00,2026-06-27 12:40:45.117,,2026-06-27 00:00:00.000,,KK0019.06/26,,0,"",""
FB00041,A0200003704571PN,TP20,SPM073,DCM04,1550.00,2060.00,1030.00,tấm,"1800041200001471176001",A0200001471176WO,A0200000405915WO,WB2606-0031,NFD28-H30 TRẮNG,NFD28-H30H30,NFD28-H30,H30,"","",NFD28-H30H30,3.2890,1.0000,0.0000,0.0000,3.2890,1.00,"",79066,79023,0,"","",SX DƯ,0.00,621.00,2026-06-27 12:40:45.110,,2026-06-27 00:00:00.000,,KK0019.06/26,,0,"",RedColor
FB00041,A0200003707155PX,TP20,SPM073,DCM04,1740.00,2100.00,1000.00,tấm,"1800041200001472995001",A0200001472995WO,A0200000406462WO,WB2607-0003,NFD28-H30 TRẮNG,NFD28-H30H30,NFD28-H30,H30,"",B7,NFD28-H30H30,3.6540,1.0000,3.6540,1.0000,0.0000,0.00,"",79066,79023,0,BINH BFC-BFC-5626HVS1326,"",SX THEO ĐƠN HÀNG,0.00,23.00,2026-07-06 14:11:48.810,2026-07-07 13:55:57.053,2026-07-06 00:00:00.000,2026-07-07 00:00:00.000,KK0004.07/26,XB0016.07/26,0,"",""
FB00041,A0200003707154PX,TP20,SPM073,DCM04,1740.00,2100.00,1000.00,tấm,"1800041200001472995002",A0200001472995WO,A0200000406462WO,WB2607-0003,NFD28-H30 TRẮNG,NFD28-H30H30,NFD28-H30,H30,"",B7,NFD28-H30H30,3.6540,1.0000,3.6540,1.0000,0.0000,0.00,"",79066,79023,0,BINH BFC-BFC-5626HVS1326,"",SX THEO ĐƠN HÀNG,0.00,23.00,2026-07-06 14:11:48.807,2026-07-07 13:55:57.043,2026-07-06 00:00:00.000,2026-07-07 00:00:00.000,KK0004.07/26,XB0016.07/26,0,"",""
FB00041,A0200003707157PX,TP20,SPM073,DCM04,2390.00,2100.00,1000.00,tấm,"1800041200001472996001",A0200001472996WO,A0200000406462WO,WB2607-0003,NFD28-H30 TRẮNG,NFD28-H30H30,NFD28-H30,H30,"",B7,NFD28-H30H30,5.0190,1.0000,5.0190,1.0000,0.0000,0.00,"",79066,79023,0,BINH BFC-BFC-5626HVS1326,"",SX THEO ĐƠN HÀNG,0.00,23.00,2026-07-06 14:11:48.820,2026-07-07 13:55:57.073,2026-07-06 00:00:00.000,2026-07-07 00:00:00.000,KK0004.07/26,XB0016.07/26,0,"",""
FB00041,A0200003707156PX,TP20,SPM073,DCM04,2390.00,2100.00,1000.00,tấm,"1800041200001472996002",A0200001472996WO,A0200000406462WO,WB2607-0003,NFD28-H30 TRẮNG,NFD28-H30H30,NFD28-H30,H30,"",B7,NFD28-H30H30,5.0190,1.0000,5.0190,1.0000,0.0000,0.00,"",79066,79023,0,BINH BFC-BFC-5626HVS1326,"",SX THEO ĐƠN HÀNG,0.00,23.00,2026-07-06 14:11:48.817,2026-07-07 13:55:57.063,2026-07-06 00:00:00.000,2026-07-07 00:00:00.000,KK0004.07/26,XB0016.07/26,0,"",""
FB00041,A0200003707153PX,TP20,SPM073,DCM04,1680.00,2100.00,1000.00,tấm,"1800041200001472997001",A0200001472997WO,A0200000406462WO,WB2607-0003,NFD28-H30 TRẮNG,NFD28-H30H30,NFD28-H30,H30,"",B7,NFD28-H30H30,3.5280,1.0000,3.5280,1.0000,0.0000,0.00,"",79066,79023,0,BINH BFC-BFC-5626HVS1326,"",SX THEO ĐƠN HÀNG,0.00,23.00,2026-07-06 14:11:48.883,2026-07-07 13:55:57.037,2026-07-06 00:00:00.000,2026-07-07 00:00:00.000,KK0004.07/26,XB0016.07/26,0,"",""
FB00041,A0200003706981PN,TP20,SPM073,DCM04,1540.00,2080.00,1030.00,tấm,"1800041200001472998001",A0200001472998WO,A0200000406462WO,WB2607-0003,NFD28-H30 TRẮNG,NFD28-H30H30,NFD28-H30,H30,"",B7,NFD28-H30H30,3.2990,1.0000,0.0000,0.0000,3.2990,1.00,"",79066,79023,0,WO2606-0038--Mousse tấm,"",SX THEO ĐƠN HÀNG,0.00,403.00,2026-07-06 14:11:48.860,,2026-07-06 00:00:00.000,,KK0004.07/26,,0,"",""
FB00041,A0200003706970PN,TP20,SPM073,DCM04,1540.00,2080.00,1030.00,tấm,"1800041200001472998002",A0200001472998WO,A0200000406462WO,WB2607-0003,NFD28-H30 TRẮNG,NFD28-H30H30,NFD28-H30,H30,"",B7,NFD28-H30H30,3.2990,1.0000,0.0000,0.0000,3.2990,1.00,"",79066,79023,0,WO2606-0038--Mousse tấm,"",SX THEO ĐƠN HÀNG,0.00,403.00,2026-07-06 14:11:48.790,,2026-07-06 00:00:00.000,,KK0004.07/26,,0,"",""
FB00041,A0200003706983PN,TP20,SPM073,DCM04,1540.00,2080.00,1030.00,tấm,"1800041200001472998003",A0200001472998WO,A0200000406462WO,WB2607-0003,NFD28-H30 TRẮNG,NFD28-H30H30,NFD28-H30,H30,"",B7,NFD28-H30H30,3.2990,1.0000,0.0000,0.0000,3.2990,1.00,"",79066,79023,0,WO2606-0038--Mousse tấm,"",SX THEO ĐƠN HÀNG,0.00,403.00,2026-07-06 14:11:48.877,,2026-07-06 00:00:00.000,,KK0004.07/26,,0,"",""
FB00041,A0200003706969PN,TP20,SPM073,DCM04,1540.00,2080.00,1030.00,tấm,"1800041200001472998004",A0200001472998WO,A0200000406462WO,WB2607-0003,NFD28-H30 TRẮNG,NFD28-H30H30,NFD28-H30,H30,"",B7,NFD28-H30H30,3.2990,1.0000,0.0000,0.0000,3.2990,1.00,"",79066,79023,0,WO2606-0038--Mousse tấm,"",SX THEO ĐƠN HÀNG,0.00,403.00,2026-07-06 14:11:48.783,,2026-07-06 00:00:00.000,,KK0004.07/26,,0,"",""
FB00041,A0200003706982PN,TP20,SPM073,DCM04,1540.00,2080.00,1030.00,tấm,"1800041200001472998005",A0200001472998WO,A0200000406462WO,WB2607-0003,NFD28-H30 TRẮNG,NFD28-H30H30,NFD28-H30,H30,"",B7,NFD28-H30H30,3.2990,1.0000,0.0000,0.0000,3.2990,1.00,"",79066,79023,0,WO2606-0038--Mousse tấm,"",SX THEO ĐƠN HÀNG,0.00,403.00,2026-07-06 14:11:48.867,,2026-07-06 00:00:00.000,,KK0004.07/26,,0,"",""
FB00041,A0200003707660PN,TP20,SPM073,DCM04,1370.00,2080.00,630.00,tấm,"1800041200001473338001",A0200001473338WO,A0200000406600WO,WB2607-0005,NFD28-H30 TRẮNG,NFD28-H30H30,NFD28-H30,H30,"",A1,NFD28-H30H30,1.7950,1.0000,0.0000,0.0000,1.7950,1.00,"",79066,79023,0,"","",SX DƯ,0.00,354.00,2026-07-08 15:07:57.103,,2026-07-08 00:00:00.000,,KK0005.07/26,,0,"",""
FB00041,A0200003709604PN,TP20,SPM073,DCM04,1800.00,2080.00,1000.00,tấm,"1800041200001475250001",A0200001458940WO,A0200000401865WO,WB2604-0029,NFD28-H30 TRẮNG,NFD28-H30H30,NFD28-H30,H30,"",B5,NFD28-H30H30,3.7440,1.0000,0.0000,0.0000,3.7440,1.00,"",79066,79023,0,WL12606-0014--Mousse tấm,"",SX THEO ĐƠN HÀNG,0.00,143.00,2026-07-17 10:13:00.883,,2026-07-17 00:00:00.000,,KK0012.07/26,,0,"",""
FB00041,A0200003709603PN,TP20,SPM073,DCM04,1800.00,2080.00,1010.00,tấm,"1800041200001475250002",A0200001458940WO,A0200000401865WO,WB2604-0029,NFD28-H30 TRẮNG,NFD28-H30H30,NFD28-H30,H30,"",B5,NFD28-H30H30,3.7810,1.0000,0.0000,0.0000,3.7810,1.00,"",79066,79023,0,WL12606-0014--Mousse tấm,"",SX THEO ĐƠN HÀNG,0.00,143.00,2026-07-17 10:13:00.880,,2026-07-17 00:00:00.000,,KK0012.07/26,,0,"",""
FB00041,A0200003709605PN,TP20,SPM073,DCM04,1800.00,2080.00,980.00,tấm,"1800041200001475250003",A0200001458940WO,A0200000401865WO,WB2604-0029,NFD28-H30 TRẮNG,NFD28-H30H30,NFD28-H30,H30,"",B5,NFD28-H30H30,3.6690,1.0000,0.0000,0.0000,3.6690,1.00,"",79066,79023,0,WL12606-0014--Mousse tấm,"",SX THEO ĐƠN HÀNG,0.00,143.00,2026-07-17 10:13:00.917,,2026-07-17 00:00:00.000,,KK0012.07/26,,0,"",""
FB00041,A0200003709602PN,TP20,SPM073,DCM04,1800.00,2080.00,1030.00,tấm,"1800041200001475250004",A0200001458940WO,A0200000401865WO,WB2604-0029,NFD28-H30 TRẮNG,NFD28-H30H30,NFD28-H30,H30,"",B5,NFD28-H30H30,3.8560,1.0000,0.0000,0.0000,3.8560,1.00,"",79066,79023,0,WL12606-0014--Mousse tấm,"",SX THEO ĐƠN HÀNG,0.00,143.00,2026-07-17 10:13:00.877,,2026-07-17 00:00:00.000,,KK0012.07/26,,0,"",""
FB00041,A0200003709600PN,TP20,SPM073,DCM04,1620.00,2080.00,1050.00,tấm,"1800041200001475251001",A0200001458940WO,A0200000401865WO,WB2604-0029,NFD28-H30 TRẮNG,NFD28-H30H30,NFD28-H30,H30,"",B5,NFD28-H30H30,3.5380,1.0000,0.0000,0.0000,3.5380,1.00,"",79066,79023,0,WL12606-0014--Mousse tấm,"",SX THEO ĐƠN HÀNG,0.00,143.00,2026-07-17 10:13:00.867,,2026-07-17 00:00:00.000,,KK0012.07/26,,0,"",""
FB00041,A0200003709599PN,TP20,SPM073,DCM04,1620.00,2080.00,1050.00,tấm,"1800041200001475251002",A0200001458940WO,A0200000401865WO,WB2604-0029,NFD28-H30 TRẮNG,NFD28-H30H30,NFD28-H30,H30,"",B5,NFD28-H30H30,3.5380,1.0000,0.0000,0.0000,3.5380,1.00,"",79066,79023,0,WL12606-0014--Mousse tấm,"",SX THEO ĐƠN HÀNG,0.00,143.00,2026-07-17 10:13:00.860,,2026-07-17 00:00:00.000,,KK0012.07/26,,0,"",""
FB00041,A0200003709601PN,TP20,SPM073,DCM04,1620.00,2080.00,1030.00,tấm,"1800041200001475251003",A0200001458940WO,A0200000401865WO,WB2604-0029,NFD28-H30 TRẮNG,NFD28-H30H30,NFD28-H30,H30,"",B5,NFD28-H30H30,3.4710,1.0000,0.0000,0.0000,3.4710,1.00,"",79066,79023,0,WL12606-0014--Mousse tấm,"",SX THEO ĐƠN HÀNG,0.00,143.00,2026-07-17 10:13:00.870,,2026-07-17 00:00:00.000,,KK0012.07/26,,0,"",""
FB00041,A0200003709598PN,TP20,SPM073,DCM04,1620.00,2080.00,1040.00,tấm,"1800041200001475251004",A0200001458940WO,A0200000401865WO,WB2604-0029,NFD28-H30 TRẮNG,NFD28-H30H30,NFD28-H30,H30,"",B5,NFD28-H30H30,3.5040,1.0000,0.0000,0.0000,3.5040,1.00,"",79066,79023,0,WL12606-0014--Mousse tấm,"",SX THEO ĐƠN HÀNG,0.00,143.00,2026-07-17 10:13:00.857,,2026-07-17 00:00:00.000,,KK0012.07/26,,0,"",""
FB00041,A0200003709632PN,TP20,SPM073,DCM04,1820.00,2080.00,1010.00,tấm,"1800041200001475252001",A0200001458940WO,A0200000401865WO,WB2604-0029,NFD28-H30 TRẮNG,NFD28-H30H30,NFD28-H30,H30,"",B5,NFD28-H30H30,3.8230,1.0000,0.0000,0.0000,3.8230,1.00,"",79066,79023,0,WL12606-0014--Mousse tấm,"",SX THEO ĐƠN HÀNG,0.00,143.00,2026-07-17 10:13:01.100,,2026-07-17 00:00:00.000,,KK0012.07/26,,0,"",""
FB00041,A0200003709631PN,TP20,SPM073,DCM04,1820.00,2080.00,980.00,tấm,"1800041200001475252002",A0200001458940WO,A0200000401865WO,WB2604-0029,NFD28-H30 TRẮNG,NFD28-H30H30,NFD28-H30,H30,"",B5,NFD28-H30H30,3.7100,1.0000,0.0000,0.0000,3.7100,1.00,"",79066,79023,0,WL12606-0014--Mousse tấm,"",SX THEO ĐƠN HÀNG,0.00,143.00,2026-07-17 10:13:01.093,,2026-07-17 00:00:00.000,,KK0012.07/26,,0,"",""
FB00041,A0200003709633PN,TP20,SPM073,DCM04,1820.00,2080.00,1010.00,tấm,"1800041200001475252003",A0200001458940WO,A0200000401865WO,WB2604-0029,NFD28-H30 TRẮNG,NFD28-H30H30,NFD28-H30,H30,"",B5,NFD28-H30H30,3.8230,1.0000,0.0000,0.0000,3.8230,1.00,"",79066,79023,0,WL12606-0014--Mousse tấm,"",SX THEO ĐƠN HÀNG,0.00,143.00,2026-07-17 10:13:01.103,,2026-07-17 00:00:00.000,,KK0012.07/26,,0,"",""
FB00041,A0200003709630PN,TP20,SPM073,DCM04,1820.00,2080.00,970.00,tấm,"1800041200001475252004",A0200001458940WO,A0200000401865WO,WB2604-0029,NFD28-H30 TRẮNG,NFD28-H30H30,NFD28-H30,H30,"",B5,NFD28-H30H30,3.6720,1.0000,0.0000,0.0000,3.6720,1.00,"",79066,79023,0,WL12606-0014--Mousse tấm,"",SX THEO ĐƠN HÀNG,0.00,143.00,2026-07-17 10:13:01.090,,2026-07-17 00:00:00.000,,KK0012.07/26,,0,"",""
FB00041,A0200003709628PN,TP20,SPM073,DCM04,1540.00,2080.00,1000.00,tấm,"1800041200001475253001",A0200001458940WO,A0200000401865WO,WB2604-0029,NFD28-H30 TRẮNG,NFD28-H30H30,NFD28-H30,H30,"",B5,NFD28-H30H30,3.2030,1.0000,0.0000,0.0000,3.2030,1.00,"",79066,79023,0,WO2606-0039--Mousse tấm,"",SX THEO ĐƠN HÀNG,0.00,143.00,2026-07-17 10:13:01.080,,2026-07-17 00:00:00.000,,KK0012.07/26,,0,"",""
FB00041,A0200003709627PN,TP20,SPM073,DCM04,1540.00,2080.00,1020.00,tấm,"1800041200001475253002",A0200001458940WO,A0200000401865WO,WB2604-0029,NFD28-H30 TRẮNG,NFD28-H30H30,NFD28-H30,H30,"",B5,NFD28-H30H30,3.2670,1.0000,0.0000,0.0000,3.2670,1.00,"",79066,79023,0,WO2606-0039--Mousse tấm,"",SX THEO ĐƠN HÀNG,0.00,143.00,2026-07-17 10:13:01.073,,2026-07-17 00:00:00.000,,KK0012.07/26,,0,"",""
FB00041,A0200003709629PN,TP20,SPM073,DCM04,1540.00,2080.00,990.00,tấm,"1800041200001475253003",A0200001458940WO,A0200000401865WO,WB2604-0029,NFD28-H30 TRẮNG,NFD28-H30H30,NFD28-H30,H30,"",B5,NFD28-H30H30,3.1710,1.0000,0.0000,0.0000,3.1710,1.00,"",79066,79023,0,WO2606-0039--Mousse tấm,"",SX THEO ĐƠN HÀNG,0.00,143.00,2026-07-17 10:13:01.083,,2026-07-17 00:00:00.000,,KK0012.07/26,,0,"",""
FB00041,A0200003709626PN,TP20,SPM073,DCM04,1540.00,2080.00,1030.00,tấm,"1800041200001475253004",A0200001458940WO,A0200000401865WO,WB2604-0029,NFD28-H30 TRẮNG,NFD28-H30H30,NFD28-H30,H30,"",B5,NFD28-H30H30,3.2990,1.0000,0.0000,0.0000,3.2990,1.00,"",79066,79023,0,WO2606-0039--Mousse tấm,"",SX THEO ĐƠN HÀNG,0.00,143.00,2026-07-17 10:13:01.070,,2026-07-17 00:00:00.000,,KK0012.07/26,,0,"",""
FB00041,A0200003709624PN,TP20,SPM073,DCM04,1540.00,2080.00,900.00,tấm,"1800041200001475253007",A0200001458940WO,A0200000401865WO,WB2604-0029,NFD28-H30 TRẮNG,NFD28-H30H30,NFD28-H30,H30,"",B5,NFD28-H30H30,2.8830,1.0000,0.0000,0.0000,2.8830,1.00,"",79066,79023,0,WO2606-0039--Mousse tấm,"",SX THEO ĐƠN HÀNG,0.00,143.00,2026-07-17 10:13:01.033,,2026-07-17 00:00:00.000,,KK0012.07/26,,0,"",""
FB00041,A0200003709625PN,TP20,SPM073,DCM04,1540.00,2080.00,1000.00,tấm,"1800041200001475253008",A0200001458940WO,A0200000401865WO,WB2604-0029,NFD28-H30 TRẮNG,NFD28-H30H30,NFD28-H30,H30,"",B5,NFD28-H30H30,3.2030,1.0000,0.0000,0.0000,3.2030,1.00,"",79066,79023,0,WO2606-0039--Mousse tấm,"",SX THEO ĐƠN HÀNG,0.00,143.00,2026-07-17 10:13:01.067,,2026-07-17 00:00:00.000,,KK0012.07/26,,0,"",""
FB00042,A0200003706038PX,TP20,SPM128,DCM07,980.00,2080.00,990.00,tấm,"1800042200001410040001",A0200001410040WO,A0200000380814WO,WB2509-0006,NFD28-H50 TRẮNG,NFD28-H50H50,NFD28-H50,H50,"",B25,NFD28-H50H50,2.0180,1.0000,2.0180,1.0000,0.0000,0.00,"",79067,79023,0,T,"","",0.00,7103.00,2025-09-08 12:32:27.917,2026-07-01 11:24:43.073,2026-05-31 00:00:00.000,2026-07-01 00:00:00.000,TONKHO,XB0001.07/26,0,"",""
FB00042,A0200003706025PX,TP20,SPM128,DCM07,1100.00,2080.00,980.00,tấm,"1800042200001434127001",A0200001434127WO,A0200000393317WO,WB2512-0033,NFD28-H50 TRẮNG,NFD28-H50H50,NFD28-H50,H50,"",A4,NFD28-H50H50,2.2422,1.0000,2.2422,1.0000,0.0000,0.00,"",79067,79023,0,"","","",0.00,4535.00,2025-12-24 12:50:25.487,2026-07-01 11:13:39.807,2026-05-31 00:00:00.000,2026-07-01 00:00:00.000,TONKHO,XB0001.07/26,0,"",""
FB00042,A0200003702491PX,TP20,SPM128,DCM07,1620.00,2050.00,1040.00,tấm,"1800042200001437193001",A0200001437193WO,A0200000394187WO,WB2601-0006,NFD28-H50 TRẮNG,NFD28-H50H50,NFD28-H50,H50,"",A5,NFD28-H50H50,3.4538,1.0000,3.4538,1.0000,0.0000,0.00,"",79067,79023,0,Dự trù TKN,"","",0.00,3930.00,2026-01-07 14:12:47.643,2026-06-20 08:50:48.703,2026-05-31 00:00:00.000,2026-06-20 00:00:00.000,TONKHO,XB0044.06/26,0,"",""
FB00042,A0200003709309PX,TP20,SPM128,DCM07,1620.00,2050.00,1040.00,tấm,"1800042200001437193002",A0200001437193WO,A0200000394187WO,WB2601-0006,NFD28-H50 TRẮNG,NFD28-H50H50,NFD28-H50,H50,"","",NFD28-H50H50,6.9076,2.0000,3.4538,1.0000,3.4538,1.00,"",79067,79023,0,Dự trù TKN,"","",0.00,1.00,2026-07-15 15:32:37.930,2026-07-15 16:19:47.620,2026-07-15 00:00:00.000,2026-07-15 00:00:00.000,XB0033.07/26,XB0033.07/26,0,"",""
FB00042,A0200003706031PX,TP20,SPM128,DCM07,1620.00,2050.00,1040.00,tấm,"1800042200001437193005",A0200001437193WO,A0200000394187WO,WB2601-0006,NFD28-H50 TRẮNG,NFD28-H50H50,NFD28-H50,H50,"",A5,NFD28-H50H50,3.4538,1.0000,3.4538,1.0000,0.0000,0.00,"",79067,79023,0,Dự trù TKN,"","",0.00,4197.00,2026-01-07 14:12:47.637,2026-07-01 11:13:40.333,2026-05-31 00:00:00.000,2026-07-01 00:00:00.000,TONKHO,XB0001.07/26,0,"",""
FB00042,A0200003709310PX,TP20,SPM128,DCM07,1620.00,2050.00,1040.00,tấm,"1800042200001437193006",A0200001437193WO,A0200000394187WO,WB2601-0006,NFD28-H50 TRẮNG,NFD28-H50H50,NFD28-H50,H50,"","",NFD28-H50H50,6.9076,2.0000,3.4538,1.0000,3.4538,1.00,"",79067,79023,0,Dự trù TKN,"","",0.00,1.00,2026-07-15 15:32:37.930,2026-07-15 16:19:47.623,2026-07-15 00:00:00.000,2026-07-15 00:00:00.000,XB0033.07/26,XB0033.07/26,0,"",""
FB00042,A0200003706032PX,TP20,SPM128,DCM07,1820.00,2050.00,1040.00,tấm,"1800042200001437194003",A0200001437194WO,A0200000394187WO,WB2601-0006,NFD28-H50 TRẮNG,NFD28-H50H50,NFD28-H50,H50,"",A5,NFD28-H50H50,3.8802,1.0000,3.8802,1.0000,0.0000,0.00,"",79067,79023,0,Dự trù TKN,"","",0.00,4197.00,2026-01-07 14:12:47.790,2026-07-01 11:13:40.380,2026-05-31 00:00:00.000,2026-07-01 00:00:00.000,TONKHO,XB0001.07/26,0,"",""
FB00042,A0200003706381PX,TP20,SPM128,DCM07,1820.00,2050.00,1040.00,tấm,"1800042200001437194004",A0200001437194WO,A0200000394187WO,WB2601-0006,NFD28-H50 TRẮNG,NFD28-H50H50,NFD28-H50,H50,"",A5,NFD28-H50H50,3.8802,1.0000,3.8802,1.0000,0.0000,0.00,"",79067,79023,0,Dự trù TKN,"","",0.00,4243.00,2026-01-07 14:12:47.780,2026-07-03 09:49:03.100,2026-05-31 00:00:00.000,2026-07-03 00:00:00.000,TONKHO,XB0006.07/26,0,"",""
FB00042,A0200003702492PX,TP20,SPM128,DCM07,1820.00,2050.00,1040.00,tấm,"1800042200001437194006",A0200001437194WO,A0200000394187WO,WB2601-0006,NFD28-H50 TRẮNG,NFD28-H50H50,NFD28-H50,H50,"",A5,NFD28-H50H50,3.8802,1.0000,3.8802,1.0000,0.0000,0.00,"",79067,79023,0,Dự trù TKN,"","",0.00,3930.00,2026-01-07 14:12:47.767,2026-06-20 08:50:48.710,2026-05-31 00:00:00.000,2026-06-20 00:00:00.000,TONKHO,XB0044.06/26,0,"",""
FB00042,A0200003703224PX,TP20,SPM128,DCM07,1650.00,2050.00,1040.00,tấm,"1800042200001437589001",A0200001437589WO,A0200000394317WO,WB2601-0008,NFD28-H50 TRẮNG,NFD28-H50H50,NFD28-H50,H50,"","",NFD28-H50H50,7.0356,2.0000,3.5178,1.0000,3.5178,1.00,"",79067,79023,0,"","",SX DU,0.00,17.00,2026-06-22 16:27:11.233,2026-06-23 09:08:03.520,2026-06-22 00:00:00.000,2026-06-22 00:00:00.000,XB0048.06/26,XB0048.06/26,0,"",""
FB00042,A0200003703225PX,TP20,SPM128,DCM07,1650.00,2050.00,1040.00,tấm,"1800042200001437589002",A0200001437589WO,A0200000394317WO,WB2601-0008,NFD28-H50 TRẮNG,NFD28-H50H50,NFD28-H50,H50,"","",NFD28-H50H50,7.0356,2.0000,3.5178,1.0000,3.5178,1.00,"",79067,79023,0,"","",SX DU,0.00,17.00,2026-06-22 16:27:11.233,2026-06-23 09:08:03.527,2026-06-22 00:00:00.000,2026-06-22 00:00:00.000,XB0048.06/26,XB0048.06/26,0,"",""
FB00042,A0200003703226PX,TP20,SPM128,DCM07,890.00,2080.00,730.00,tấm,"1800042200001440612001",A0200001440612WO,A0200000395228WO,WB2601-0020,NFD28-H50 TRẮNG,NFD28-H50H50,NFD28-H50,H50,"","",NFD28-H50H50,2.7028,2.0000,1.3514,1.0000,1.3514,1.00,"",79067,79023,0,"","",SX DU,0.00,17.00,2026-06-22 16:27:11.233,2026-06-23 09:08:03.560,2026-06-22 00:00:00.000,2026-06-22 00:00:00.000,XB0048.06/26,XB0048.06/26,0,"",""
FB00042,A0200003709311PX,TP20,SPM128,DCM07,1750.00,2080.00,1020.00,tấm,"1800042200001445499001",A0200001445499WO,A0200000396670WO,WB2602-0007,NFD28-H50 TRẮNG,NFD28-H50H50,NFD28-H50,H50,"","",NFD28-H50H50,7.4256,2.0000,3.7128,1.0000,3.7128,1.00,"",79067,79023,0,Nứt,Nứt,"",0.00,1.00,2026-07-15 15:32:37.930,2026-07-15 16:19:47.627,2026-07-15 00:00:00.000,2026-07-15 00:00:00.000,XB0033.07/26,XB0033.07/26,0,"",""
FB00042,A0200003709304PX,TP20,SPM128,DCM07,1950.00,2060.00,1040.00,tấm,"1800042200001458549002",A0200001458549WO,A0200000401721WO,WB2604-0023,NFD28-H50 TRẮNG,NFD28-H50H50,NFD28-H50,H50,"","",NFD28-H50H50,8.3554,2.0000,4.1777,1.0000,4.1777,1.00,"",79067,79023,0,ASHT-883.R0--Mousse tấm/ASHT-886.R0--Mousse tấm,"","",0.00,1.00,2026-07-15 15:32:37.930,2026-07-15 16:19:46.300,2026-07-15 00:00:00.000,2026-07-15 00:00:00.000,XB0033.07/26,XB0033.07/26,0,"",""
FB00042,A0200003709455PX,TP20,SPM128,DCM07,1930.00,2060.00,1060.00,tấm,"1800042200001458551001",A0200001458551WO,A0200000401721WO,WB2604-0023,NFD28-H50 TRẮNG,NFD28-H50H50,NFD28-H50,H50,"",B25,NFD28-H50H50,4.2143,1.0000,4.2144,1.0000,-0.0001,0.00,"",79067,79023,0,ASHT-883.R0--Mousse tấm/ASHT-886.R0--Mousse tấm,"","",0.00,2158.00,2026-04-17 14:19:17.193,2026-07-16 12:51:24.340,2026-05-31 00:00:00.000,2026-07-16 00:00:00.000,TONKHO,XB0034.07/26,0,"",""
FB00042,A0200003700136PX,TP20,SPM128,DCM07,1580.00,2060.00,1070.00,tấm,"1800042200001458553001",A0200001458553WO,A0200000401721WO,WB2604-0023,NFD28-H50 TRẮNG,NFD28-H50H50,NFD28-H50,H50,"","",NFD28-H50H50,3.4830,1.0000,3.4830,1.0000,0.0000,0.00,"",79067,79023,0,ASHT-882.R0--Mousse tấm,"",SX THEO DON HANG,0.00,0.00,2026-06-08 09:19:36.093,2026-06-08 09:23:32.540,2026-06-02 00:00:00.000,2026-06-08 00:00:00.000,KK0003.06/26,XB0018.06/26,0,"",""
FB00042,A0200003700138PN,TP20,SPM128,DCM07,1580.00,2060.00,1070.00,tấm,"1800042200001458553002",A0200001458553WO,A0200000401721WO,WB2604-0023,NFD28-H50 TRẮNG,NFD28-H50H50,NFD28-H50,H50,"","",NFD28-H50H50,3.4830,1.0000,3.4830,1.0000,0.0000,0.00,"",79067,79023,0,ASHT-882.R0--Mousse tấm,"",SX THEO DON HANG,0.00,0.00,2026-06-08 10:45:27.983,2026-06-08 09:23:32.520,2026-06-02 00:00:00.000,2026-06-08 00:00:00.000,KK0003.06/26,XB0018.06/26,0,"",""
FB00042,A0200003700127PX,TP20,SPM128,DCM07,1570.00,2060.00,1030.00,tấm,"1800042200001458554001",A0200001458554WO,A0200000401721WO,WB2604-0023,NFD28-H50 TRẮNG,NFD28-H50H50,NFD28-H50,H50,"",B25,NFD28-H50H50,3.3312,1.0000,3.3312,1.0000,0.0000,0.00,"",79067,79023,0,ASHT-883.R0--Mousse tấm/WO2605-0104--Mousse tấm,"","",0.00,1242.00,2026-04-17 14:19:17.293,2026-06-08 08:52:50.397,2026-05-31 00:00:00.000,2026-06-08 00:00:00.000,TONKHO,XB0018.06/26,0,"",""
FB00042,A0200003700125PX,TP20,SPM128,DCM07,1550.00,2060.00,1050.00,tấm,"1800042200001458555002",A0200001458555WO,A0200000401721WO,WB2604-0023,NFD28-H50 TRẮNG,NFD28-H50H50,NFD28-H50,H50,"",B26,NFD28-H50H50,3.3527,1.0000,3.3527,1.0000,0.0000,0.00,"",79067,79023,0,ASHT-882.R0--Mousse tấm/ASHT-886.R0--Mousse tấm,"","",0.00,1242.00,2026-04-17 14:19:17.250,2026-06-08 08:52:50.360,2026-05-31 00:00:00.000,2026-06-08 00:00:00.000,TONKHO,XB0018.06/26,0,"",""
FB00042,A0200003700126PX,TP20,SPM128,DCM07,1550.00,2060.00,1050.00,tấm,"1800042200001458555003",A0200001458555WO,A0200000401721WO,WB2604-0023,NFD28-H50 TRẮNG,NFD28-H50H50,NFD28-H50,H50,"",B26,NFD28-H50H50,3.3527,1.0000,3.3527,1.0000,0.0000,0.00,"",79067,79023,0,ASHT-882.R0--Mousse tấm/WO2605-0104--Mousse tấm,"","",0.00,1242.00,2026-04-17 14:19:17.260,2026-06-08 08:52:50.377,2026-05-31 00:00:00.000,2026-06-08 00:00:00.000,TONKHO,XB0018.06/26,0,"",""
FB00042,A0200003700128PX,TP20,SPM128,DCM07,1540.00,2060.00,990.00,tấm,"1800042200001458614001",A0200001458614WO,A0200000401743WO,WB2604-0024,NFD28-H50 TRẮNG,NFD28-H50H50,NFD28-H50,H50,"",B25,NFD28-H50H50,3.1407,1.0000,3.1407,1.0000,0.0000,0.00,"",79067,79023,0,WO2605-0104--Mousse tấm,"","",0.00,1242.00,2026-04-17 14:19:17.340,2026-06-08 08:52:50.440,2026-05-31 00:00:00.000,2026-06-08 00:00:00.000,TONKHO,XB0018.06/26,0,"",""
FB00042,A0200003700433PX,TP20,SPM128,DCM07,1560.00,2080.00,990.00,tấm,"1800042200001461069005",A0200001461069WO,A0200000402562WO,WB2605-0001,NFD28-H50 TRẮNG,NFD28-H50H50,NFD28-H50,H50,"",B6,NFD28-H50H50,3.2124,1.0000,3.2124,1.0000,0.0000,0.00,"",79067,79023,0,WO2604-0099--Mousse tấm/WO2605-0104--Mousse tấm,"","",0.00,841.00,2026-05-06 09:19:49.250,2026-06-10 10:25:54.513,2026-05-31 00:00:00.000,2026-06-10 00:00:00.000,TONKHO,XB0023.06/26,0,"",""
FB00042,A0200003709792PX,TP20,SPM128,DCM07,1560.00,2080.00,990.00,tấm,"1800042200001461083001",A0200001461083WO,A0200000402581WO,WB2605-0002,NFD28-H50 TRẮNG,NFD28-H50H50,NFD28-H50,H50,"","",NFD28-H50H50,6.4248,2.0000,3.2124,1.0000,3.2124,1.00,"",79067,79023,0,WO2605-0104--Mousse tấm,"","",0.00,45.00,2026-07-15 15:32:37.930,2026-07-17 12:51:29.360,2026-07-15 00:00:00.000,2026-07-15 00:00:00.000,XB0033.07/26,XB0033.07/26,0,"",""
FB00042,A0200003700263PX,TP20,SPM128,DCM07,1560.00,2080.00,930.00,tấm,"1800042200001465014001",A0200001465014WO,A0200000403863WO,WB2605-0028,NFD28-H50 TRẮNG,NFD28-H50H50,NFD28-H50,H50,"",B1,NFD28-H50H50,3.0177,1.0000,3.0177,1.0000,0.0000,0.00,"",79067,79023,0,WO2605-0104--Mousse tấm,"","",0.00,407.00,2026-05-23 10:24:34.547,2026-06-09 09:28:19.427,2026-05-31 00:00:00.000,2026-06-09 00:00:00.000,TONKHO,XB0020.06/26,0,"",""
FB00042,A0200003700262PX,TP20,SPM128,DCM07,1550.00,2080.00,910.00,tấm,"1800042200001465014002",A0200001465014WO,A0200000403863WO,WB2605-0028,NFD28-H50 TRẮNG,NFD28-H50H50,NFD28-H50,H50,"",B1,NFD28-H50H50,2.9338,1.0000,2.9338,1.0000,0.0000,0.00,"",79067,79023,0,WO2605-0104--Mousse tấm,"","",0.00,407.00,2026-05-23 10:24:34.563,2026-06-09 09:28:19.407,2026-05-31 00:00:00.000,2026-06-09 00:00:00.000,TONKHO,XB0020.06/26,0,"",""
FB00042,A0200003700130PX,TP20,SPM128,DCM07,1550.00,2080.00,960.00,tấm,"1800042200001465015001",A0200001465015WO,A0200000403863WO,WB2605-0028,NFD28-H50 TRẮNG,NFD28-H50H50,NFD28-H50,H50,"",B8,NFD28-H50H50,3.0950,1.0000,3.0950,1.0000,0.0000,0.00,"",79067,79023,0,WO2605-0105--Mousse tấm,"","",0.00,383.00,2026-05-23 10:24:34.497,2026-06-08 09:10:55.860,2026-05-31 00:00:00.000,2026-06-08 00:00:00.000,TONKHO,XB0018.06/26,0,"",""
FB00042,A0200003700267PX,TP20,SPM128,DCM07,1550.00,2080.00,940.00,tấm,"1800042200001465015002",A0200001465015WO,A0200000403863WO,WB2605-0028,NFD28-H50 TRẮNG,NFD28-H50H50,NFD28-H50,H50,"",B1,NFD28-H50H50,3.0306,1.0000,3.0306,1.0000,0.0000,0.00,"",79067,79023,0,WO2605-0105--Mousse tấm,"","",0.00,407.00,2026-05-23 10:24:34.530,2026-06-09 09:28:19.523,2026-05-31 00:00:00.000,2026-06-09 00:00:00.000,TONKHO,XB0020.06/26,0,"",""
FB00042,A0200003700132PX,TP20,SPM128,DCM07,1560.00,2080.00,960.00,tấm,"1800042200001465016001",A0200001465016WO,A0200000403863WO,WB2605-0028,NFD28-H50 TRẮNG,NFD28-H50H50,NFD28-H50,H50,"",B8,NFD28-H50H50,3.1150,1.0000,3.1150,1.0000,0.0000,0.00,"",79067,79023,0,WO2605-0106--Mousse tấm,"","",0.00,383.00,2026-05-23 10:24:34.480,2026-06-08 09:10:55.887,2026-05-31 00:00:00.000,2026-06-08 00:00:00.000,TONKHO,XB0018.06/26,0,"",""
FB00042,A0200003700131PX,TP20,SPM128,DCM07,1550.00,2080.00,940.00,tấm,"1800042200001465016002",A0200001465016WO,A0200000403863WO,WB2605-0028,NFD28-H50 TRẮNG,NFD28-H50H50,NFD28-H50,H50,"",B8,NFD28-H50H50,3.0306,1.0000,3.0306,1.0000,0.0000,0.00,"",79067,79023,0,WO2605-0106--Mousse tấm,"","",0.00,383.00,2026-05-23 10:24:34.513,2026-06-08 09:10:55.873,2026-05-31 00:00:00.000,2026-06-08 00:00:00.000,TONKHO,XB0018.06/26,0,"",""
FB00042,A0200003709795PX,TP20,SPM128,DCM07,2210.00,2080.00,1000.00,tấm,"1800042200001465017001",A0200001465017WO,A0200000403863WO,WB2605-0028,NFD28-H50 TRẮNG,NFD28-H50H50,NFD28-H50,H50,"","",NFD28-H50H50,9.1936,2.0000,4.5968,1.0000,4.5968,1.00,"",79067,79023,0,Đơn hàng TKN,"","",0.00,45.00,2026-07-15 15:32:37.930,2026-07-17 12:51:29.410,2026-07-15 00:00:00.000,2026-07-15 00:00:00.000,XB0033.07/26,XB0033.07/26,0,"",""
FB00042,A0200003701998PX,TP20,SPM128,DCM07,2210.00,2080.00,970.00,tấm,"1800042200001465017002",A0200001465017WO,A0200000403863WO,WB2605-0028,NFD28-H50 TRẮNG,NFD28-H50H50,NFD28-H50,H50,"",B1,NFD28-H50H50,4.4589,1.0000,4.4589,1.0000,0.0000,0.00,"",79067,79023,0,Đơn hàng TKN,"","",0.00,623.00,2026-05-23 10:24:34.460,2026-06-18 09:38:37.740,2026-05-31 00:00:00.000,2026-06-18 00:00:00.000,TONKHO,XB0040.06/26,0,"",""
FB00042,A0200003700273PX,TP20,SPM128,DCM07,1950.00,2080.00,1020.00,tấm,"1800042200001465018001",A0200001465018WO,A0200000403863WO,WB2605-0028,NFD28-H50 TRẮNG,NFD28-H50H50,NFD28-H50,H50,"",B1,NFD28-H50H50,4.1371,1.0000,4.1371,1.0000,0.0000,0.00,"",79067,79023,0,ASHT-886.R0--Mousse tấm,"","",0.00,407.00,2026-05-23 10:24:34.427,2026-06-09 09:55:44.867,2026-05-31 00:00:00.000,2026-06-09 00:00:00.000,TONKHO,XB0020.06/26,0,"",""
FB00042,A0200003700272PX,TP20,SPM128,DCM07,1940.00,2080.00,1060.00,tấm,"1800042200001465018002",A0200001465018WO,A0200000403863WO,WB2605-0028,NFD28-H50 TRẮNG,NFD28-H50H50,NFD28-H50,H50,"",B1,NFD28-H50H50,4.2773,1.0000,4.2773,1.0000,0.0000,0.00,"",79067,79023,0,ASHT-886.R0--Mousse tấm,"","",0.00,407.00,2026-05-23 10:24:34.393,2026-06-09 09:55:44.853,2026-05-31 00:00:00.000,2026-06-09 00:00:00.000,TONKHO,XB0020.06/26,0,"",""
FB00042,A0200003700274PX,TP20,SPM128,DCM07,1950.00,2080.00,1050.00,tấm,"1800042200001465018003",A0200001465018WO,A0200000403863WO,WB2605-0028,NFD28-H50 TRẮNG,NFD28-H50H50,NFD28-H50,H50,"",B1,NFD28-H50H50,4.2588,1.0000,4.2588,1.0000,0.0000,0.00,"",79067,79023,0,ASHT-886.R0--Mousse tấm,"","",0.00,407.00,2026-05-23 10:24:34.410,2026-06-09 09:55:44.883,2026-05-31 00:00:00.000,2026-06-09 00:00:00.000,TONKHO,XB0020.06/26,0,"",""
FB00042,A0200003709306PX,TP20,SPM128,DCM07,1960.00,2080.00,1020.00,tấm,"1800042200001465100001",A0200001465100WO,A0200000403881WO,WB2605-0029,NFD28-H50 TRẮNG,NFD28-H50H50,NFD28-H50,H50,"","",NFD28-H50H50,8.3166,2.0000,4.1583,1.0000,4.1583,1.00,"",79067,79023,0,"","","",0.00,1.00,2026-07-15 15:32:37.930,2026-07-15 16:19:47.580,2026-07-15 00:00:00.000,2026-07-15 00:00:00.000,XB0033.07/26,XB0033.07/26,0,"",""
FB00042,A0200003709307PX,TP20,SPM128,DCM07,1950.00,2080.00,1020.00,tấm,"1800042200001465100002",A0200001465100WO,A0200000403881WO,WB2605-0029,NFD28-H50 TRẮNG,NFD28-H50H50,NFD28-H50,H50,"","",NFD28-H50H50,8.2742,2.0000,4.1371,1.0000,4.1371,1.00,"",79067,79023,0,"","","",0.00,1.00,2026-07-15 15:32:37.930,2026-07-15 16:19:47.587,2026-07-15 00:00:00.000,2026-07-15 00:00:00.000,XB0033.07/26,XB0033.07/26,0,"",""
FB00042,A0200003700877PX,TP20,SPM128,DCM07,1560.00,2080.00,1060.00,tấm,"1800042200001466253001",A0200001466253WO,A0200000404329WO,WB2605-0040,NFD28-H50 TRẮNG,NFD28-H50H50,NFD28-H50,H50,"",B3,NFD28-H50H50,3.4395,1.0000,3.4395,1.0000,0.0000,0.00,"",79067,79023,0,WO2605-0106--Mousse tấm,"","",0.00,263.00,2026-06-01 09:39:26.337,2026-06-12 08:15:02.790,2026-05-31 00:00:00.000,2026-06-12 00:00:00.000,TONKHO,XB0027.06/26,0,"",""
FB00042,A0200003700878PX,TP20,SPM128,DCM07,1530.00,2080.00,1060.00,tấm,"1800042200001466253002",A0200001466253WO,A0200000404329WO,WB2605-0040,NFD28-H50 TRẮNG,NFD28-H50H50,NFD28-H50,H50,"",B3,NFD28-H50H50,3.3733,1.0000,3.3733,1.0000,0.0000,0.00,"",79067,79023,0,WO2605-0105--Mousse tấm,"","",0.00,263.00,2026-06-01 09:39:26.317,2026-06-12 08:15:02.803,2026-05-31 00:00:00.000,2026-06-12 00:00:00.000,TONKHO,XB0027.06/26,0,"",""
FB00042,A0200003700435PX,TP20,SPM128,DCM07,1550.00,2080.00,1030.00,tấm,"1800042200001466253003",A0200001466253WO,A0200000404329WO,WB2605-0040,NFD28-H50 TRẮNG,NFD28-H50H50,NFD28-H50,H50,"",B3,NFD28-H50H50,3.3207,1.0000,3.3207,1.0000,0.0000,0.00,"",79067,79023,0,WO2605-0105--Mousse tấm,"","",0.00,217.00,2026-06-01 09:39:26.297,2026-06-10 10:25:54.580,2026-05-31 00:00:00.000,2026-06-10 00:00:00.000,TONKHO,XB0023.06/26,0,"",""
FB00042,A0200003705369PX,TP20,SPM128,DCM07,1550.00,2080.00,1060.00,tấm,"1800042200001466253004",A0200001466253WO,A0200000404329WO,WB2605-0040,NFD28-H50 TRẮNG,NFD28-H50H50,NFD28-H50,H50,"",B3,NFD28-H50H50,3.4174,1.0000,3.4174,1.0000,0.0000,0.00,"",79067,79023,0,WO2605-0106--Mousse tấm,"","",0.00,697.00,2026-06-01 09:39:26.420,2026-06-30 10:19:06.510,2026-05-31 00:00:00.000,2026-06-30 00:00:00.000,TONKHO,XB0063.06/26,0,"",""
FB00042,A0200003700874PX,TP20,SPM128,DCM07,1540.00,2080.00,940.00,tấm,"1800042200001466253005",A0200001466253WO,A0200000404329WO,WB2605-0040,NFD28-H50 TRẮNG,NFD28-H50H50,NFD28-H50,H50,"",B3,NFD28-H50H50,3.0110,1.0000,3.0110,1.0000,0.0000,0.00,"",79067,79023,0,WO2605-0105--Mousse tấm,"","",0.00,263.00,2026-06-01 09:39:26.540,2026-06-12 08:15:02.740,2026-05-31 00:00:00.000,2026-06-12 00:00:00.000,TONKHO,XB0027.06/26,0,"",""
FB00042,A0200003700872PX,TP20,SPM128,DCM07,1530.00,2080.00,980.00,tấm,"1800042200001466253006",A0200001466253WO,A0200000404329WO,WB2605-0040,NFD28-H50 TRẮNG,NFD28-H50H50,NFD28-H50,H50,"",B3,NFD28-H50H50,3.1188,1.0000,3.1188,1.0000,0.0000,0.00,"",79067,79023,0,WO2605-0106--Mousse tấm,"","",0.00,263.00,2026-06-01 09:39:26.480,2026-06-12 08:15:02.713,2026-05-31 00:00:00.000,2026-06-12 00:00:00.000,TONKHO,XB0027.06/26,0,"",""
FB00042,A0200003700434PX,TP20,SPM128,DCM07,1540.00,2080.00,1020.00,tấm,"1800042200001466253007",A0200001466253WO,A0200000404329WO,WB2605-0040,NFD28-H50 TRẮNG,NFD28-H50H50,NFD28-H50,H50,"",B3,NFD28-H50H50,3.2673,1.0000,3.2673,1.0000,0.0000,0.00,"",79067,79023,0,WO2605-0105--Mousse tấm,"","",0.00,217.00,2026-06-01 09:39:26.277,2026-06-10 10:25:54.537,2026-05-31 00:00:00.000,2026-06-10 00:00:00.000,TONKHO,XB0023.06/26,0,"",""
FB00042,A0200003705370PX,TP20,SPM128,DCM07,1550.00,2080.00,1060.00,tấm,"1800042200001466253008",A0200001466253WO,A0200000404329WO,WB2605-0040,NFD28-H50 TRẮNG,NFD28-H50H50,NFD28-H50,H50,"",B3,NFD28-H50H50,3.4174,1.0000,3.4174,1.0000,0.0000,0.00,"",79067,79023,0,WO2605-0105--Mousse tấm,"","",0.00,697.00,2026-06-01 09:39:26.400,2026-06-30 10:19:06.520,2026-05-31 00:00:00.000,2026-06-30 00:00:00.000,TONKHO,XB0063.06/26,0,"",""
FB00042,A0200003700873PX,TP20,SPM128,DCM07,1540.00,2080.00,950.00,tấm,"1800042200001466254001",A0200001466254WO,A0200000404329WO,WB2605-0040,NFD28-H50 TRẮNG,NFD28-H50H50,NFD28-H50,H50,"",B3,NFD28-H50H50,3.0430,1.0000,3.0430,1.0000,0.0000,0.00,"",79067,79023,0,WO2605-0106--Mousse tấm,"","",0.00,263.00,2026-06-01 09:39:26.520,2026-06-12 08:15:02.730,2026-05-31 00:00:00.000,2026-06-12 00:00:00.000,TONKHO,XB0027.06/26,0,"",""
FB00042,A0200003701069PX,TP20,SPM128,DCM07,1560.00,2080.00,1000.00,tấm,"1800042200001466254002",A0200001466254WO,A0200000404329WO,WB2605-0040,NFD28-H50 TRẮNG,NFD28-H50H50,NFD28-H50,H50,"",B3,NFD28-H50H50,3.2448,1.0000,3.2448,1.0000,0.0000,0.00,"",79067,79023,0,WO2605-0106--Mousse tấm,"","",0.00,287.00,2026-06-01 09:39:26.460,2026-06-13 08:51:49.927,2026-05-31 00:00:00.000,2026-06-13 00:00:00.000,TONKHO,XB0029.06/26,0,"",""
FB00042,A0200003700436PX,TP20,SPM128,DCM07,1560.00,2080.00,1020.00,tấm,"1800042200001466254003",A0200001466254WO,A0200000404329WO,WB2605-0040,NFD28-H50 TRẮNG,NFD28-H50H50,NFD28-H50,H50,"",B3,NFD28-H50H50,3.3097,1.0000,3.3097,1.0000,0.0000,0.00,"",79067,79023,0,WO2605-0106--Mousse tấm,"","",0.00,217.00,2026-06-01 09:39:26.257,2026-06-10 10:25:54.590,2026-05-31 00:00:00.000,2026-06-10 00:00:00.000,TONKHO,XB0023.06/26,0,"",""
FB00042,A0200003700876PX,TP20,SPM128,DCM07,1550.00,2080.00,1060.00,tấm,"1800042200001466254004",A0200001466254WO,A0200000404329WO,WB2605-0040,NFD28-H50 TRẮNG,NFD28-H50H50,NFD28-H50,H50,"",B3,NFD28-H50H50,3.4174,1.0000,3.4174,1.0000,0.0000,0.00,"",79067,79023,0,WO2605-0106--Mousse tấm,"","",0.00,263.00,2026-06-01 09:39:26.380,2026-06-12 08:15:02.773,2026-05-31 00:00:00.000,2026-06-12 00:00:00.000,TONKHO,XB0027.06/26,0,"",""
FB00042,A0200003700871PX,TP20,SPM128,DCM07,1550.00,2080.00,970.00,tấm,"1800042200001466254005",A0200001466254WO,A0200000404329WO,WB2605-0040,NFD28-H50 TRẮNG,NFD28-H50H50,NFD28-H50,H50,"",B3,NFD28-H50H50,3.1273,1.0000,3.1273,1.0000,0.0000,0.00,"",79067,79023,0,WO2605-0106--Mousse tấm,"","",0.00,263.00,2026-06-01 09:39:26.500,2026-06-12 08:15:02.583,2026-05-31 00:00:00.000,2026-06-12 00:00:00.000,TONKHO,XB0027.06/26,0,"",""
FB00042,A0200003705371PX,TP20,SPM128,DCM07,1530.00,2080.00,1050.00,tấm,"1800042200001466254006",A0200001466254WO,A0200000404329WO,WB2605-0040,NFD28-H50 TRẮNG,NFD28-H50H50,NFD28-H50,H50,"",B3,NFD28-H50H50,3.3415,1.0000,3.3415,1.0000,0.0000,0.00,"",79067,79023,0,WO2605-0106--Mousse tấm,"","",0.00,697.00,2026-06-01 09:39:26.440,2026-06-30 10:19:06.547,2026-05-31 00:00:00.000,2026-06-30 00:00:00.000,TONKHO,XB0063.06/26,0,"",""
FB00042,A0200003700275PX,TP20,SPM128,DCM07,1560.00,2080.00,940.00,tấm,"1800042200001466254007",A0200001466254WO,A0200000404329WO,WB2605-0040,NFD28-H50 TRẮNG,NFD28-H50H50,NFD28-H50,H50,"",B3,NFD28-H50H50,3.0501,1.0000,3.0501,1.0000,0.0000,0.00,"",79067,79023,0,WO2605-0106--Mousse tấm,"","",0.00,192.00,2026-06-01 09:39:26.203,2026-06-09 09:59:48.133,2026-05-31 00:00:00.000,2026-06-09 00:00:00.000,TONKHO,XB0020.06/26,0,"",""
FB00042,A0200003700875PX,TP20,SPM128,DCM07,1540.00,2080.00,1060.00,tấm,"1800042200001466254008",A0200001466254WO,A0200000404329WO,WB2605-0040,NFD28-H50 TRẮNG,NFD28-H50H50,NFD28-H50,H50,"",B3,NFD28-H50H50,3.3954,1.0000,3.3954,1.0000,0.0000,0.00,"",79067,79023,0,WO2605-0106--Mousse tấm,"","",0.00,263.00,2026-06-01 09:39:26.360,2026-06-12 08:15:02.757,2026-05-31 00:00:00.000,2026-06-12 00:00:00.000,TONKHO,XB0027.06/26,0,"",""
FB00042,A0200003709797PX,TP20,SPM128,DCM07,1550.00,2080.00,780.00,tấm,"1800042200001466567001",A0200001466567WO,A0200000404385WO,WB2605-0041,NFD28-H50 TRẮNG,NFD28-H50H50,NFD28-H50,H50,"","",NFD28-H50H50,5.0294,2.0000,2.5147,1.0000,2.5147,1.00,"",79067,79023,0,WO2605-0106--Mousse tấm,"","",0.00,45.00,2026-07-15 15:32:37.930,2026-07-17 12:51:29.420,2026-07-15 00:00:00.000,2026-07-15 00:00:00.000,XB0033.07/26,XB0033.07/26,0,"",""
FB00042,A0200003703972PX,TP20,SPM128,DCM07,1540.00,2080.00,1020.00,tấm,"1800042200001467877001",A0200001467877WO,A0200000404850WO,WB2606-0009,NFD28-H50 TRẮNG,NFD28-H50H50,NFD28-H50,H50,"",B5,NFD28-H50H50,3.2670,1.0000,3.2670,1.0000,0.0000,0.00,"",79067,79023,0,WO2606-0001--Mousse tấm,"",SX THEO DON HANG,0.00,358.00,2026-06-10 10:11:42.423,2026-06-25 08:53:52.307,2026-06-10 00:00:00.000,2026-06-25 00:00:00.000,KK0007.06/26,XB0053.06/26,0,"",""
FB00042,A0200003703973PX,TP20,SPM128,DCM07,1560.00,2080.00,1000.00,tấm,"1800042200001467877002",A0200001467877WO,A0200000404850WO,WB2606-0009,NFD28-H50 TRẮNG,NFD28-H50H50,NFD28-H50,H50,"",B5,NFD28-H50H50,3.2450,1.0000,3.2450,1.0000,0.0000,0.00,"",79067,79023,0,WO2606-0001--Mousse tấm,"",SX THEO DON HANG,0.00,358.00,2026-06-10 10:11:42.407,2026-06-25 08:53:52.320,2026-06-10 00:00:00.000,2026-06-25 00:00:00.000,KK0007.06/26,XB0053.06/26,0,"",""
FB00042,A0200003703971PX,TP20,SPM128,DCM07,1550.00,2080.00,1020.00,tấm,"1800042200001467877003",A0200001467877WO,A0200000404850WO,WB2606-0009,NFD28-H50 TRẮNG,NFD28-H50H50,NFD28-H50,H50,"",B5,NFD28-H50H50,3.2880,1.0000,3.2880,1.0000,0.0000,0.00,"",79067,79023,0,WO2606-0001--Mousse tấm,"",SX THEO DON HANG,0.00,358.00,2026-06-10 10:11:42.440,2026-06-25 08:53:52.293,2026-06-10 00:00:00.000,2026-06-25 00:00:00.000,KK0007.06/26,XB0053.06/26,0,"",""
FB00042,A0200003709794PX,TP20,SPM128,DCM07,1550.00,2080.00,1040.00,tấm,"1800042200001467877004",A0200001467877WO,A0200000404850WO,WB2606-0009,NFD28-H50 TRẮNG,NFD28-H50H50,NFD28-H50,H50,"",B5,NFD28-H50H50,6.7060,2.0000,3.3530,1.0000,3.3530,1.00,"",79067,79023,0,WO2606-0001--Mousse tấm,"",SX THEO DON HANG,0.00,890.00,2026-06-10 10:11:42.520,2026-07-17 12:51:29.393,2026-07-15 00:00:00.000,2026-07-15 00:00:00.000,XB0033.07/26,XB0033.07/26,0,"",RedColor
FB00042,A0200003703970PX,TP20,SPM128,DCM07,1540.00,2080.00,1040.00,tấm,"1800042200001467877005",A0200001467877WO,A0200000404850WO,WB2606-0009,NFD28-H50 TRẮNG,NFD28-H50H50,NFD28-H50,H50,"",B5,NFD28-H50H50,3.3310,1.0000,3.3310,1.0000,0.0000,0.00,"",79067,79023,0,WO2606-0001--Mousse tấm,"",SX THEO DON HANG,0.00,358.00,2026-06-10 10:11:42.453,2026-06-25 08:53:52.267,2026-06-10 00:00:00.000,2026-06-25 00:00:00.000,KK0007.06/26,XB0053.06/26,0,"",""
FB00042,A0200003703974PX,TP20,SPM128,DCM07,1540.00,2080.00,990.00,tấm,"1800042200001467877006",A0200001467877WO,A0200000404850WO,WB2606-0009,NFD28-H50 TRẮNG,NFD28-H50H50,NFD28-H50,H50,"",B5,NFD28-H50H50,3.1710,1.0000,3.1710,1.0000,0.0000,0.00,"",79067,79023,0,WO2606-0001--Mousse tấm,"",SX THEO DON HANG,0.00,358.00,2026-06-10 10:11:42.373,2026-06-25 08:53:52.330,2026-06-10 00:00:00.000,2026-06-25 00:00:00.000,KK0007.06/26,XB0053.06/26,0,"",""
FB00042,A0200003703975PX,TP20,SPM128,DCM07,1570.00,2080.00,990.00,tấm,"1800042200001467877007",A0200001467877WO,A0200000404850WO,WB2606-0009,NFD28-H50 TRẮNG,NFD28-H50H50,NFD28-H50,H50,"",B5,NFD28-H50H50,3.2330,1.0000,3.2330,1.0000,0.0000,0.00,"",79067,79023,0,WO2606-0001--Mousse tấm,"",SX THEO DON HANG,0.00,358.00,2026-06-10 10:11:42.390,2026-06-25 08:53:52.347,2026-06-10 00:00:00.000,2026-06-25 00:00:00.000,KK0007.06/26,XB0053.06/26,0,"",""
FB00042,A0200003705367PX,TP20,SPM128,DCM07,1540.00,2080.00,1010.00,tấm,"1800042200001467877008",A0200001467877WO,A0200000404850WO,WB2606-0009,NFD28-H50 TRẮNG,NFD28-H50H50,NFD28-H50,H50,"",B5,NFD28-H50H50,3.2350,1.0000,3.2350,1.0000,0.0000,0.00,"",79067,79023,0,WO2606-0001--Mousse tấm,"",SX THEO DON HANG,0.00,480.00,2026-06-10 10:11:42.540,2026-06-30 10:19:06.467,2026-06-10 00:00:00.000,2026-06-30 00:00:00.000,KK0007.06/26,XB0063.06/26,0,"",""
FB00042,A0200003705374PX,TP20,SPM128,DCM07,1540.00,2080.00,1040.00,tấm,"1800042200001467877009",A0200001467877WO,A0200000404850WO,WB2606-0009,NFD28-H50 TRẮNG,NFD28-H50H50,NFD28-H50,H50,"",B5,NFD28-H50H50,3.3310,1.0000,3.3310,1.0000,0.0000,0.00,"",79067,79023,0,WO2606-0001--Mousse tấm,"",SX THEO DON HANG,0.00,480.00,2026-06-10 10:11:42.470,2026-06-30 10:19:06.600,2026-06-10 00:00:00.000,2026-06-30 00:00:00.000,KK0007.06/26,XB0063.06/26,0,"",""
FB00042,A0200003703966PX,TP20,SPM128,DCM07,1560.00,2080.00,980.00,tấm,"1800042200001467878001",A0200001467878WO,A0200000404850WO,WB2606-0009,NFD28-H50 TRẮNG,NFD28-H50H50,NFD28-H50,H50,"",B5,NFD28-H50H50,3.1800,1.0000,3.1800,1.0000,0.0000,0.00,"",79067,79023,0,WO2606-0002--Mousse tấm,"",SX THEO DON HANG,0.00,358.00,2026-06-10 10:11:42.340,2026-06-25 08:53:52.187,2026-06-10 00:00:00.000,2026-06-25 00:00:00.000,KK0007.06/26,XB0053.06/26,0,"",""
FB00042,A0200003703965PX,TP20,SPM128,DCM07,1560.00,2080.00,990.00,tấm,"1800042200001467878002",A0200001467878WO,A0200000404850WO,WB2606-0009,NFD28-H50 TRẮNG,NFD28-H50H50,NFD28-H50,H50,"",B5,NFD28-H50H50,3.2120,1.0000,3.2120,1.0000,0.0000,0.00,"",79067,79023,0,WO2606-0002--Mousse tấm,"",SX THEO DON HANG,0.00,358.00,2026-06-10 10:11:42.357,2026-06-25 08:53:52.140,2026-06-10 00:00:00.000,2026-06-25 00:00:00.000,KK0007.06/26,XB0053.06/26,0,"",""
FB00042,A0200003705368PX,TP20,SPM128,DCM07,1550.00,2080.00,1000.00,tấm,"1800042200001467878003",A0200001467878WO,A0200000404850WO,WB2606-0009,NFD28-H50 TRẮNG,NFD28-H50H50,NFD28-H50,H50,"",B5,NFD28-H50H50,3.2240,1.0000,3.2240,1.0000,0.0000,0.00,"",79067,79023,0,WO2606-0002--Mousse tấm,"",SX THEO DON HANG,0.00,480.00,2026-06-10 10:11:42.553,2026-06-30 10:19:06.473,2026-06-10 00:00:00.000,2026-06-30 00:00:00.000,KK0007.06/26,XB0063.06/26,0,"",""
FB00042,A0200003705375PX,TP20,SPM128,DCM07,1550.00,2080.00,1040.00,tấm,"1800042200001467878004",A0200001467878WO,A0200000404850WO,WB2606-0009,NFD28-H50 TRẮNG,NFD28-H50H50,NFD28-H50,H50,"",B5,NFD28-H50H50,3.3530,1.0000,3.3530,1.0000,0.0000,0.00,"",79067,79023,0,WO2606-0002--Mousse tấm,"",SX THEO DON HANG,0.00,480.00,2026-06-10 10:11:42.487,2026-06-30 10:19:06.613,2026-06-10 00:00:00.000,2026-06-30 00:00:00.000,KK0007.06/26,XB0063.06/26,0,"",""
FB00042,A0200003705373PX,TP20,SPM128,DCM07,1550.00,2080.00,990.00,tấm,"1800042200001467878005",A0200001467878WO,A0200000404850WO,WB2606-0009,NFD28-H50 TRẮNG,NFD28-H50H50,NFD28-H50,H50,"",B5,NFD28-H50H50,3.1920,1.0000,3.1920,1.0000,0.0000,0.00,"",79067,79023,0,WO2606-0002--Mousse tấm,"",SX THEO DON HANG,0.00,480.00,2026-06-10 10:11:42.587,2026-06-30 10:19:06.590,2026-06-10 00:00:00.000,2026-06-30 00:00:00.000,KK0007.06/26,XB0063.06/26,0,"",""
FB00042,A0200003703967PX,TP20,SPM128,DCM07,1550.00,2080.00,970.00,tấm,"1800042200001467878006",A0200001467878WO,A0200000404850WO,WB2606-0009,NFD28-H50 TRẮNG,NFD28-H50H50,NFD28-H50,H50,"",B5,NFD28-H50H50,3.1270,1.0000,3.1270,1.0000,0.0000,0.00,"",79067,79023,0,WO2606-0002--Mousse tấm,"",SX THEO DON HANG,0.00,358.00,2026-06-10 10:11:42.323,2026-06-25 08:53:52.203,2026-06-10 00:00:00.000,2026-06-25 00:00:00.000,KK0007.06/26,XB0053.06/26,0,"",""
FB00042,A0200003705372PX,TP20,SPM128,DCM07,1530.00,2080.00,990.00,tấm,"1800042200001467878007",A0200001467878WO,A0200000404850WO,WB2606-0009,NFD28-H50 TRẮNG,NFD28-H50H50,NFD28-H50,H50,"",B5,NFD28-H50H50,3.1510,1.0000,3.1510,1.0000,0.0000,0.00,"",79067,79023,0,WO2606-0002--Mousse tấm,"",SX THEO DON HANG,0.00,480.00,2026-06-10 10:11:42.570,2026-06-30 10:19:06.583,2026-06-10 00:00:00.000,2026-06-30 00:00:00.000,KK0007.06/26,XB0063.06/26,0,"",""
FB00042,A0200003709793PX,TP20,SPM128,DCM07,1540.00,2080.00,1040.00,tấm,"1800042200001467878008",A0200001467878WO,A0200000404850WO,WB2606-0009,NFD28-H50 TRẮNG,NFD28-H50H50,NFD28-H50,H50,"",B5,NFD28-H50H50,6.6620,2.0000,3.3310,1.0000,3.3310,1.00,"",79067,79023,0,WO2606-0002--Mousse tấm,"",SX THEO DON HANG,0.00,890.00,2026-06-10 10:11:42.503,2026-07-17 12:51:29.390,2026-07-15 00:00:00.000,2026-07-15 00:00:00.000,XB0033.07/26,XB0033.07/26,0,"",RedColor
FB00042,A0200003709796PX,TP20,SPM128,DCM07,1560.00,2080.00,960.00,tấm,"1800042200001468488001",A0200001468488WO,A0200000405047WO,WB2606-0014,NFD28-H50 TRẮNG,NFD28-H50H50,NFD28-H50,H50,"",A4,NFD28-H50H50,6.2300,2.0000,3.1150,1.0000,3.1150,1.00,"",79067,79023,0,"","",SX THEO DON HANG,0.00,768.00,2026-06-15 12:45:00.070,2026-07-17 12:51:29.413,2026-07-15 00:00:00.000,2026-07-15 00:00:00.000,XB0033.07/26,XB0033.07/26,0,"",RedColor
FB00042,A0200003702004PX,TP20,SPM128,DCM07,1570.00,1850.00,1030.00,tấm,"1800042200001468708001",A0200001468708WO,A0200000405074WO,WB2606-0015,NFD28-H50 TRẮNG,NFD28-H50H50,NFD28-H50,H50,"",B10,NFD28-H50H50,2.9920,1.0000,2.9920,1.0000,0.0000,0.00,"",79067,79023,0,ADX-ADX-PO357-06-2026-ECK,"",SX THEO DON HANG,0.00,69.00,2026-06-15 12:44:59.777,2026-06-18 09:38:37.840,2026-06-15 00:00:00.000,2026-06-18 00:00:00.000,KK0010.06/26,XB0040.06/26,0,"",""
FB00042,A0200003702001PX,TP20,SPM128,DCM07,1570.00,1850.00,1060.00,tấm,"1800042200001468708002",A0200001468708WO,A0200000405074WO,WB2606-0015,NFD28-H50 TRẮNG,NFD28-H50H50,NFD28-H50,H50,"",B10,NFD28-H50H50,3.0790,1.0000,3.0790,1.0000,0.0000,0.00,"",79067,79023,0,ADX-ADX-PO357-06-2026-ECK,"",SX THEO DON HANG,0.00,69.00,2026-06-15 12:44:59.787,2026-06-18 09:38:37.807,2026-06-15 00:00:00.000,2026-06-18 00:00:00.000,KK0010.06/26,XB0040.06/26,0,"",""
FB00042,A0200003702006PX,TP20,SPM128,DCM07,1560.00,1850.00,1000.00,tấm,"1800042200001468708003",A0200001468708WO,A0200000405074WO,WB2606-0015,NFD28-H50 TRẮNG,NFD28-H50H50,NFD28-H50,H50,"",B10,NFD28-H50H50,2.8860,1.0000,2.8860,1.0000,0.0000,0.00,"",79067,79023,0,ADX-ADX-PO357-06-2026-ECK,"",SX THEO DON HANG,0.00,69.00,2026-06-15 12:44:59.773,2026-06-18 09:38:37.860,2026-06-15 00:00:00.000,2026-06-18 00:00:00.000,KK0010.06/26,XB0040.06/26,0,"",""
FB00042,A0200003702000PX,TP20,SPM128,DCM07,1550.00,1850.00,1020.00,tấm,"1800042200001468708004",A0200001468708WO,A0200000405074WO,WB2606-0015,NFD28-H50 TRẮNG,NFD28-H50H50,NFD28-H50,H50,"",B10,NFD28-H50H50,2.9250,1.0000,2.9250,1.0000,0.0000,0.00,"",79067,79023,0,ADX-ADX-PO357-06-2026-ECK,"",SX THEO DON HANG,0.00,69.00,2026-06-15 12:44:59.800,2026-06-18 09:38:37.800,2026-06-15 00:00:00.000,2026-06-18 00:00:00.000,KK0010.06/26,XB0040.06/26,0,"",""
FB00042,A0200003702005PX,TP20,SPM128,DCM07,1560.00,1850.00,1050.00,tấm,"1800042200001468708005",A0200001468708WO,A0200000405074WO,WB2606-0015,NFD28-H50 TRẮNG,NFD28-H50H50,NFD28-H50,H50,"",B10,NFD28-H50H50,3.0300,1.0000,3.0300,1.0000,0.0000,0.00,"",79067,79023,0,ADX-ADX-PO357-06-2026-ECK,"",SX THEO DON HANG,0.00,69.00,2026-06-15 12:44:59.780,2026-06-18 09:38:37.850,2026-06-15 00:00:00.000,2026-06-18 00:00:00.000,KK0010.06/26,XB0040.06/26,0,"",""
FB00042,A0200003702003PX,TP20,SPM128,DCM07,1570.00,1850.00,1090.00,tấm,"1800042200001468708006",A0200001468708WO,A0200000405074WO,WB2606-0015,NFD28-H50 TRẮNG,NFD28-H50H50,NFD28-H50,H50,"",B10,NFD28-H50H50,3.1660,1.0000,3.1660,1.0000,0.0000,0.00,"",79067,79023,0,ADX-ADX-PO357-06-2026-ECK,"",SX THEO DON HANG,0.00,69.00,2026-06-15 12:44:59.797,2026-06-18 09:38:37.830,2026-06-15 00:00:00.000,2026-06-18 00:00:00.000,KK0010.06/26,XB0040.06/26,0,"",""
FB00042,A0200003702002PX,TP20,SPM128,DCM07,1560.00,1850.00,1080.00,tấm,"1800042200001468708007",A0200001468708WO,A0200000405074WO,WB2606-0015,NFD28-H50 TRẮNG,NFD28-H50H50,NFD28-H50,H50,"",B10,NFD28-H50H50,3.1170,1.0000,3.1170,1.0000,0.0000,0.00,"",79067,79023,0,ADX-ADX-PO357-06-2026-ECK,"",SX THEO DON HANG,0.00,69.00,2026-06-15 12:44:59.790,2026-06-18 09:38:37.820,2026-06-15 00:00:00.000,2026-06-18 00:00:00.000,KK0010.06/26,XB0040.06/26,0,"",""
FB00042,A0200003701999PX,TP20,SPM128,DCM07,1560.00,1850.00,1090.00,tấm,"1800042200001468708008",A0200001468708WO,A0200000405074WO,WB2606-0015,NFD28-H50 TRẮNG,NFD28-H50H50,NFD28-H50,H50,"",B10,NFD28-H50H50,3.1460,1.0000,3.1460,1.0000,0.0000,0.00,"",79067,79023,0,ADX-ADX-PO357-06-2026-ECK,"",SX THEO DON HANG,0.00,69.00,2026-06-15 12:44:59.807,2026-06-18 09:38:37.783,2026-06-15 00:00:00.000,2026-06-18 00:00:00.000,KK0010.06/26,XB0040.06/26,0,"",""
FB00042,A0200003702007PX,TP20,SPM128,DCM07,1580.00,1850.00,990.00,tấm,"1800042200001469003001",A0200001469003WO,A0200000405167WO,WB2606-0016,NFD28-H50 TRẮNG,NFD28-H50H50,NFD28-H50,H50,"",B10,NFD28-H50H50,2.8940,1.0000,2.8940,1.0000,0.0000,0.00,"",79067,79023,0,"","",SX THEO DON HANG,0.00,69.00,2026-06-15 12:44:59.750,2026-06-18 09:38:37.900,2026-06-15 00:00:00.000,2026-06-18 00:00:00.000,KK0010.06/26,XB0040.06/26,0,"",""
FB00042,A0200003704120PX,TP20,SPM128,DCM07,1580.00,1850.00,1090.00,tấm,"1800042200001469979001",A0200001469979WO,A0200000405499WO,WB2606-0021,NFD28-H50 TRẮNG,NFD28-H50H50,NFD28-H50,H50,"",A1,NFD28-H50H50,3.1860,1.0000,3.1860,1.0000,0.0000,0.00,"",79067,79023,0,"","",SX DƯ,0.00,122.00,2026-06-20 13:26:27.420,2026-06-25 15:50:40.087,2026-06-20 00:00:00.000,2026-06-25 00:00:00.000,KK0014.06/26,XB0054.06/26,0,"",""
FB00042,A0200003706214PN,TP20,SPM128,DCM07,1390.00,2080.00,960.00,tấm,"1800042200001472164001",A0200001472164WO,A0200000406259WO,WB2607-0001,NFD28-H50 TRẮNG,NFD28-H50H50,NFD28-H50,H50,"",B,NFD28-H50H50,2.7760,1.0000,0.0000,0.0000,2.7760,1.00,"",79067,79023,0,WO2606-0038--Mousse tấm,"",SX THEO ĐƠN HÀNG,0.00,504.00,2026-07-02 09:29:58.067,,2026-07-02 00:00:00.000,,KK0002.07/26,,0,"",""
FB00042,A0200003706213PN,TP20,SPM128,DCM07,1540.00,2080.00,960.00,tấm,"1800042200001472165001",A0200001472165WO,A0200000406259WO,WB2607-0001,NFD28-H50 TRẮNG,NFD28-H50H50,NFD28-H50,H50,"",B,NFD28-H50H50,3.0750,1.0000,0.0000,0.0000,3.0750,1.00,"",79067,79023,0,WO2606-0037--Mousse tấm,"",SX THEO ĐƠN HÀNG,0.00,504.00,2026-07-02 09:29:58.063,,2026-07-02 00:00:00.000,,KK0002.07/26,,0,"",""
FB00042,A0200003706206PN,TP20,SPM128,DCM07,1540.00,2080.00,1000.00,tấm,"1800042200001472165002",A0200001472165WO,A0200000406259WO,WB2607-0001,NFD28-H50 TRẮNG,NFD28-H50H50,NFD28-H50,H50,"",B,NFD28-H50H50,3.2030,1.0000,0.0000,0.0000,3.2030,1.00,"",79067,79023,0,WO2606-0037--Mousse tấm,"",SX THEO ĐƠN HÀNG,0.00,504.00,2026-07-02 09:29:58.030,,2026-07-02 00:00:00.000,,KK0002.07/26,,0,"",""
FB00042,A0200003706209PN,TP20,SPM128,DCM07,1540.00,2080.00,970.00,tấm,"1800042200001472165003",A0200001472165WO,A0200000406259WO,WB2607-0001,NFD28-H50 TRẮNG,NFD28-H50H50,NFD28-H50,H50,"",B,NFD28-H50H50,3.1070,1.0000,0.0000,0.0000,3.1070,1.00,"",79067,79023,0,WO2606-0037--Mousse tấm,"",SX THEO ĐƠN HÀNG,0.00,504.00,2026-07-02 09:29:58.043,,2026-07-02 00:00:00.000,,KK0002.07/26,,0,"",""
FB00042,A0200003706202PN,TP20,SPM128,DCM07,1550.00,2080.00,1000.00,tấm,"1800042200001472165004",A0200001472165WO,A0200000406259WO,WB2607-0001,NFD28-H50 TRẮNG,NFD28-H50H50,NFD28-H50,H50,"",B,NFD28-H50H50,3.2240,1.0000,0.0000,0.0000,3.2240,1.00,"",79067,79023,0,WO2606-0037--Mousse tấm,"",SX THEO ĐƠN HÀNG,0.00,504.00,2026-07-02 09:29:58.013,,2026-07-02 00:00:00.000,,KK0002.07/26,,0,"",""
FB00042,A0200003706212PN,TP20,SPM128,DCM07,1540.00,2080.00,960.00,tấm,"1800042200001472165005",A0200001472165WO,A0200000406259WO,WB2607-0001,NFD28-H50 TRẮNG,NFD28-H50H50,NFD28-H50,H50,"",B,NFD28-H50H50,3.0750,1.0000,0.0000,0.0000,3.0750,1.00,"",79067,79023,0,WO2606-0037--Mousse tấm,"",SX THEO ĐƠN HÀNG,0.00,504.00,2026-07-02 09:29:58.057,,2026-07-02 00:00:00.000,,KK0002.07/26,,0,"",""
FB00042,A0200003706205PN,TP20,SPM128,DCM07,1560.00,2080.00,1000.00,tấm,"1800042200001472165006",A0200001472165WO,A0200000406259WO,WB2607-0001,NFD28-H50 TRẮNG,NFD28-H50H50,NFD28-H50,H50,"",B,NFD28-H50H50,3.2450,1.0000,0.0000,0.0000,3.2450,1.00,"",79067,79023,0,WO2606-0037--Mousse tấm,"",SX THEO ĐƠN HÀNG,0.00,504.00,2026-07-02 09:29:58.023,,2026-07-02 00:00:00.000,,KK0002.07/26,,0,"",""
FB00042,A0200003706208PN,TP20,SPM128,DCM07,1550.00,2080.00,970.00,tấm,"1800042200001472166001",A0200001472166WO,A0200000406259WO,WB2607-0001,NFD28-H50 TRẮNG,NFD28-H50H50,NFD28-H50,H50,"",B,NFD28-H50H50,3.1270,1.0000,0.0000,0.0000,3.1270,1.00,"",79067,79023,0,WO2606-0038--Mousse tấm,"",SX THEO ĐƠN HÀNG,0.00,504.00,2026-07-02 09:29:58.037,,2026-07-02 00:00:00.000,,KK0002.07/26,,0,"",""
FB00042,A0200003706201PN,TP20,SPM128,DCM07,1550.00,2080.00,940.00,tấm,"1800042200001472166002",A0200001472166WO,A0200000406259WO,WB2607-0001,NFD28-H50 TRẮNG,NFD28-H50H50,NFD28-H50,H50,"",B,NFD28-H50H50,3.0310,1.0000,0.0000,0.0000,3.0310,1.00,"",79067,79023,0,WO2606-0038--Mousse tấm,"",SX THEO ĐƠN HÀNG,0.00,504.00,2026-07-02 09:29:57.987,,2026-07-02 00:00:00.000,,KK0002.07/26,,0,"",""
FB00042,A0200003706211PN,TP20,SPM128,DCM07,1540.00,2080.00,960.00,tấm,"1800042200001472166003",A0200001472166WO,A0200000406259WO,WB2607-0001,NFD28-H50 TRẮNG,NFD28-H50H50,NFD28-H50,H50,"",B,NFD28-H50H50,3.0750,1.0000,0.0000,0.0000,3.0750,1.00,"",79067,79023,0,WO2606-0038--Mousse tấm,"",SX THEO ĐƠN HÀNG,0.00,504.00,2026-07-02 09:29:58.053,,2026-07-02 00:00:00.000,,KK0002.07/26,,0,"",""
FB00042,A0200003706204PN,TP20,SPM128,DCM07,1540.00,2080.00,1000.00,tấm,"1800042200001472166004",A0200001472166WO,A0200000406259WO,WB2607-0001,NFD28-H50 TRẮNG,NFD28-H50H50,NFD28-H50,H50,"",B,NFD28-H50H50,3.2030,1.0000,0.0000,0.0000,3.2030,1.00,"",79067,79023,0,WO2606-0038--Mousse tấm,"",SX THEO ĐƠN HÀNG,0.00,504.00,2026-07-02 09:29:58.020,,2026-07-02 00:00:00.000,,KK0002.07/26,,0,"",""
FB00042,A0200003706207PN,TP20,SPM128,DCM07,1550.00,2080.00,990.00,tấm,"1800042200001472166005",A0200001472166WO,A0200000406259WO,WB2607-0001,NFD28-H50 TRẮNG,NFD28-H50H50,NFD28-H50,H50,"",B,NFD28-H50H50,3.1920,1.0000,0.0000,0.0000,3.1920,1.00,"",79067,79023,0,WO2606-0038--Mousse tấm,"",SX THEO ĐƠN HÀNG,0.00,504.00,2026-07-02 09:29:58.033,,2026-07-02 00:00:00.000,,KK0002.07/26,,0,"",""
FB00042,A0200003706200PN,TP20,SPM128,DCM07,1560.00,2080.00,830.00,tấm,"1800042200001472166006",A0200001472166WO,A0200000406259WO,WB2607-0001,NFD28-H50 TRẮNG,NFD28-H50H50,NFD28-H50,H50,"",B,NFD28-H50H50,2.6930,1.0000,0.0000,0.0000,2.6930,1.00,"",79067,79023,0,WO2606-0038--Mousse tấm,"",SX THEO ĐƠN HÀNG,0.00,504.00,2026-07-02 09:29:57.980,,2026-07-02 00:00:00.000,,KK0002.07/26,,0,"",""
FB00042,A0200003706210PN,TP20,SPM128,DCM07,1540.00,2080.00,970.00,tấm,"1800042200001472166007",A0200001472166WO,A0200000406259WO,WB2607-0001,NFD28-H50 TRẮNG,NFD28-H50H50,NFD28-H50,H50,"",B,NFD28-H50H50,3.1070,1.0000,0.0000,0.0000,3.1070,1.00,"",79067,79023,0,WO2606-0038--Mousse tấm,"",SX THEO ĐƠN HÀNG,0.00,504.00,2026-07-02 09:29:58.047,,2026-07-02 00:00:00.000,,KK0002.07/26,,0,"",""
FB00042,A0200003706203PN,TP20,SPM128,DCM07,1550.00,2080.00,1000.00,tấm,"1800042200001472166008",A0200001472166WO,A0200000406259WO,WB2607-0001,NFD28-H50 TRẮNG,NFD28-H50H50,NFD28-H50,H50,"",B,NFD28-H50H50,3.2240,1.0000,0.0000,0.0000,3.2240,1.00,"",79067,79023,0,WO2606-0038--Mousse tấm,"",SX THEO ĐƠN HÀNG,0.00,504.00,2026-07-02 09:29:58.017,,2026-07-02 00:00:00.000,,KK0002.07/26,,0,"",""
FB00042,A0200003709615PN,TP20,SPM128,DCM07,1540.00,2080.00,970.00,tấm,"1800042200001475254001",A0200001458940WO,A0200000401865WO,WB2604-0029,NFD28-H50 TRẮNG,NFD28-H50H50,NFD28-H50,H50,"",B5,NFD28-H50H50,3.1070,1.0000,0.0000,0.0000,3.1070,1.00,"",79067,79023,0,WO2606-0039--Mousse tấm,"",SX THEO ĐƠN HÀNG,0.00,143.00,2026-07-17 10:13:00.987,,2026-07-17 00:00:00.000,,KK0012.07/26,,0,"",""
FB00042,A0200003709610PN,TP20,SPM128,DCM07,1540.00,2080.00,980.00,tấm,"1800042200001475254002",A0200001458940WO,A0200000401865WO,WB2604-0029,NFD28-H50 TRẮNG,NFD28-H50H50,NFD28-H50,H50,"",B5,NFD28-H50H50,3.1390,1.0000,0.0000,0.0000,3.1390,1.00,"",79067,79023,0,WO2606-0039--Mousse tấm,"",SX THEO ĐƠN HÀNG,0.00,143.00,2026-07-17 10:13:00.960,,2026-07-17 00:00:00.000,,KK0012.07/26,,0,"",""
FB00042,A0200003709619PN,TP20,SPM128,DCM07,1540.00,2080.00,970.00,tấm,"1800042200001475254003",A0200001458940WO,A0200000401865WO,WB2604-0029,NFD28-H50 TRẮNG,NFD28-H50H50,NFD28-H50,H50,"",B5,NFD28-H50H50,3.1070,1.0000,0.0000,0.0000,3.1070,1.00,"",79067,79023,0,WO2606-0039--Mousse tấm,"",SX THEO ĐƠN HÀNG,0.00,143.00,2026-07-17 10:13:01.007,,2026-07-17 00:00:00.000,,KK0012.07/26,,0,"",""
FB00042,A0200003709623PN,TP20,SPM128,DCM07,1540.00,2080.00,970.00,tấm,"1800042200001475254004",A0200001458940WO,A0200000401865WO,WB2604-0029,NFD28-H50 TRẮNG,NFD28-H50H50,NFD28-H50,H50,"",B5,NFD28-H50H50,3.1070,1.0000,0.0000,0.0000,3.1070,1.00,"",79067,79023,0,WO2606-0039--Mousse tấm,"",SX THEO ĐƠN HÀNG,0.00,143.00,2026-07-17 10:13:01.027,,2026-07-17 00:00:00.000,,KK0012.07/26,,0,"",""
FB00042,A0200003709614PN,TP20,SPM128,DCM07,1540.00,2080.00,970.00,tấm,"1800042200001475254005",A0200001458940WO,A0200000401865WO,WB2604-0029,NFD28-H50 TRẮNG,NFD28-H50H50,NFD28-H50,H50,"",B5,NFD28-H50H50,3.1070,1.0000,0.0000,0.0000,3.1070,1.00,"",79067,79023,0,WO2606-0039--Mousse tấm,"",SX THEO ĐƠN HÀNG,0.00,143.00,2026-07-17 10:13:00.980,,2026-07-17 00:00:00.000,,KK0012.07/26,,0,"",""
FB00042,A0200003709609PN,TP20,SPM128,DCM07,1540.00,2080.00,980.00,tấm,"1800042200001475254006",A0200001458940WO,A0200000401865WO,WB2604-0029,NFD28-H50 TRẮNG,NFD28-H50H50,NFD28-H50,H50,"",B5,NFD28-H50H50,3.1390,1.0000,0.0000,0.0000,3.1390,1.00,"",79067,79023,0,WO2606-0039--Mousse tấm,"",SX THEO ĐƠN HÀNG,0.00,143.00,2026-07-17 10:13:00.953,,2026-07-17 00:00:00.000,,KK0012.07/26,,0,"",""
FB00042,A0200003709618PN,TP20,SPM128,DCM07,1540.00,2080.00,970.00,tấm,"1800042200001475254007",A0200001458940WO,A0200000401865WO,WB2604-0029,NFD28-H50 TRẮNG,NFD28-H50H50,NFD28-H50,H50,"",B5,NFD28-H50H50,3.1070,1.0000,0.0000,0.0000,3.1070,1.00,"",79067,79023,0,WO2606-0039--Mousse tấm,"",SX THEO ĐƠN HÀNG,0.00,143.00,2026-07-17 10:13:01.000,,2026-07-17 00:00:00.000,,KK0012.07/26,,0,"",""
FB00042,A0200003709622PN,TP20,SPM128,DCM07,1540.00,2080.00,970.00,tấm,"1800042200001475254008",A0200001458940WO,A0200000401865WO,WB2604-0029,NFD28-H50 TRẮNG,NFD28-H50H50,NFD28-H50,H50,"",B5,NFD28-H50H50,3.1070,1.0000,0.0000,0.0000,3.1070,1.00,"",79067,79023,0,WO2606-0039--Mousse tấm,"",SX THEO ĐƠN HÀNG,0.00,143.00,2026-07-17 10:13:01.020,,2026-07-17 00:00:00.000,,KK0012.07/26,,0,"",""
FB00042,A0200003709613PN,TP20,SPM128,DCM07,1540.00,2080.00,970.00,tấm,"1800042200001475254009",A0200001458940WO,A0200000401865WO,WB2604-0029,NFD28-H50 TRẮNG,NFD28-H50H50,NFD28-H50,H50,"",B5,NFD28-H50H50,3.1070,1.0000,0.0000,0.0000,3.1070,1.00,"",79067,79023,0,WO2606-0039--Mousse tấm,"",SX THEO ĐƠN HÀNG,0.00,143.00,2026-07-17 10:13:00.977,,2026-07-17 00:00:00.000,,KK0012.07/26,,0,"",""
FB00042,A0200003709608PN,TP20,SPM128,DCM07,1540.00,2080.00,980.00,tấm,"1800042200001475254010",A0200001458940WO,A0200000401865WO,WB2604-0029,NFD28-H50 TRẮNG,NFD28-H50H50,NFD28-H50,H50,"",B5,NFD28-H50H50,3.1390,1.0000,0.0000,0.0000,3.1390,1.00,"",79067,79023,0,WO2606-0039--Mousse tấm,"",SX THEO ĐƠN HÀNG,0.00,143.00,2026-07-17 10:13:00.950,,2026-07-17 00:00:00.000,,KK0012.07/26,,0,"",""
FB00042,A0200003709617PN,TP20,SPM128,DCM07,1540.00,2080.00,970.00,tấm,"1800042200001475254011",A0200001458940WO,A0200000401865WO,WB2604-0029,NFD28-H50 TRẮNG,NFD28-H50H50,NFD28-H50,H50,"",B5,NFD28-H50H50,3.1070,1.0000,0.0000,0.0000,3.1070,1.00,"",79067,79023,0,WO2606-0039--Mousse tấm,"",SX THEO ĐƠN HÀNG,0.00,143.00,2026-07-17 10:13:00.997,,2026-07-17 00:00:00.000,,KK0012.07/26,,0,"",""
FB00042,A0200003709621PN,TP20,SPM128,DCM07,1540.00,2080.00,980.00,tấm,"1800042200001475254012",A0200001458940WO,A0200000401865WO,WB2604-0029,NFD28-H50 TRẮNG,NFD28-H50H50,NFD28-H50,H50,"",B5,NFD28-H50H50,3.1390,1.0000,0.0000,0.0000,3.1390,1.00,"",79067,79023,0,WO2606-0039--Mousse tấm,"",SX THEO ĐƠN HÀNG,0.00,143.00,2026-07-17 10:13:01.017,,2026-07-17 00:00:00.000,,KK0012.07/26,,0,"",""
FB00042,A0200003709612PN,TP20,SPM128,DCM07,1540.00,2080.00,970.00,tấm,"1800042200001475254013",A0200001458940WO,A0200000401865WO,WB2604-0029,NFD28-H50 TRẮNG,NFD28-H50H50,NFD28-H50,H50,"",B5,NFD28-H50H50,3.1070,1.0000,0.0000,0.0000,3.1070,1.00,"",79067,79023,0,WO2606-0039--Mousse tấm,"",SX THEO ĐƠN HÀNG,0.00,143.00,2026-07-17 10:13:00.970,,2026-07-17 00:00:00.000,,KK0012.07/26,,0,"",""
FB00042,A0200003709607PN,TP20,SPM128,DCM07,1540.00,2080.00,990.00,tấm,"1800042200001475254014",A0200001458940WO,A0200000401865WO,WB2604-0029,NFD28-H50 TRẮNG,NFD28-H50H50,NFD28-H50,H50,"",B5,NFD28-H50H50,3.1710,1.0000,0.0000,0.0000,3.1710,1.00,"",79067,79023,0,WO2606-0039--Mousse tấm,"",SX THEO ĐƠN HÀNG,0.00,143.00,2026-07-17 10:13:00.947,,2026-07-17 00:00:00.000,,KK0012.07/26,,0,"",""
FB00042,A0200003709616PN,TP20,SPM128,DCM07,1540.00,2080.00,970.00,tấm,"1800042200001475254015",A0200001458940WO,A0200000401865WO,WB2604-0029,NFD28-H50 TRẮNG,NFD28-H50H50,NFD28-H50,H50,"",B5,NFD28-H50H50,3.1070,1.0000,0.0000,0.0000,3.1070,1.00,"",79067,79023,0,WO2606-0039--Mousse tấm,"",SX THEO ĐƠN HÀNG,0.00,143.00,2026-07-17 10:13:00.990,,2026-07-17 00:00:00.000,,KK0012.07/26,,0,"",""
FB00042,A0200003709620PN,TP20,SPM128,DCM07,1540.00,2080.00,980.00,tấm,"1800042200001475254016",A0200001458940WO,A0200000401865WO,WB2604-0029,NFD28-H50 TRẮNG,NFD28-H50H50,NFD28-H50,H50,"",B5,NFD28-H50H50,3.1390,1.0000,0.0000,0.0000,3.1390,1.00,"",79067,79023,0,WO2606-0039--Mousse tấm,"",SX THEO ĐƠN HÀNG,0.00,143.00,2026-07-17 10:13:01.010,,2026-07-17 00:00:00.000,,KK0012.07/26,,0,"",""
FB00042,A0200003709611PN,TP20,SPM128,DCM07,1540.00,2080.00,970.00,tấm,"1800042200001475254017",A0200001458940WO,A0200000401865WO,WB2604-0029,NFD28-H50 TRẮNG,NFD28-H50H50,NFD28-H50,H50,"",B5,NFD28-H50H50,3.1070,1.0000,0.0000,0.0000,3.1070,1.00,"",79067,79023,0,WO2606-0039--Mousse tấm,"",SX THEO ĐƠN HÀNG,0.00,143.00,2026-07-17 10:13:00.963,,2026-07-17 00:00:00.000,,KK0012.07/26,,0,"",""
FB00042,A0200003709606PN,TP20,SPM128,DCM07,1540.00,2080.00,970.00,tấm,"1800042200001475254018",A0200001458940WO,A0200000401865WO,WB2604-0029,NFD28-H50 TRẮNG,NFD28-H50H50,NFD28-H50,H50,"",B5,NFD28-H50H50,3.1070,1.0000,0.0000,0.0000,3.1070,1.00,"",79067,79023,0,WO2606-0039--Mousse tấm,"",SX THEO ĐƠN HÀNG,0.00,143.00,2026-07-17 10:13:00.943,,2026-07-17 00:00:00.000,,KK0012.07/26,,0,"",""
FB00043,A0200003709396PX,TP20,SPM088,DCM03,2220.00,2070.00,990.00,tấm,"1800043200001370535003",A0200001370535WO,A0200000365389WO,WB2502-0021,NFD30-H20 TRẮNG,NFD30-H20H20,NFD30-H20,H20,"",A3,NFD30-H20H20,4.5494,1.0000,4.5495,1.0000,-0.0001,0.00,"",79068,79023,0,Dự trù-Nứt /Nứt,"","",0.00,12236.00,2025-02-21 13:57:27.067,2026-07-16 09:46:23.050,2026-05-31 00:00:00.000,2026-07-16 00:00:00.000,TONKHO,XB0034.07/26,0,"",""
FB00043,A0200003700015PX,TP20,SPM088,DCM03,2220.00,2080.00,960.00,tấm,"1800043200001373076003",A0200001373076WO,A0200000367425WO,WB2503-0039,NFD30-H20 TRẮNG,NFD30-H20H20,NFD30-H20,H20,"",A3,NFD30-H20H20,4.4329,1.0000,4.4329,1.0000,0.0000,0.00,"",79068,79023,0,Dự trù-Nứt /Nứt,"","",0.00,10844.00,2025-03-11 15:20:12.497,2026-06-06 11:27:45.427,2026-05-31 00:00:00.000,2026-06-06 00:00:00.000,TONKHO,XB0016.06/26,0,"",""
FB00043,A0200003704075PX,TP20,SPM088,DCM03,1620.00,2020.00,1000.00,tấm,"1800043200001406647001",A0200001406647WO,A0200000379878WO,WB2508-0086,NFD30-H20 TRẮNG,NFD30-H20H20,NFD30-H20,H20,"",A1,NFD30-H20H20,3.2724,1.0000,3.2724,1.0000,0.0000,0.00,"",79068,79023,0,Dự trù/SST-171--Mousse tấm,"","",0.00,7394.00,2025-08-21 13:47:25.793,2026-06-25 15:04:19.823,2026-05-31 00:00:00.000,2026-06-23 00:00:00.000,TONKHO,XB0050.06/26,0,"",""
FB00043,A0200003703228PX,TP20,SPM088,DCM03,1620.00,2020.00,950.00,tấm,"1800043200001406647002",A0200001406647WO,A0200000379878WO,WB2508-0086,NFD30-H20 TRẮNG,NFD30-H20H20,NFD30-H20,H20,"","",NFD30-H20H20,6.2176,2.0000,3.1088,1.0000,3.1088,1.00,"",79068,79023,0,Dự trù,"",SX DU,0.00,17.00,2026-06-22 16:27:11.233,2026-06-23 09:08:03.593,2026-06-22 00:00:00.000,2026-06-22 00:00:00.000,XB0048.06/26,XB0048.06/26,0,"",""
FB00043,A0200003706335PX,TP20,SPM088,DCM03,1510.00,2070.00,950.00,tấm,"1800043200001449061001",A0200001449061WO,A0200000397787WO,WB2603-0007,NFD30-H20 TRẮNG,NFD30-H20H20,NFD30-H20,H20,"",B2,NFD30-H20H20,2.9694,1.0000,2.9694,1.0000,0.0000,0.00,"",79068,79023,0,SST-165--Mousse tấm,"","",0.00,2808.00,2026-03-07 14:33:17.190,2026-07-02 14:37:45.710,2026-05-31 00:00:00.000,2026-06-26 00:00:00.000,TONKHO,XB0055.06/26,0,"",""
FB00043,A0200003700014PX,TP20,SPM088,DCM03,1970.00,2060.00,970.00,tấm,"1800043200001453157001",A0200001453157WO,A0200000399024WO,WB2603-0026,NFD30-H20 TRẮNG,NFD30-H20H20,NFD30-H20,H20,"",B2,NFD30-H20H20,3.9365,1.0000,3.9365,1.0000,0.0000,0.00,"",79068,79023,0,MSP-093--Mousse tấm/SST-171--Mousse tấm,"","",0.00,1778.00,2026-03-24 09:50:53.080,2026-06-06 11:27:45.390,2026-05-31 00:00:00.000,2026-06-06 00:00:00.000,TONKHO,XB0016.06/26,0,"",""
FB00043,A0200003709799PX,TP20,SPM088,DCM03,1790.00,2070.00,960.00,tấm,"1800043200001460697001",A0200001460697WO,A0200000402432WO,WB2604-0038,NFD30-H20 TRẮNG,NFD30-H20H20,NFD30-H20,H20,"","",NFD30-H20H20,7.1142,2.0000,3.5571,1.0000,3.5571,1.00,"",79068,79023,0,NGD-017--Mousse tấm,"","",0.00,45.00,2026-07-15 15:32:37.930,2026-07-17 12:51:29.427,2026-07-15 00:00:00.000,2026-07-15 00:00:00.000,XB0033.07/26,XB0033.07/26,0,"",""
FB00043,A0200003708611PX,TP20,SPM088,DCM03,1840.00,2080.00,1000.00,tấm,"1800043200001467879001",A0200001467879WO,A0200000404850WO,WB2606-0009,NFD30-H20 TRẮNG,NFD30-H20H20,NFD30-H20,H20,"",B5,NFD30-H20H20,3.8270,1.0000,3.8270,1.0000,0.0000,0.00,"",79068,79023,0,SST-172--Mousse tấm,"",SX THEO DON HANG,0.00,791.00,2026-06-10 10:11:42.667,2026-07-13 09:15:56.940,2026-06-10 00:00:00.000,2026-07-13 00:00:00.000,KK0007.06/26,XB0027.07/26,0,"",""
FB00043,A0200003701902PX,TP20,SPM088,DCM03,1850.00,2080.00,990.00,tấm,"1800043200001467879002",A0200001467879WO,A0200000404850WO,WB2606-0009,NFD30-H20 TRẮNG,NFD30-H20H20,NFD30-H20,H20,"",B5,NFD30-H20H20,3.8100,1.0000,3.8100,1.0000,0.0000,0.00,"",79068,79023,0,SST-172--Mousse tấm,"",SX THEO DON HANG,0.00,172.00,2026-06-10 10:11:42.703,2026-06-17 14:33:27.657,2026-06-10 00:00:00.000,2026-06-17 00:00:00.000,KK0007.06/26,XB0038.06/26,0,"",""
FB00043,A0200003709798PX,TP20,SPM088,DCM03,1000.00,2080.00,990.00,tấm,"1800043200001468124001",A0200001468124WO,A0200000404895WO,WB2606-0010,NFD30-H20 TRẮNG,NFD30-H20H20,NFD30-H20,H20,"",B5,NFD30-H20H20,4.1180,2.0000,2.0590,1.0000,2.0590,1.00,"",79068,79023,0,"","",SX THEO DON HANG,0.00,890.00,2026-06-10 10:11:42.630,2026-07-17 12:51:29.420,2026-07-15 00:00:00.000,2026-07-15 00:00:00.000,XB0033.07/26,XB0033.07/26,0,"",RedColor
FB00044,A0200003701703PX,TP20,SPM089,DCM15,1630.00,1960.00,940.00,tấm,"1800044200001457700001",A0200001457700WO,A0200000401428WO,WB2604-0016,NFD30-H40 TRẮNG,NFD30-H40H40,NFD30-H40,H40,"",A1,NFD30-H40H40,3.0031,1.0000,3.0031,1.0000,0.0000,0.00,"",79069,79023,0,"","","",0.00,380.00,2026-06-01 13:53:41.297,2026-06-17 09:07:27.533,2026-05-31 00:00:00.000,2026-06-17 00:00:00.000,TONKHO,XB0037.06/26,0,"",""
FB00044,A0200003701963PX,TP20,SPM089,DCM15,1550.00,2020.00,1060.00,tấm,"1800044200001463416001",A0200001463416WO,A0200000403258WO,WB2605-0016,NFD30-H40 TRẮNG,NFD30-H40H40,NFD30-H40,H40,"",B24,NFD30-H40H40,3.3189,1.0000,3.3189,1.0000,0.0000,0.00,"",79069,79023,0,ADX-ADX-PU294-05-2026,"","",0.00,797.00,2026-05-15 10:54:11.630,2026-06-17 15:52:32.593,2026-05-31 00:00:00.000,2026-06-17 00:00:00.000,TONKHO,XB0037.06/26,0,"",""
FB00044,A0200003701700PX,TP20,SPM089,DCM15,2160.00,2020.00,1040.00,tấm,"1800044200001463417001",A0200001463417WO,A0200000403258WO,WB2605-0016,NFD30-H40 TRẮNG,NFD30-H40H40,NFD30-H40,H40,"",B24,NFD30-H40H40,4.5377,1.0000,4.5377,1.0000,0.0000,0.00,"",79069,79023,0,ADX-ADX-PU294-05-2026,"","",0.00,791.00,2026-05-15 10:54:11.567,2026-06-17 09:07:27.467,2026-05-31 00:00:00.000,2026-06-17 00:00:00.000,TONKHO,XB0037.06/26,0,"",""
FB00044,A0200003701701PX,TP20,SPM089,DCM15,2160.00,2020.00,1050.00,tấm,"1800044200001463418001",A0200001463418WO,A0200000403258WO,WB2605-0016,NFD30-H40 TRẮNG,NFD30-H40H40,NFD30-H40,H40,"",B24,NFD30-H40H40,4.5814,1.0000,4.5814,1.0000,0.0000,0.00,"",79069,79023,0,ADX-ADX-DT,"","",0.00,791.00,2026-05-15 10:54:11.580,2026-06-17 09:07:27.490,2026-05-31 00:00:00.000,2026-06-17 00:00:00.000,TONKHO,XB0037.06/26,0,"",""
FB00044,A0200003698546PN,TP20,SPM089,DCM15,1630.00,2020.00,1010.00,tấm,"1800044200001466127001",A0200001466127WO,A0200000404268WO,WB2605-0037,NFD30-H40 TRẮNG,NFD30-H40H40,NFD30-H40,H40,"",B7,NFD30-H40H40,3.3255,1.0000,3.3255,1.0000,0.0000,0.00,"",79069,79023,0,ATC FURNITURE-ATC-63.05.26-NM,"","",0.00,66.00,2026-05-30 14:13:15.013,2026-06-02 08:06:36.110,2026-05-31 00:00:00.000,2026-06-02 00:00:00.000,TONKHO,XB0005.06/26,0,"",""
FB00044,A0200003698548PN,TP20,SPM089,DCM15,1650.00,2020.00,980.00,tấm,"1800044200001466127002",A0200001466127WO,A0200000404268WO,WB2605-0037,NFD30-H40 TRẮNG,NFD30-H40H40,NFD30-H40,H40,"",B7,NFD30-H40H40,3.2663,1.0000,3.2663,1.0000,0.0000,0.00,"",79069,79023,0,ATC FURNITURE-ATC-63.05.26-NM,"","",0.00,66.00,2026-05-30 14:13:15.077,2026-06-02 08:06:36.170,2026-05-31 00:00:00.000,2026-06-02 00:00:00.000,TONKHO,XB0005.06/26,0,"",""
FB00044,A0200003698547PN,TP20,SPM089,DCM15,1630.00,2020.00,1000.00,tấm,"1800044200001466128001",A0200001466128WO,A0200000404268WO,WB2605-0037,NFD30-H40 TRẮNG,NFD30-H40H40,NFD30-H40,H40,"",B7,NFD30-H40H40,3.2926,1.0000,3.2926,1.0000,0.0000,0.00,"",79069,79023,0,ATC FURNITURE-ATC-63.05.26-NM,"","",0.00,66.00,2026-05-30 14:13:15.030,2026-06-02 08:06:36.127,2026-05-31 00:00:00.000,2026-06-02 00:00:00.000,TONKHO,XB0005.06/26,0,"",""
FB00044,A0200003698545PN,TP20,SPM089,DCM15,1630.00,2020.00,1020.00,tấm,"1800044200001466128002",A0200001466128WO,A0200000404268WO,WB2605-0037,NFD30-H40 TRẮNG,NFD30-H40H40,NFD30-H40,H40,"",B7,NFD30-H40H40,3.3585,1.0000,3.3585,1.0000,0.0000,0.00,"",79069,79023,0,ATC FURNITURE-ATC-63.05.26-NM,"","",0.00,66.00,2026-05-30 14:13:14.997,2026-06-02 08:06:36.097,2026-05-31 00:00:00.000,2026-06-02 00:00:00.000,TONKHO,XB0005.06/26,0,"",""
FB00044,A0200003698543PN,TP20,SPM089,DCM15,1620.00,2020.00,1060.00,tấm,"1800044200001466128003",A0200001466128WO,A0200000404268WO,WB2605-0037,NFD30-H40 TRẮNG,NFD30-H40H40,NFD30-H40,H40,"",B7,NFD30-H40H40,3.4687,1.0000,3.4687,1.0000,0.0000,0.00,"",79069,79023,0,ATC FURNITURE-ATC-63.05.26-NM,"","",0.00,66.00,2026-05-30 14:13:14.963,2026-06-02 08:06:36.067,2026-05-31 00:00:00.000,2026-06-02 00:00:00.000,TONKHO,XB0005.06/26,0,"",""
FB00044,A0200003698542PN,TP20,SPM089,DCM15,1650.00,2020.00,1070.00,tấm,"1800044200001466129001",A0200001466129WO,A0200000404268WO,WB2605-0037,NFD30-H40 TRẮNG,NFD30-H40H40,NFD30-H40,H40,"",B7,NFD30-H40H40,3.5663,1.0000,3.5663,1.0000,0.0000,0.00,"",79069,79023,0,ATC FURNITURE-ATC-63.05.26-NM,"","",0.00,66.00,2026-05-30 14:13:14.947,2026-06-02 08:06:36.053,2026-05-31 00:00:00.000,2026-06-02 00:00:00.000,TONKHO,XB0005.06/26,0,"",""
FB00044,A0200003698544PN,TP20,SPM089,DCM15,1630.00,2020.00,1040.00,tấm,"1800044200001466130001",A0200001466130WO,A0200000404268WO,WB2605-0037,NFD30-H40 TRẮNG,NFD30-H40H40,NFD30-H40,H40,"",B7,NFD30-H40H40,3.4243,1.0000,3.4243,1.0000,0.0000,0.00,"",79069,79023,0,ATC FURNITURE-ATC-63.05.26-NM,"","",0.00,66.00,2026-05-30 14:13:14.980,2026-06-02 08:06:36.083,2026-05-31 00:00:00.000,2026-06-02 00:00:00.000,TONKHO,XB0005.06/26,0,"",""
FB00044,A0200003698541PN,TP20,SPM089,DCM15,1640.00,2020.00,1070.00,tấm,"1800044200001466130002",A0200001466130WO,A0200000404268WO,WB2605-0037,NFD30-H40 TRẮNG,NFD30-H40H40,NFD30-H40,H40,"",B7,NFD30-H40H40,3.5447,1.0000,3.5447,1.0000,0.0000,0.00,"",79069,79023,0,ATC FURNITURE-ATC-63.05.26-NM,"","",0.00,66.00,2026-05-30 14:13:14.930,2026-06-02 08:06:36.043,2026-05-31 00:00:00.000,2026-06-02 00:00:00.000,TONKHO,XB0005.06/26,0,"",""
FB00044,A0200003698539PN,TP20,SPM089,DCM15,1620.00,2020.00,1060.00,tấm,"1800044200001466130003",A0200001466130WO,A0200000404268WO,WB2605-0037,NFD30-H40 TRẮNG,NFD30-H40H40,NFD30-H40,H40,"",B7,NFD30-H40H40,3.4687,1.0000,3.4687,1.0000,0.0000,0.00,"",79069,79023,0,ATC FURNITURE-ATC-63.05.26-NM,"","",0.00,66.00,2026-05-30 14:13:14.897,2026-06-02 08:06:36.030,2026-05-31 00:00:00.000,2026-06-02 00:00:00.000,TONKHO,XB0005.06/26,0,"",""
FB00044,A0200003698538PN,TP20,SPM089,DCM15,1640.00,2020.00,1020.00,tấm,"1800044200001466130004",A0200001466130WO,A0200000404268WO,WB2605-0037,NFD30-H40 TRẮNG,NFD30-H40H40,NFD30-H40,H40,"",B7,NFD30-H40H40,3.3791,1.0000,3.3791,1.0000,0.0000,0.00,"",79069,79023,0,ATC FURNITURE-ATC-63.05.26-NM,"","",0.00,66.00,2026-05-30 14:13:14.880,2026-06-02 08:06:36.023,2026-05-31 00:00:00.000,2026-06-02 00:00:00.000,TONKHO,XB0005.06/26,0,"",""
FB00044,A0200003698540PN,TP20,SPM089,DCM15,1640.00,2020.00,1070.00,tấm,"1800044200001466130005",A0200001466130WO,A0200000404268WO,WB2605-0037,NFD30-H40 TRẮNG,NFD30-H40H40,NFD30-H40,H40,"",B7,NFD30-H40H40,3.5447,1.0000,3.5447,1.0000,0.0000,0.00,"",79069,79023,0,ATC FURNITURE-ATC-63.05.26-NM,"","",0.00,66.00,2026-05-30 14:13:14.913,2026-06-02 08:06:36.037,2026-05-31 00:00:00.000,2026-06-02 00:00:00.000,TONKHO,XB0005.06/26,0,"",""
FB00044,A0200003701702PX,TP20,SPM089,DCM15,1630.00,2020.00,920.00,tấm,"1800044200001466186001",A0200001466186WO,A0200000404286WO,WB2605-0039,NFD30-H40 TRẮNG,NFD30-H40H40,NFD30-H40,H40,"",B7,NFD30-H40H40,3.0292,1.0000,3.0292,1.0000,0.0000,0.00,"",79069,79023,0,"","","",0.00,427.00,2026-05-30 14:13:14.833,2026-06-17 09:07:27.520,2026-05-31 00:00:00.000,2026-06-17 00:00:00.000,TONKHO,XB0037.06/26,0,"",""
FB00044,A0200003703603PN,TP20,SPM089,DCM15,2150.00,2110.00,1000.00,tấm,"1800044200001470438001",A0200001470438WO,A0200000405679WO,WB2606-0025,NFD30-H40 TRẮNG,NFD30-H40H40,NFD30-H40,H40,"",B5,NFD30-H40H40,4.5370,1.0000,0.0000,0.0000,4.5370,1.00,"",79069,79023,0,BINH BFC-BFC- 5608HVS0426,"",SX THEO ĐƠN HÀNG,0.00,692.00,2026-06-24 13:23:09.000,,2026-06-24 00:00:00.000,,KK0016.06/26,,0,"",RedColor
FB00044,A0200003703678PX,TP20,SPM089,DCM15,1790.00,2110.00,920.00,tấm,"1800044200001470439001",A0200001470439WO,A0200000405679WO,WB2606-0025,NFD30-H40 TRẮNG,NFD30-H40H40,NFD30-H40,H40,"",B5,NFD30-H40H40,3.4750,1.0000,3.4750,1.0000,0.0000,0.00,"",79069,79023,0,BINH BFC-BFC-5607HVS0326-sample,"",SX THEO ĐƠN HÀNG,0.00,2.00,2026-06-24 13:23:09.093,2026-06-24 15:26:32.657,2026-06-24 00:00:00.000,2026-06-24 00:00:00.000,KK0016.06/26,XB0052.06/26,0,"",""
FB00044,A0200003709174PX,TP20,SPM089,DCM15,1970.00,2110.00,980.00,tấm,"1800044200001470440001",A0200001470440WO,A0200000405679WO,WB2606-0025,NFD30-H40 TRẮNG,NFD30-H40H40,NFD30-H40,H40,"",B5,NFD30-H40H40,4.0740,1.0000,4.0740,1.0000,0.0000,0.00,"",79069,79023,0,ADX-ADX-PU371,"",SX THEO ĐƠN HÀNG,0.00,505.00,2026-06-24 13:23:09.050,2026-07-15 14:25:57.973,2026-06-24 00:00:00.000,2026-07-15 00:00:00.000,KK0016.06/26,XB0031.07/26,0,"",""
FB00044,A0200003709173PX,TP20,SPM089,DCM15,1970.00,2110.00,960.00,tấm,"1800044200001470440002",A0200001470440WO,A0200000405679WO,WB2606-0025,NFD30-H40 TRẮNG,NFD30-H40H40,NFD30-H40,H40,"",B5,NFD30-H40H40,3.9900,1.0000,3.9900,1.0000,0.0000,0.00,"",79069,79023,0,ADX-ADX-PU371,"",SX THEO ĐƠN HÀNG,0.00,505.00,2026-06-24 13:23:09.047,2026-07-15 14:25:57.967,2026-06-24 00:00:00.000,2026-07-15 00:00:00.000,KK0016.06/26,XB0031.07/26,0,"",""
FB00044,A0200003709177PX,TP20,SPM089,DCM15,1970.00,2110.00,1000.00,tấm,"1800044200001470440003",A0200001470440WO,A0200000405679WO,WB2606-0025,NFD30-H40 TRẮNG,NFD30-H40H40,NFD30-H40,H40,"",B5,NFD30-H40H40,4.1570,1.0000,4.1570,1.0000,0.0000,0.00,"",79069,79023,0,ADX-ADX-PU371,"",SX THEO ĐƠN HÀNG,0.00,505.00,2026-06-24 13:23:09.057,2026-07-15 14:25:58.063,2026-06-24 00:00:00.000,2026-07-15 00:00:00.000,KK0016.06/26,XB0031.07/26,0,"",""
FB00044,A0200003709178PX,TP20,SPM089,DCM15,1960.00,2110.00,1000.00,tấm,"1800044200001470440004",A0200001470440WO,A0200000405679WO,WB2606-0025,NFD30-H40 TRẮNG,NFD30-H40H40,NFD30-H40,H40,"",B5,NFD30-H40H40,4.1360,1.0000,4.1360,1.0000,0.0000,0.00,"",79069,79023,0,ADX-ADX-PU371,"",SX THEO ĐƠN HÀNG,0.00,505.00,2026-06-24 13:23:09.053,2026-07-15 14:25:58.077,2026-06-24 00:00:00.000,2026-07-15 00:00:00.000,KK0016.06/26,XB0031.07/26,0,"",""
FB00044,A0200003709176PX,TP20,SPM089,DCM15,2120.00,2110.00,990.00,tấm,"1800044200001470441001",A0200001470441WO,A0200000405679WO,WB2606-0025,NFD30-H40 TRẮNG,NFD30-H40H40,NFD30-H40,H40,"",B5,NFD30-H40H40,4.4280,1.0000,4.4280,1.0000,0.0000,0.00,"",79069,79023,0,ADX-ADX-PU371,"",SX THEO ĐƠN HÀNG,0.00,505.00,2026-06-24 13:23:08.980,2026-07-15 14:25:58.023,2026-06-24 00:00:00.000,2026-07-15 00:00:00.000,KK0016.06/26,XB0031.07/26,0,"",""
FB00044,A0200003709172PX,TP20,SPM089,DCM15,2130.00,2110.00,1020.00,tấm,"1800044200001470441002",A0200001470441WO,A0200000405679WO,WB2606-0025,NFD30-H40 TRẮNG,NFD30-H40H40,NFD30-H40,H40,"",B5,NFD30-H40H40,4.5840,1.0000,4.5840,1.0000,0.0000,0.00,"",79069,79023,0,ADX-ADX-PU371,"",SX THEO ĐƠN HÀNG,0.00,505.00,2026-06-24 13:23:09.040,2026-07-15 14:25:57.940,2026-06-24 00:00:00.000,2026-07-15 00:00:00.000,KK0016.06/26,XB0031.07/26,0,"",""
FB00044,A0200003706937PX,TP20,SPM089,DCM15,2060.00,2110.00,1020.00,tấm,"1800044200001470442001",A0200001470442WO,A0200000405679WO,WB2606-0025,NFD30-H40 TRẮNG,NFD30-H40H40,NFD30-H40,H40,"",B5,NFD30-H40H40,4.4340,1.0000,4.4340,1.0000,0.0000,0.00,"",79069,79023,0,ATC-PO 31.06.26-NM,"",SX THEO ĐƠN HÀNG,0.00,287.00,2026-06-24 13:23:09.020,2026-07-06 12:32:17.787,2026-06-24 00:00:00.000,2026-07-06 00:00:00.000,KK0016.06/26,XB0011.07/26,0,"",""
FB00044,A0200003703677PX,TP20,SPM089,DCM15,2110.00,2110.00,1010.00,tấm,"1800044200001470443001",A0200001470443WO,A0200000405679WO,WB2606-0025,NFD30-H40 TRẮNG,NFD30-H40H40,NFD30-H40,H40,"",B5,NFD30-H40H40,4.4970,1.0000,4.4970,1.0000,0.0000,0.00,"",79069,79023,0,ĐH ADX+ATC,"",SX THEO ĐƠN HÀNG,0.00,2.00,2026-06-24 13:23:09.080,2026-06-24 15:26:31.310,2026-06-24 00:00:00.000,2026-06-24 00:00:00.000,KK0016.06/26,XB0052.06/26,0,"",""
FB00044,A0200003709180PX,TP20,SPM089,DCM15,830.00,2110.00,920.00,tấm,"1800044200001470705001",A0200001470705WO,A0200000405733WO,WB2606-0026,NFD30-H40 TRẮNG,NFD30-H40H40,NFD30-H40,H40,"",B5,NFD30-H40H40,1.6110,1.0000,1.6110,1.0000,0.0000,0.00,"",79069,79023,0,"","",SX DƯ,0.00,505.00,2026-06-24 13:23:08.963,2026-07-15 14:25:58.140,2026-06-24 00:00:00.000,2026-07-15 00:00:00.000,KK0016.06/26,XB0031.07/26,0,"",""
FB00044,A0200003709754PX,TP20,SPM089,DCM15,2180.00,2080.00,970.00,tấm,"1800044200001475255001",A0200001458940WO,A0200000401865WO,WB2604-0029,NFD30-H40 TRẮNG,NFD30-H40H40,NFD30-H40,H40,"",B11,NFD30-H40H40,4.3980,1.0000,4.3980,1.0000,0.0000,0.00,"",79069,79023,0,ATC FURNITURE-ATC,"",SX THEO ĐƠN HÀNG,0.00,1.00,2026-07-17 10:13:01.350,2026-07-17 11:53:17.043,2026-07-17 00:00:00.000,2026-07-17 00:00:00.000,KK0012.07/26,XB0038.07/26,0,"",""
FB00044,A0200003709660PN,TP20,SPM089,DCM15,2180.00,2080.00,960.00,tấm,"1800044200001475255002",A0200001458940WO,A0200000401865WO,WB2604-0029,NFD30-H40 TRẮNG,NFD30-H40H40,NFD30-H40,H40,"",B11,NFD30-H40H40,4.3530,1.0000,0.0000,0.0000,4.3530,1.00,"",79069,79023,0,ATC FURNITURE-ATC,"",SX THEO ĐƠN HÀNG,0.00,143.00,2026-07-17 10:13:01.353,,2026-07-17 00:00:00.000,,KK0012.07/26,,0,"",""
FB00044,A0200003709753PX,TP20,SPM089,DCM15,2110.00,2080.00,990.00,tấm,"1800044200001475256001",A0200001458940WO,A0200000401865WO,WB2604-0029,NFD30-H40 TRẮNG,NFD30-H40H40,NFD30-H40,H40,"",B11,NFD30-H40H40,4.3450,1.0000,4.3450,1.0000,0.0000,0.00,"",79069,79023,0,ADX-ADX-PU430-1,"",SX THEO ĐƠN HÀNG,0.00,1.00,2026-07-17 10:13:01.317,2026-07-17 11:51:28.163,2026-07-17 00:00:00.000,2026-07-17 00:00:00.000,KK0012.07/26,XB0038.07/26,0,"",""
FB00044,A0200003711397PX,TP20,SPM089,DCM15,1960.00,2080.00,950.00,tấm,"1800044200001475257001",A0200001458940WO,A0200000401865WO,WB2604-0029,NFD30-H40 TRẮNG,NFD30-H40H40,NFD30-H40,H40,"",B11,NFD30-H40H40,3.8730,1.0000,3.8730,1.0000,0.0000,0.00,"",79069,79023,0,ADX-ADX-PU430-2,"",SX THEO ĐƠN HÀNG,0.00,120.00,2026-07-17 10:13:01.280,2026-07-22 10:59:27.610,2026-07-17 00:00:00.000,2026-07-22 00:00:00.000,KK0012.07/26,XB0050.07/26,0,"",""
FB00044,A0200003709967PX,TP20,SPM089,DCM15,1960.00,2080.00,990.00,tấm,"1800044200001475257002",A0200001458940WO,A0200000401865WO,WB2604-0029,NFD30-H40 TRẮNG,NFD30-H40H40,NFD30-H40,H40,"",B11,NFD30-H40H40,4.0360,1.0000,4.0360,1.0000,0.0000,0.00,"",79069,79023,0,ADX-ADX-PU430-2,"",SX THEO ĐƠN HÀNG,0.00,24.00,2026-07-17 10:13:01.310,2026-07-18 10:08:01.237,2026-07-17 00:00:00.000,2026-07-18 00:00:00.000,KK0012.07/26,XB0040.07/26,0,"",""
FB00044,A0200003709646PN,TP20,SPM089,DCM15,1960.00,2080.00,930.00,tấm,"1800044200001475257003",A0200001458940WO,A0200000401865WO,WB2604-0029,NFD30-H40 TRẮNG,NFD30-H40H40,NFD30-H40,H40,"",B11,NFD30-H40H40,3.7910,1.0000,0.0000,0.0000,3.7910,1.00,"",79069,79023,0,ADX-ADX-PU430-2,"",SX THEO ĐƠN HÀNG,0.00,143.00,2026-07-17 10:13:01.253,,2026-07-17 00:00:00.000,,KK0012.07/26,,0,"",""
FB00044,A0200003709965PX,TP20,SPM089,DCM15,1960.00,2080.00,970.00,tấm,"1800044200001475257004",A0200001458940WO,A0200000401865WO,WB2604-0029,NFD30-H40 TRẮNG,NFD30-H40H40,NFD30-H40,H40,"",B11,NFD30-H40H40,3.9540,1.0000,3.9540,1.0000,0.0000,0.00,"",79069,79023,0,ADX-ADX-PU430-2,"",SX THEO ĐƠN HÀNG,0.00,24.00,2026-07-17 10:13:01.307,2026-07-18 10:08:01.217,2026-07-17 00:00:00.000,2026-07-18 00:00:00.000,KK0012.07/26,XB0040.07/26,0,"",""
FB00044,A0200003711398PX,TP20,SPM089,DCM15,1960.00,2080.00,940.00,tấm,"1800044200001475257005",A0200001458940WO,A0200000401865WO,WB2604-0029,NFD30-H40 TRẮNG,NFD30-H40H40,NFD30-H40,H40,"",B11,NFD30-H40H40,3.8320,1.0000,3.8320,1.0000,0.0000,0.00,"",79069,79023,0,ADX-ADX-PU430-2,"",SX THEO ĐƠN HÀNG,0.00,120.00,2026-07-17 10:13:01.273,2026-07-22 10:59:27.620,2026-07-17 00:00:00.000,2026-07-22 00:00:00.000,KK0012.07/26,XB0050.07/26,0,"",""
FB00044,A0200003709641PN,TP20,SPM089,DCM15,1960.00,2080.00,940.00,tấm,"1800044200001475257006",A0200001458940WO,A0200000401865WO,WB2604-0029,NFD30-H40 TRẮNG,NFD30-H40H40,NFD30-H40,H40,"",B11,NFD30-H40H40,3.8320,1.0000,0.0000,0.0000,3.8320,1.00,"",79069,79023,0,ADX-ADX-PU430-2,"",SX THEO ĐƠN HÀNG,0.00,143.00,2026-07-17 10:13:01.220,,2026-07-17 00:00:00.000,,KK0012.07/26,,0,"",""
FB00044,A0200003709645PN,TP20,SPM089,DCM15,1960.00,2080.00,950.00,tấm,"1800044200001475257007",A0200001458940WO,A0200000401865WO,WB2604-0029,NFD30-H40 TRẮNG,NFD30-H40H40,NFD30-H40,H40,"",B11,NFD30-H40H40,3.8730,1.0000,0.0000,0.0000,3.8730,1.00,"",79069,79023,0,ADX-ADX-PU430-2,"",SX THEO ĐƠN HÀNG,0.00,143.00,2026-07-17 10:13:01.247,,2026-07-17 00:00:00.000,,KK0012.07/26,,0,"",""
FB00044,A0200003711396PX,TP20,SPM089,DCM15,1960.00,2080.00,970.00,tấm,"1800044200001475257008",A0200001458940WO,A0200000401865WO,WB2604-0029,NFD30-H40 TRẮNG,NFD30-H40H40,NFD30-H40,H40,"",B11,NFD30-H40H40,3.9540,1.0000,3.9540,1.0000,0.0000,0.00,"",79069,79023,0,ADX-ADX-PU430-2,"",SX THEO ĐƠN HÀNG,0.00,120.00,2026-07-17 10:13:01.300,2026-07-22 10:59:27.600,2026-07-17 00:00:00.000,2026-07-22 00:00:00.000,KK0012.07/26,XB0050.07/26,0,"",""
FB00044,A0200003709649PN,TP20,SPM089,DCM15,1960.00,2080.00,940.00,tấm,"1800044200001475257009",A0200001458940WO,A0200000401865WO,WB2604-0029,NFD30-H40 TRẮNG,NFD30-H40H40,NFD30-H40,H40,"",B11,NFD30-H40H40,3.8320,1.0000,0.0000,0.0000,3.8320,1.00,"",79069,79023,0,ADX-ADX-PU430-2,"",SX THEO ĐƠN HÀNG,0.00,143.00,2026-07-17 10:13:01.270,,2026-07-17 00:00:00.000,,KK0012.07/26,,0,"",""
FB00044,A0200003709640PN,TP20,SPM089,DCM15,1960.00,2080.00,950.00,tấm,"1800044200001475258001",A0200001458940WO,A0200000401865WO,WB2604-0029,NFD30-H40 TRẮNG,NFD30-H40H40,NFD30-H40,H40,"",B11,NFD30-H40H40,3.8730,1.0000,0.0000,0.0000,3.8730,1.00,"",79069,79023,0,ADX-ADX-PU430-1,"",SX THEO ĐƠN HÀNG,0.00,143.00,2026-07-17 10:13:01.217,,2026-07-17 00:00:00.000,,KK0012.07/26,,0,"",""
FB00044,A0200003709644PN,TP20,SPM089,DCM15,1960.00,2080.00,950.00,tấm,"1800044200001475258002",A0200001458940WO,A0200000401865WO,WB2604-0029,NFD30-H40 TRẮNG,NFD30-H40H40,NFD30-H40,H40,"",B11,NFD30-H40H40,3.8730,1.0000,0.0000,0.0000,3.8730,1.00,"",79069,79023,0,ADX-ADX-PU430-1,"",SX THEO ĐƠN HÀNG,0.00,143.00,2026-07-17 10:13:01.243,,2026-07-17 00:00:00.000,,KK0012.07/26,,0,"",""
FB00044,A0200003709966PX,TP20,SPM089,DCM15,1960.00,2080.00,960.00,tấm,"1800044200001475258003",A0200001458940WO,A0200000401865WO,WB2604-0029,NFD30-H40 TRẮNG,NFD30-H40H40,NFD30-H40,H40,"",B11,NFD30-H40H40,3.9140,1.0000,3.9140,1.0000,0.0000,0.00,"",79069,79023,0,ADX-ADX-PU430-1,"",SX THEO ĐƠN HÀNG,0.00,24.00,2026-07-17 10:13:01.297,2026-07-18 10:08:01.227,2026-07-17 00:00:00.000,2026-07-18 00:00:00.000,KK0012.07/26,XB0040.07/26,0,"",""
FB00044,A0200003709648PN,TP20,SPM089,DCM15,1960.00,2080.00,930.00,tấm,"1800044200001475258004",A0200001458940WO,A0200000401865WO,WB2604-0029,NFD30-H40 TRẮNG,NFD30-H40H40,NFD30-H40,H40,"",B11,NFD30-H40H40,3.7910,1.0000,0.0000,0.0000,3.7910,1.00,"",79069,79023,0,ADX-ADX-PU430-1,"",SX THEO ĐƠN HÀNG,0.00,143.00,2026-07-17 10:13:01.263,,2026-07-17 00:00:00.000,,KK0012.07/26,,0,"",""
FB00044,A0200003711401PX,TP20,SPM089,DCM15,1960.00,2080.00,970.00,tấm,"1800044200001475258005",A0200001458940WO,A0200000401865WO,WB2604-0029,NFD30-H40 TRẮNG,NFD30-H40H40,NFD30-H40,H40,"",B11,NFD30-H40H40,3.9540,1.0000,3.9540,1.0000,0.0000,0.00,"",79069,79023,0,ADX-ADX-PU430-1,"",SX THEO ĐƠN HÀNG,0.00,120.00,2026-07-17 10:13:01.213,2026-07-22 10:59:27.677,2026-07-17 00:00:00.000,2026-07-22 00:00:00.000,KK0012.07/26,XB0050.07/26,0,"",""
FB00044,A0200003709643PN,TP20,SPM089,DCM15,1960.00,2080.00,940.00,tấm,"1800044200001475258006",A0200001458940WO,A0200000401865WO,WB2604-0029,NFD30-H40 TRẮNG,NFD30-H40H40,NFD30-H40,H40,"",B11,NFD30-H40H40,3.8320,1.0000,0.0000,0.0000,3.8320,1.00,"",79069,79023,0,ADX-ADX-PU430-1,"",SX THEO ĐƠN HÀNG,0.00,143.00,2026-07-17 10:13:01.240,,2026-07-17 00:00:00.000,,KK0012.07/26,,0,"",""
FB00044,A0200003711399PX,TP20,SPM089,DCM15,1960.00,2080.00,950.00,tấm,"1800044200001475258007",A0200001458940WO,A0200000401865WO,WB2604-0029,NFD30-H40 TRẮNG,NFD30-H40H40,NFD30-H40,H40,"",B11,NFD30-H40H40,3.8730,1.0000,3.8730,1.0000,0.0000,0.00,"",79069,79023,0,ADX-ADX-PU430-1,"",SX THEO ĐƠN HÀNG,0.00,120.00,2026-07-17 10:13:01.290,2026-07-22 10:59:27.630,2026-07-17 00:00:00.000,2026-07-22 00:00:00.000,KK0012.07/26,XB0050.07/26,0,"",""
FB00044,A0200003709647PN,TP20,SPM089,DCM15,1960.00,2080.00,930.00,tấm,"1800044200001475258008",A0200001458940WO,A0200000401865WO,WB2604-0029,NFD30-H40 TRẮNG,NFD30-H40H40,NFD30-H40,H40,"",B11,NFD30-H40H40,3.7910,1.0000,0.0000,0.0000,3.7910,1.00,"",79069,79023,0,ADX-ADX-PU430-1,"",SX THEO ĐƠN HÀNG,0.00,143.00,2026-07-17 10:13:01.257,,2026-07-17 00:00:00.000,,KK0012.07/26,,0,"",""
FB00044,A0200003711395PX,TP20,SPM089,DCM15,1960.00,2080.00,1000.00,tấm,"1800044200001475259001",A0200001458940WO,A0200000401865WO,WB2604-0029,NFD30-H40 TRẮNG,NFD30-H40H40,NFD30-H40,H40,"",B11,NFD30-H40H40,4.0770,1.0000,4.0770,1.0000,0.0000,0.00,"",79069,79023,0,ADX-ADX-PU429,"",SX THEO ĐƠN HÀNG,0.00,120.00,2026-07-17 10:13:01.203,2026-07-22 10:59:27.577,2026-07-17 00:00:00.000,2026-07-22 00:00:00.000,KK0012.07/26,XB0050.07/26,0,"",""
FB00044,A0200003709642PN,TP20,SPM089,DCM15,1960.00,2080.00,940.00,tấm,"1800044200001475259002",A0200001458940WO,A0200000401865WO,WB2604-0029,NFD30-H40 TRẮNG,NFD30-H40H40,NFD30-H40,H40,"",B11,NFD30-H40H40,3.8320,1.0000,0.0000,0.0000,3.8320,1.00,"",79069,79023,0,ADX-ADX-PU429,"",SX THEO ĐƠN HÀNG,0.00,143.00,2026-07-17 10:13:01.233,,2026-07-17 00:00:00.000,,KK0012.07/26,,0,"",""
FB00044,A0200003711400PX,TP20,SPM089,DCM15,1960.00,2080.00,950.00,tấm,"1800044200001475259003",A0200001458940WO,A0200000401865WO,WB2604-0029,NFD30-H40 TRẮNG,NFD30-H40H40,NFD30-H40,H40,"",B11,NFD30-H40H40,3.8730,1.0000,3.8730,1.0000,0.0000,0.00,"",79069,79023,0,ADX-ADX-PU429,"",SX THEO ĐƠN HÀNG,0.00,120.00,2026-07-17 10:13:01.283,2026-07-22 10:59:27.667,2026-07-17 00:00:00.000,2026-07-22 00:00:00.000,KK0012.07/26,XB0050.07/26,0,"",""
FB00044,A0200003711402PX,TP20,SPM089,DCM15,1600.00,2080.00,1030.00,tấm,"1800044200001475260001",A0200001458940WO,A0200000401865WO,WB2604-0029,NFD30-H40 TRẮNG,NFD30-H40H40,NFD30-H40,H40,"",B11,NFD30-H40H40,3.4280,1.0000,3.4280,1.0000,0.0000,0.00,"",79069,79023,0,ADX-ADX-PU430-1,"",SX THEO ĐƠN HÀNG,0.00,120.00,2026-07-17 10:13:01.173,2026-07-22 10:59:27.710,2026-07-17 00:00:00.000,2026-07-22 00:00:00.000,KK0012.07/26,XB0050.07/26,0,"",""
FB00044,A0200003711403PX,TP20,SPM089,DCM15,1300.00,2080.00,1010.00,tấm,"1800044200001475261001",A0200001458940WO,A0200000401865WO,WB2604-0029,NFD30-H40 TRẮNG,NFD30-H40H40,NFD30-H40,H40,"",B11,NFD30-H40H40,2.7310,1.0000,2.7310,1.0000,0.0000,0.00,"",79069,79023,0,ADX-ADX-PU430-1,"",SX THEO ĐƠN HÀNG,0.00,120.00,2026-07-17 10:13:01.170,2026-07-22 10:59:27.720,2026-07-17 00:00:00.000,2026-07-22 00:00:00.000,KK0012.07/26,XB0050.07/26,0,"",""
FB00044,A0200003709755PX,TP20,SPM089,DCM15,2250.00,2080.00,1010.00,tấm,"1800044200001475262001",A0200001458940WO,A0200000401865WO,WB2604-0029,NFD30-H40 TRẮNG,NFD30-H40H40,NFD30-H40,H40,"",B11,NFD30-H40H40,4.7270,1.0000,4.7270,1.0000,0.0000,0.00,"",79069,79023,0,ATC FURNITURE-ATC-14.07.26-NM,"",SX THEO ĐƠN HÀNG,0.00,1.00,2026-07-17 10:13:01.157,2026-07-17 11:53:17.107,2026-07-17 00:00:00.000,2026-07-17 00:00:00.000,KK0012.07/26,XB0038.07/26,0,"",""
FB00044,A0200003709634PN,TP20,SPM089,DCM15,2180.00,2080.00,960.00,tấm,"1800044200001475263001",A0200001458940WO,A0200000401865WO,WB2604-0029,NFD30-H40 TRẮNG,NFD30-H40H40,NFD30-H40,H40,"",B11,NFD30-H40H40,4.3530,1.0000,0.0000,0.0000,4.3530,1.00,"",79069,79023,0,ATC FURNITURE-ATC-14.07.26-NM,"",SX THEO ĐƠN HÀNG,0.00,143.00,2026-07-17 10:13:01.137,,2026-07-17 00:00:00.000,,KK0012.07/26,,0,"",""
FB00045,A0200003701876PX,TP20,SPM074,DCM07,2020.00,2070.00,1070.00,tấm,"1800045200001441386002",A0200001441386WO,A0200000395568WO,WB2601-0030,NFD30-H50 TRẮNG,NFD30-H50H50,NFD30-H50,H50,"",B25,NFD30-H50H50,4.4741,1.0000,4.4741,1.0000,0.0000,0.00,"",79070,79023,0,AMC-042--Mousse tấm,"","",0.00,3409.00,2026-01-26 13:52:13.647,2026-06-17 14:05:21.380,2026-05-31 00:00:00.000,2026-06-17 00:00:00.000,TONKHO,XB0036.06/26,0,"",""
FB00045,A0200003701877PX,TP20,SPM074,DCM07,2050.00,2080.00,1020.00,tấm,"1800045200001446161001",A0200001446161WO,A0200000396819WO,WB2602-0011,NFD30-H50 TRẮNG,NFD30-H50H50,NFD30-H50,H50,"",B2,NFD30-H50H50,4.3493,1.0000,4.3493,1.0000,0.0000,0.00,"",79070,79023,0,SST-159--Mousse tấm/GRH-070--Mousse tấm,"","",0.00,3025.00,2026-02-11 13:30:42.433,2026-06-17 14:05:21.390,2026-05-31 00:00:00.000,2026-06-17 00:00:00.000,TONKHO,XB0036.06/26,0,"",""
FB00045,A0200003698994PX,TP20,SPM074,DCM07,1860.00,2080.00,990.00,tấm,"1800045200001446163001",A0200001446163WO,A0200000396819WO,WB2602-0011,NFD30-H50 TRẮNG,NFD30-H50H50,NFD30-H50,H50,"",B8,NFD30-H50H50,3.8301,1.0000,3.8301,1.0000,0.0000,0.00,"",79070,79023,0,SST-159--Mousse tấm/SST-171--Mousse tấm,"","",0.00,2684.00,2026-02-11 13:30:42.480,2026-06-03 09:25:20.200,2026-05-31 00:00:00.000,2026-06-03 00:00:00.000,TONKHO,XB0009.06/26,0,"",""
FB00045,A0200003698995PX,TP20,SPM074,DCM07,1550.00,2080.00,1020.00,tấm,"1800045200001446167001",A0200001446167WO,A0200000396819WO,WB2602-0011,NFD30-H50 TRẮNG,NFD30-H50H50,NFD30-H50,H50,"",B8,NFD30-H50H50,3.2885,1.0000,3.2885,1.0000,0.0000,0.00,"",79070,79023,0,SST-159--Mousse tấm/SST-171--Mousse tấm,"","",0.00,2684.00,2026-02-11 13:30:42.400,2026-06-03 09:25:20.270,2026-05-31 00:00:00.000,2026-06-03 00:00:00.000,TONKHO,XB0009.06/26,0,"",""
FB00045,A0200003698636PN,TP20,SPM074,DCM07,1540.00,2070.00,1060.00,tấm,"1800045200001460702002",A0200001460702WO,A0200000402432WO,WB2604-0038,NFD30-H50 TRẮNG,NFD30-H50H50,NFD30-H50,H50,"",B2,NFD30-H50H50,3.3791,1.0000,3.3791,1.0000,0.0000,0.00,"",79070,79023,0,NGD-017--Mousse tấm/SST-171--Mousse tấm,"","",0.00,692.00,2026-05-04 12:28:14.603,2026-06-02 08:17:45.880,2026-05-31 00:00:00.000,2026-06-02 00:00:00.000,TONKHO,XB0006.06/26,0,"",""
FB00045,A0200003698550PN,TP20,SPM074,DCM07,1540.00,2070.00,850.00,tấm,"1800045200001463008002",A0200001463008WO,A0200000403149WO,WB2605-0013,NFD30-H50 TRẮNG,NFD30-H50H50,NFD30-H50,H50,"",B6,NFD30-H50H50,2.7096,1.0000,2.7096,1.0000,0.0000,0.00,"",79070,79023,0,SST-170--Mousse tấm/SST-171--Mousse tấm,"","",0.00,454.00,2026-05-14 10:45:11.017,2026-06-02 08:17:45.887,2026-05-31 00:00:00.000,2026-06-02 00:00:00.000,TONKHO,XB0006.06/26,0,"",""
FB00045,A0200003699532PX,TP20,SPM074,DCM07,1390.00,2070.00,1040.00,tấm,"1800045200001463009001",A0200001463009WO,A0200000403149WO,WB2605-0013,NFD30-H50 TRẮNG,NFD30-H50H50,NFD30-H50,H50,"",B6,NFD30-H50H50,2.9924,1.0000,2.9924,1.0000,0.0000,0.00,"",79070,79023,0,SST-170--Mousse tấm,"","",0.00,528.00,2026-05-14 10:45:11.250,2026-06-05 10:08:07.950,2026-05-31 00:00:00.000,2026-06-02 00:00:00.000,TONKHO,XB0006.06/26,0,"",""
FB00045,A0200003700148PX,TP20,SPM074,DCM07,1860.00,2070.00,1000.00,tấm,"1800045200001463010003",A0200001463010WO,A0200000403149WO,WB2605-0013,NFD30-H50 TRẮNG,NFD30-H50H50,NFD30-H50,H50,"",B6,NFD30-H50H50,3.8502,1.0000,3.8502,1.0000,0.0000,0.00,"",79070,79023,0,SST-170--Mousse tấm/SST-171--Mousse tấm,"","",0.00,602.00,2026-05-14 10:45:11.437,2026-06-08 12:54:31.960,2026-05-31 00:00:00.000,2026-06-08 00:00:00.000,TONKHO,XB0019.06/26,0,"",""
FB00045,A0200003698353PN,TP20,SPM074,DCM07,1850.00,2070.00,1010.00,tấm,"1800045200001465004001",A0200001465004WO,A0200000403863WO,WB2605-0028,NFD30-H50 TRẮNG,NFD30-H50H50,NFD30-H50,H50,"",B26,NFD30-H50H50,3.8678,1.0000,3.8678,1.0000,0.0000,0.00,"",79070,79023,0,SST-171--Mousse tấm,"","",0.00,238.00,2026-05-23 10:24:35.097,2026-06-02 08:17:45.563,2026-05-31 00:00:00.000,2026-06-02 00:00:00.000,TONKHO,XB0006.06/26,0,"",""
FB00045,A0200003698362PN,TP20,SPM074,DCM07,1860.00,2070.00,960.00,tấm,"1800045200001465004002",A0200001465004WO,A0200000403863WO,WB2605-0028,NFD30-H50 TRẮNG,NFD30-H50H50,NFD30-H50,H50,"",B26,NFD30-H50H50,3.6962,1.0000,3.6962,1.0000,0.0000,0.00,"",79070,79023,0,SST-171--Mousse tấm,"","",0.00,238.00,2026-05-23 10:24:35.157,2026-06-02 08:17:45.610,2026-05-31 00:00:00.000,2026-06-02 00:00:00.000,TONKHO,XB0006.06/26,0,"",""
FB00045,A0200003698361PN,TP20,SPM074,DCM07,1880.00,2070.00,960.00,tấm,"1800045200001465004003",A0200001465004WO,A0200000403863WO,WB2605-0028,NFD30-H50 TRẮNG,NFD30-H50H50,NFD30-H50,H50,"",B26,NFD30-H50H50,3.7359,1.0000,3.7359,1.0000,0.0000,0.00,"",79070,79023,0,SST-171--Mousse tấm,"","",0.00,238.00,2026-05-23 10:24:35.140,2026-06-02 08:17:45.603,2026-05-31 00:00:00.000,2026-06-02 00:00:00.000,TONKHO,XB0006.06/26,0,"",""
FB00045,A0200003698350PN,TP20,SPM074,DCM07,1880.00,2070.00,950.00,tấm,"1800045200001465004004",A0200001465004WO,A0200000403863WO,WB2605-0028,NFD30-H50 TRẮNG,NFD30-H50H50,NFD30-H50,H50,"",B26,NFD30-H50H50,3.6970,1.0000,3.6970,1.0000,0.0000,0.00,"",79070,79023,0,SST-171--Mousse tấm,"","",0.00,238.00,2026-05-23 10:24:35.170,2026-06-02 08:17:45.617,2026-05-31 00:00:00.000,2026-06-02 00:00:00.000,TONKHO,XB0006.06/26,0,"",""
FB00045,A0200003698352PN,TP20,SPM074,DCM07,1880.00,2070.00,1010.00,tấm,"1800045200001465004005",A0200001465004WO,A0200000403863WO,WB2605-0028,NFD30-H50 TRẮNG,NFD30-H50H50,NFD30-H50,H50,"",B26,NFD30-H50H50,3.9305,1.0000,3.9305,1.0000,0.0000,0.00,"",79070,79023,0,SST-171--Mousse tấm,"","",0.00,238.00,2026-05-23 10:24:35.080,2026-06-02 08:17:45.553,2026-05-31 00:00:00.000,2026-06-02 00:00:00.000,TONKHO,XB0006.06/26,0,"",""
FB00045,A0200003698351PN,TP20,SPM074,DCM07,1540.00,2070.00,1040.00,tấm,"1800045200001465005001",A0200001465005WO,A0200000403863WO,WB2605-0028,NFD30-H50 TRẮNG,NFD30-H50H50,NFD30-H50,H50,"",B26,NFD30-H50H50,3.3153,1.0000,3.3153,1.0000,0.0000,0.00,"",79070,79023,0,SST-171--Mousse tấm,"","",0.00,238.00,2026-05-23 10:24:35.047,2026-06-02 08:17:45.533,2026-05-31 00:00:00.000,2026-06-02 00:00:00.000,TONKHO,XB0006.06/26,0,"",""
FB00045,A0200003699528PX,TP20,SPM074,DCM07,1550.00,2070.00,1040.00,tấm,"1800045200001465005002",A0200001465005WO,A0200000403863WO,WB2605-0028,NFD30-H50 TRẮNG,NFD30-H50H50,NFD30-H50,H50,"",B26,NFD30-H50H50,3.3368,1.0000,3.3368,1.0000,0.0000,0.00,"",79070,79023,0,SST-171--Mousse tấm,"","",0.00,312.00,2026-05-23 10:24:35.027,2026-06-05 10:00:11.113,2026-05-31 00:00:00.000,2026-06-02 00:00:00.000,TONKHO,XB0006.06/26,0,"",""
FB00045,A0200003698360PN,TP20,SPM074,DCM07,1540.00,2070.00,1030.00,tấm,"1800045200001465005003",A0200001465005WO,A0200000403863WO,WB2605-0028,NFD30-H50 TRẮNG,NFD30-H50H50,NFD30-H50,H50,"",B26,NFD30-H50H50,3.2834,1.0000,3.2834,1.0000,0.0000,0.00,"",79070,79023,0,SST-171--Mousse tấm,"","",0.00,238.00,2026-05-23 10:24:35.063,2026-06-02 08:17:45.543,2026-05-31 00:00:00.000,2026-06-02 00:00:00.000,TONKHO,XB0006.06/26,0,"",""
FB00045,A0200003698354PN,TP20,SPM074,DCM07,1860.00,2070.00,1040.00,tấm,"1800045200001465007001",A0200001465007WO,A0200000403863WO,WB2605-0028,NFD30-H50 TRẮNG,NFD30-H50H50,NFD30-H50,H50,"",B26,NFD30-H50H50,4.0042,1.0000,4.0042,1.0000,0.0000,0.00,"",79070,79023,0,Đơn hàng CN,"","",0.00,244.00,2026-05-23 10:24:34.900,2026-06-02 14:50:11.153,2026-05-31 00:00:00.000,2026-06-02 00:00:00.000,TONKHO,XB0004.06/26,0,"",""
FB00045,A0200003698355PN,TP20,SPM074,DCM07,1860.00,2070.00,1010.00,tấm,"1800045200001465007002",A0200001465007WO,A0200000403863WO,WB2605-0028,NFD30-H50 TRẮNG,NFD30-H50H50,NFD30-H50,H50,"",B26,NFD30-H50H50,3.8887,1.0000,3.8887,1.0000,0.0000,0.00,"",79070,79023,0,Đơn hàng CN,"","",0.00,244.00,2026-05-23 10:24:34.887,2026-06-02 14:50:11.147,2026-05-31 00:00:00.000,2026-06-02 00:00:00.000,TONKHO,XB0004.06/26,0,"",""
FB00045,A0200003700141PX,TP20,SPM074,DCM07,1350.00,2020.00,1030.00,tấm,"1800045200001467305001",A0200001467305WO,A0200000404678WO,WB2606-0006,NFD30-H50 TRẮNG,NFD30-H50H50,NFD30-H50,H50,"","990",NFD30-H50H50,2.8090,1.0000,2.8090,1.0000,0.0000,0.00,"",79070,79023,0,HOÀNG ĐỨC THỊNH-HĐT-PO 2026-05-ECK,"",SX THEO DON HANG,0.00,50.00,2026-06-06 10:20:38.153,2026-06-08 12:41:38.027,2026-06-06 00:00:00.000,2026-06-08 00:00:00.000,KK0005.06/26,XB0019.06/26,0,"",""
FB00045,A0200003700143PX,TP20,SPM074,DCM07,1350.00,2020.00,1030.00,tấm,"1800045200001467305002",A0200001467305WO,A0200000404678WO,WB2606-0006,NFD30-H50 TRẮNG,NFD30-H50H50,NFD30-H50,H50,"","980",NFD30-H50H50,2.8090,1.0000,2.8090,1.0000,0.0000,0.00,"",79070,79023,0,HOÀNG ĐỨC THỊNH-HĐT-PO 2026-05-ECK,"",SX THEO DON HANG,0.00,50.00,2026-06-06 10:20:38.120,2026-06-08 12:41:38.053,2026-06-06 00:00:00.000,2026-06-08 00:00:00.000,KK0005.06/26,XB0019.06/26,0,"",""
FB00045,A0200003700142PX,TP20,SPM074,DCM07,1350.00,2020.00,1030.00,tấm,"1800045200001467305003",A0200001467305WO,A0200000404678WO,WB2606-0006,NFD30-H50 TRẮNG,NFD30-H50H50,NFD30-H50,H50,"","990",NFD30-H50H50,2.8090,1.0000,2.8090,1.0000,0.0000,0.00,"",79070,79023,0,HOÀNG ĐỨC THỊNH-HĐT-PO 2026-05-ECK,"",SX THEO DON HANG,0.00,50.00,2026-06-06 10:20:38.137,2026-06-08 12:41:38.040,2026-06-06 00:00:00.000,2026-06-08 00:00:00.000,KK0005.06/26,XB0019.06/26,0,"",""
FB00045,A0200003700144PX,TP20,SPM074,DCM07,1950.00,2020.00,1030.00,tấm,"1800045200001467306001",A0200001467306WO,A0200000404678WO,WB2606-0006,NFD30-H50 TRẮNG,NFD30-H50H50,NFD30-H50,H50,"","1010",NFD30-H50H50,4.0570,1.0000,4.0570,1.0000,0.0000,0.00,"",79070,79023,0,HOÀNG ĐỨC THỊNH-HĐT-PO 2026-05-ECK,"",SX THEO DON HANG,0.00,50.00,2026-06-06 10:20:38.213,2026-06-08 12:41:38.093,2026-06-06 00:00:00.000,2026-06-08 00:00:00.000,KK0005.06/26,XB0019.06/26,0,"",""
FB00045,A0200003700147PX,TP20,SPM074,DCM07,1950.00,2020.00,1030.00,tấm,"1800045200001467306002",A0200001467306WO,A0200000404678WO,WB2606-0006,NFD30-H50 TRẮNG,NFD30-H50H50,NFD30-H50,H50,"","1030",NFD30-H50H50,4.0570,1.0000,4.0570,1.0000,0.0000,0.00,"",79070,79023,0,HOÀNG ĐỨC THỊNH-HĐT-PO 2026-05-ECK,"",SX THEO DON HANG,0.00,50.00,2026-06-06 10:20:38.270,2026-06-08 12:41:38.140,2026-06-06 00:00:00.000,2026-06-08 00:00:00.000,KK0005.06/26,XB0019.06/26,0,"",""
FB00045,A0200003701875PX,TP20,SPM074,DCM07,1950.00,2020.00,1030.00,tấm,"1800045200001467306003",A0200001467306WO,A0200000404678WO,WB2606-0006,NFD30-H50 TRẮNG,NFD30-H50H50,NFD30-H50,H50,"","1000",NFD30-H50H50,4.0570,1.0000,4.0570,1.0000,0.0000,0.00,"",79070,79023,0,HOÀNG ĐỨC THỊNH-HĐT-PO 2026-05-ECK,"",SX THEO DON HANG,0.00,268.00,2026-06-06 10:20:38.200,2026-06-17 14:05:21.337,2026-06-06 00:00:00.000,2026-06-17 00:00:00.000,KK0005.06/26,XB0036.06/26,0,"",""
FB00045,A0200003700145PX,TP20,SPM074,DCM07,1950.00,2020.00,1030.00,tấm,"1800045200001467306004",A0200001467306WO,A0200000404678WO,WB2606-0006,NFD30-H50 TRẮNG,NFD30-H50H50,NFD30-H50,H50,"","1020",NFD30-H50H50,4.0570,1.0000,4.0570,1.0000,0.0000,0.00,"",79070,79023,0,HOÀNG ĐỨC THỊNH-HĐT-PO 2026-05-ECK,"",SX THEO DON HANG,0.00,50.00,2026-06-06 10:20:38.233,2026-06-08 12:41:38.107,2026-06-06 00:00:00.000,2026-06-08 00:00:00.000,KK0005.06/26,XB0019.06/26,0,"",""
FB00045,A0200003700146PX,TP20,SPM074,DCM07,1950.00,2020.00,1030.00,tấm,"1800045200001467306005",A0200001467306WO,A0200000404678WO,WB2606-0006,NFD30-H50 TRẮNG,NFD30-H50H50,NFD30-H50,H50,"","1030",NFD30-H50H50,4.0570,1.0000,4.0570,1.0000,0.0000,0.00,"",79070,79023,0,HOÀNG ĐỨC THỊNH-HĐT-PO 2026-05-ECK,"",SX THEO DON HANG,0.00,50.00,2026-06-06 10:20:38.253,2026-06-08 12:41:38.127,2026-06-06 00:00:00.000,2026-06-08 00:00:00.000,KK0005.06/26,XB0019.06/26,0,"",""
FB00045,A0200003700150PX,TP20,SPM074,DCM07,1410.00,2020.00,1030.00,tấm,"1800045200001467307001",A0200001467307WO,A0200000404678WO,WB2606-0006,NFD30-H50 TRẮNG,NFD30-H50H50,NFD30-H50,H50,"","1030",NFD30-H50H50,2.9340,1.0000,2.9340,1.0000,0.0000,0.00,"",79070,79023,0,HOÀNG ĐỨC THỊNH-HĐT-PO 2026-05-ECK,"",SX THEO DON HANG,0.00,51.00,2026-06-06 10:20:38.287,2026-06-08 13:10:42.113,2026-06-06 00:00:00.000,2026-06-08 00:00:00.000,KK0005.06/26,XB0019.06/26,0,"",""
FB00045,A0200003700149PX,TP20,SPM074,DCM07,1410.00,2020.00,1030.00,tấm,"1800045200001467307002",A0200001467307WO,A0200000404678WO,WB2606-0006,NFD30-H50 TRẮNG,NFD30-H50H50,NFD30-H50,H50,"","1020",NFD30-H50H50,2.9340,1.0000,2.9340,1.0000,0.0000,0.00,"",79070,79023,0,HOÀNG ĐỨC THỊNH-HĐT-PO 2026-05-ECK,"",SX THEO DON HANG,0.00,51.00,2026-06-06 10:20:38.303,2026-06-08 13:10:42.103,2026-06-06 00:00:00.000,2026-06-08 00:00:00.000,KK0005.06/26,XB0019.06/26,0,"",""
FB00045,A0200003700139PX,TP20,SPM074,DCM07,1560.00,2020.00,1030.00,tấm,"1800045200001467308001",A0200001467308WO,A0200000404678WO,WB2606-0006,NFD30-H50 TRẮNG,NFD30-H50H50,NFD30-H50,H50,"","970",NFD30-H50H50,3.2460,1.0000,3.2460,1.0000,0.0000,0.00,"",79070,79023,0,HOÀNG ĐỨC THỊNH-HĐT-PO 2026-05-ECK,"",SX THEO DON HANG,0.00,50.00,2026-06-06 10:20:38.320,2026-06-08 12:41:37.973,2026-06-06 00:00:00.000,2026-06-08 00:00:00.000,KK0005.06/26,XB0019.06/26,0,"",""
FB00045,A0200003700140PX,TP20,SPM074,DCM07,1980.00,2020.00,1000.00,tấm,"1800045200001467573001",A0200001467573WO,A0200000404745WO,WB2606-0007,NFD30-H50 TRẮNG,NFD30-H50H50,NFD30-H50,H50,"","870",NFD30-H50H50,4.0000,1.0000,4.0000,1.0000,0.0000,0.00,"",79070,79023,0,"","",SX THEO DON HANG,0.00,50.00,2026-06-06 10:20:38.367,2026-06-08 12:41:38.017,2026-06-06 00:00:00.000,2026-06-08 00:00:00.000,KK0005.06/26,XB0019.06/26,0,"",""
FB00045,A0200003701733PX,TP20,SPM074,DCM07,1880.00,2070.00,1050.00,tấm,"1800045200001467699001",A0200001467699WO,A0200000404785WO,WB2606-0008,NFD30-H50 TRẮNG,NFD30-H50H50,NFD30-H50,H50,"",B6-7,NFD30-H50H50,4.0860,1.0000,4.0860,1.0000,0.0000,0.00,"",79070,79023,0,SST-172--Mousse tấm,"",SX THEO DON HANG,0.00,169.00,2026-06-10 10:11:43.447,2026-06-17 11:07:45.847,2026-06-10 00:00:00.000,2026-06-17 00:00:00.000,KK0007.06/26,XB0038.06/26,0,"",""
FB00045,A0200003701732PX,TP20,SPM074,DCM07,1860.00,2070.00,1050.00,tấm,"1800045200001467699002",A0200001467699WO,A0200000404785WO,WB2606-0008,NFD30-H50 TRẮNG,NFD30-H50H50,NFD30-H50,H50,"",B6-7,NFD30-H50H50,4.0430,1.0000,4.0430,1.0000,0.0000,0.00,"",79070,79023,0,SST-172--Mousse tấm,"",SX THEO DON HANG,0.00,169.00,2026-06-10 10:11:43.460,2026-06-17 11:07:45.833,2026-06-10 00:00:00.000,2026-06-17 00:00:00.000,KK0007.06/26,XB0038.06/26,0,"",""
FB00045,A0200003701737PX,TP20,SPM074,DCM07,1870.00,2070.00,1050.00,tấm,"1800045200001467699003",A0200001467699WO,A0200000404785WO,WB2606-0008,NFD30-H50 TRẮNG,NFD30-H50H50,NFD30-H50,H50,"",B6-7,NFD30-H50H50,4.0640,1.0000,4.0640,1.0000,0.0000,0.00,"",79070,79023,0,SST-172--Mousse tấm,"",SX THEO DON HANG,0.00,169.00,2026-06-10 10:11:43.510,2026-06-17 11:07:45.890,2026-06-10 00:00:00.000,2026-06-17 00:00:00.000,KK0007.06/26,XB0038.06/26,0,"",""
FB00045,A0200003701739PX,TP20,SPM074,DCM07,1870.00,2070.00,1040.00,tấm,"1800045200001467699004",A0200001467699WO,A0200000404785WO,WB2606-0008,NFD30-H50 TRẮNG,NFD30-H50H50,NFD30-H50,H50,"",B6-7,NFD30-H50H50,4.0260,1.0000,4.0260,1.0000,0.0000,0.00,"",79070,79023,0,SST-172--Mousse tấm,"",SX THEO DON HANG,0.00,169.00,2026-06-10 10:11:43.560,2026-06-17 11:07:45.913,2026-06-10 00:00:00.000,2026-06-17 00:00:00.000,KK0007.06/26,XB0038.06/26,0,"",""
FB00045,A0200003701730PX,TP20,SPM074,DCM07,1870.00,2070.00,1050.00,tấm,"1800045200001467699005",A0200001467699WO,A0200000404785WO,WB2606-0008,NFD30-H50 TRẮNG,NFD30-H50H50,NFD30-H50,H50,"",B6-7,NFD30-H50H50,4.0640,1.0000,4.0640,1.0000,0.0000,0.00,"",79070,79023,0,SST-172--Mousse tấm,"",SX THEO DON HANG,0.00,169.00,2026-06-10 10:11:43.430,2026-06-17 11:07:45.800,2026-06-10 00:00:00.000,2026-06-17 00:00:00.000,KK0007.06/26,XB0038.06/26,0,"",""
FB00045,A0200003701734PX,TP20,SPM074,DCM07,1870.00,2070.00,1050.00,tấm,"1800045200001467699006",A0200001467699WO,A0200000404785WO,WB2606-0008,NFD30-H50 TRẮNG,NFD30-H50H50,NFD30-H50,H50,"",B6-7,NFD30-H50H50,4.0640,1.0000,4.0640,1.0000,0.0000,0.00,"",79070,79023,0,SST-172--Mousse tấm,"",SX THEO DON HANG,0.00,169.00,2026-06-10 10:11:43.480,2026-06-17 11:07:45.857,2026-06-10 00:00:00.000,2026-06-17 00:00:00.000,KK0007.06/26,XB0038.06/26,0,"",""
FB00045,A0200003701736PX,TP20,SPM074,DCM07,1870.00,2070.00,1050.00,tấm,"1800045200001467699007",A0200001467699WO,A0200000404785WO,WB2606-0008,NFD30-H50 TRẮNG,NFD30-H50H50,NFD30-H50,H50,"",B6-7,NFD30-H50H50,4.0640,1.0000,4.0640,1.0000,0.0000,0.00,"",79070,79023,0,SST-172--Mousse tấm,"",SX THEO DON HANG,0.00,169.00,2026-06-10 10:11:43.527,2026-06-17 11:07:45.880,2026-06-10 00:00:00.000,2026-06-17 00:00:00.000,KK0007.06/26,XB0038.06/26,0,"",""
FB00045,A0200003701729PX,TP20,SPM074,DCM07,1870.00,2070.00,1050.00,tấm,"1800045200001467699008",A0200001467699WO,A0200000404785WO,WB2606-0008,NFD30-H50 TRẮNG,NFD30-H50H50,NFD30-H50,H50,"",B6-7,NFD30-H50H50,4.0640,1.0000,4.0640,1.0000,0.0000,0.00,"",79070,79023,0,SST-172--Mousse tấm,"",SX THEO DON HANG,0.00,169.00,2026-06-10 10:11:43.977,2026-06-17 11:07:45.783,2026-06-10 00:00:00.000,2026-06-17 00:00:00.000,KK0007.06/26,XB0038.06/26,0,"",""
FB00045,A0200003701731PX,TP20,SPM074,DCM07,1860.00,2070.00,1040.00,tấm,"1800045200001467699009",A0200001467699WO,A0200000404785WO,WB2606-0008,NFD30-H50 TRẮNG,NFD30-H50H50,NFD30-H50,H50,"",B6-7,NFD30-H50H50,4.0040,1.0000,4.0040,1.0000,0.0000,0.00,"",79070,79023,0,SST-172--Mousse tấm,"",SX THEO DON HANG,0.00,169.00,2026-06-10 10:11:43.417,2026-06-17 11:07:45.820,2026-06-10 00:00:00.000,2026-06-17 00:00:00.000,KK0007.06/26,XB0038.06/26,0,"",""
FB00045,A0200003701735PX,TP20,SPM074,DCM07,1860.00,2070.00,1050.00,tấm,"1800045200001467699010",A0200001467699WO,A0200000404785WO,WB2606-0008,NFD30-H50 TRẮNG,NFD30-H50H50,NFD30-H50,H50,"",B6-7,NFD30-H50H50,4.0430,1.0000,4.0430,1.0000,0.0000,0.00,"",79070,79023,0,SST-172--Mousse tấm,"",SX THEO DON HANG,0.00,169.00,2026-06-10 10:11:43.493,2026-06-17 11:07:45.870,2026-06-10 00:00:00.000,2026-06-17 00:00:00.000,KK0007.06/26,XB0038.06/26,0,"",""
FB00045,A0200003701738PX,TP20,SPM074,DCM07,1860.00,2070.00,1050.00,tấm,"1800045200001467699011",A0200001467699WO,A0200000404785WO,WB2606-0008,NFD30-H50 TRẮNG,NFD30-H50H50,NFD30-H50,H50,"",B6-7,NFD30-H50H50,4.0430,1.0000,4.0430,1.0000,0.0000,0.00,"",79070,79023,0,SST-172--Mousse tấm,"",SX THEO DON HANG,0.00,169.00,2026-06-10 10:11:43.547,2026-06-17 11:07:45.903,2026-06-10 00:00:00.000,2026-06-17 00:00:00.000,KK0007.06/26,XB0038.06/26,0,"",""
FB00045,A0200003701728PX,TP20,SPM074,DCM07,1860.00,2070.00,1050.00,tấm,"1800045200001467699012",A0200001467699WO,A0200000404785WO,WB2606-0008,NFD30-H50 TRẮNG,NFD30-H50H50,NFD30-H50,H50,"",B6-7,NFD30-H50H50,4.0430,1.0000,4.0430,1.0000,0.0000,0.00,"",79070,79023,0,SST-172--Mousse tấm,"",SX THEO DON HANG,0.00,169.00,2026-06-10 10:11:44.003,2026-06-17 11:07:45.760,2026-06-10 00:00:00.000,2026-06-17 00:00:00.000,KK0007.06/26,XB0038.06/26,0,"",""
FB00045,A0200003701727PX,TP20,SPM074,DCM07,1390.00,2070.00,1040.00,tấm,"1800045200001467700001",A0200001467700WO,A0200000404785WO,WB2606-0008,NFD30-H50 TRẮNG,NFD30-H50H50,NFD30-H50,H50,"",B6-7,NFD30-H50H50,2.9920,1.0000,2.9920,1.0000,0.0000,0.00,"",79070,79023,0,SST-172--Mousse tấm,"",SX THEO DON HANG,0.00,169.00,2026-06-10 10:11:43.383,2026-06-17 11:07:45.750,2026-06-10 00:00:00.000,2026-06-17 00:00:00.000,KK0007.06/26,XB0038.06/26,0,"",""
FB00045,A0200003701726PX,TP20,SPM074,DCM07,1400.00,2070.00,1040.00,tấm,"1800045200001467700002",A0200001467700WO,A0200000404785WO,WB2606-0008,NFD30-H50 TRẮNG,NFD30-H50H50,NFD30-H50,H50,"",B6-7,NFD30-H50H50,3.0140,1.0000,3.0140,1.0000,0.0000,0.00,"",79070,79023,0,SST-172--Mousse tấm,"",SX THEO DON HANG,0.00,169.00,2026-06-10 10:11:43.400,2026-06-17 11:07:45.733,2026-06-10 00:00:00.000,2026-06-17 00:00:00.000,KK0007.06/26,XB0038.06/26,0,"",""
FB00045,A0200003701742PX,TP20,SPM074,DCM07,1240.00,2070.00,1040.00,tấm,"1800045200001467701001",A0200001467701WO,A0200000404785WO,WB2606-0008,NFD30-H50 TRẮNG,NFD30-H50H50,NFD30-H50,H50,"",B6-7,NFD30-H50H50,2.6690,1.0000,2.6690,1.0000,0.0000,0.00,"",79070,79023,0,SST-172--Mousse tấm,"",SX THEO DON HANG,0.00,169.00,2026-06-10 10:11:43.350,2026-06-17 11:07:46.007,2026-06-10 00:00:00.000,2026-06-17 00:00:00.000,KK0007.06/26,XB0038.06/26,0,"",""
FB00045,A0200003701743PX,TP20,SPM074,DCM07,1240.00,2070.00,1040.00,tấm,"1800045200001467701002",A0200001467701WO,A0200000404785WO,WB2606-0008,NFD30-H50 TRẮNG,NFD30-H50H50,NFD30-H50,H50,"",B6-7,NFD30-H50H50,2.6690,1.0000,2.6690,1.0000,0.0000,0.00,"",79070,79023,0,SST-172--Mousse tấm,"",SX THEO DON HANG,0.00,169.00,2026-06-10 10:11:43.367,2026-06-17 11:07:46.023,2026-06-10 00:00:00.000,2026-06-17 00:00:00.000,KK0007.06/26,XB0038.06/26,0,"",""
FB00045,A0200003701722PX,TP20,SPM074,DCM07,1230.00,2070.00,1050.00,tấm,"1800045200001467701003",A0200001467701WO,A0200000404785WO,WB2606-0008,NFD30-H50 TRẮNG,NFD30-H50H50,NFD30-H50,H50,"",B6-7,NFD30-H50H50,2.6730,1.0000,2.6730,1.0000,0.0000,0.00,"",79070,79023,0,SST-172--Mousse tấm,"",SX THEO DON HANG,0.00,169.00,2026-06-10 10:11:43.337,2026-06-17 11:07:45.633,2026-06-10 00:00:00.000,2026-06-17 00:00:00.000,KK0007.06/26,XB0038.06/26,0,"",""
FB00045,A0200003701723PX,TP20,SPM074,DCM07,1550.00,2070.00,990.00,tấm,"1800045200001467702001",A0200001467702WO,A0200000404785WO,WB2606-0008,NFD30-H50 TRẮNG,NFD30-H50H50,NFD30-H50,H50,"",B6-7,NFD30-H50H50,3.1760,1.0000,3.1760,1.0000,0.0000,0.00,"",79070,79023,0,SST-172--Mousse tấm,"",SX THEO DON HANG,0.00,169.00,2026-06-10 10:11:43.277,2026-06-17 11:07:45.670,2026-06-10 00:00:00.000,2026-06-17 00:00:00.000,KK0007.06/26,XB0038.06/26,0,"",""
FB00045,A0200003701720PX,TP20,SPM074,DCM07,1520.00,2070.00,1030.00,tấm,"1800045200001467702002",A0200001467702WO,A0200000404785WO,WB2606-0008,NFD30-H50 TRẮNG,NFD30-H50H50,NFD30-H50,H50,"",B6-7,NFD30-H50H50,3.2410,1.0000,3.2410,1.0000,0.0000,0.00,"",79070,79023,0,SST-172--Mousse tấm,"",SX THEO DON HANG,0.00,169.00,2026-06-10 10:11:43.303,2026-06-17 11:07:44.387,2026-06-10 00:00:00.000,2026-06-17 00:00:00.000,KK0007.06/26,XB0038.06/26,0,"",""
FB00045,A0200003701721PX,TP20,SPM074,DCM07,1540.00,2070.00,1040.00,tấm,"1800045200001467702003",A0200001467702WO,A0200000404785WO,WB2606-0008,NFD30-H50 TRẮNG,NFD30-H50H50,NFD30-H50,H50,"",B6-7,NFD30-H50H50,3.3150,1.0000,3.3150,1.0000,0.0000,0.00,"",79070,79023,0,SST-172--Mousse tấm,"",SX THEO DON HANG,0.00,169.00,2026-06-10 10:11:43.320,2026-06-17 11:07:45.620,2026-06-10 00:00:00.000,2026-06-17 00:00:00.000,KK0007.06/26,XB0038.06/26,0,"",""
FB00045,A0200003701744PX,TP20,SPM074,DCM07,1230.00,2070.00,980.00,tấm,"1800045200001468128001",A0200001468128WO,A0200000404895WO,WB2606-0010,NFD30-H50 TRẮNG,NFD30-H50H50,NFD30-H50,H50,"",B6-7,NFD30-H50H50,2.4950,1.0000,2.4950,1.0000,0.0000,0.00,"",79070,79023,0,"","",SX THEO DON HANG,0.00,169.00,2026-06-10 10:11:43.240,2026-06-17 11:07:46.063,2026-06-10 00:00:00.000,2026-06-17 00:00:00.000,KK0007.06/26,XB0038.06/26,0,"",""
FB00045,A0200003706775PX,TP20,SPM074,DCM07,1820.00,2070.00,1060.00,tấm,"1800045200001471855001",A0200001471855WO,A0200000406123WO,WB2606-0034,NFD30-H50 TRẮNG,NFD30-H50H50,NFD30-H50,H50,"",B1-4,NFD30-H50H50,3.9930,1.0000,3.9930,1.0000,0.0000,0.00,"",79070,79023,0,GRH-071--Mousse tấm,"",SX THEO ĐƠN HÀNG,0.00,101.00,2026-06-30 09:03:35.670,2026-07-04 14:56:54.450,2026-06-30 00:00:00.000,2026-07-04 00:00:00.000,KK0021.06/26,XB0009.07/26,0,"",""
FB00045,A0200003706742PX,TP20,SPM074,DCM07,2050.00,2070.00,1060.00,tấm,"1800045200001471856001",A0200001471856WO,A0200000406123WO,WB2606-0034,NFD30-H50 TRẮNG,NFD30-H50H50,NFD30-H50,H50,"",B1-4,NFD30-H50H50,4.4980,1.0000,4.4980,1.0000,0.0000,0.00,"",79070,79023,0,GRH-071--Mousse tấm,"",SX THEO ĐƠN HÀNG,0.00,97.00,2026-06-30 09:03:35.677,2026-07-04 10:34:01.373,2026-06-30 00:00:00.000,2026-07-04 00:00:00.000,KK0021.06/26,XB0009.07/26,0,"",""
FB00045,A0200003706743PX,TP20,SPM074,DCM07,1830.00,2070.00,1060.00,tấm,"1800045200001471857001",A0200001471857WO,A0200000406123WO,WB2606-0034,NFD30-H50 TRẮNG,NFD30-H50H50,NFD30-H50,H50,"",B1-4,NFD30-H50H50,4.0150,1.0000,4.0150,1.0000,0.0000,0.00,"",79070,79023,0,GRH-071--Mousse tấm,"",SX THEO ĐƠN HÀNG,0.00,97.00,2026-06-30 09:03:35.680,2026-07-04 10:34:01.383,2026-06-30 00:00:00.000,2026-07-04 00:00:00.000,KK0021.06/26,XB0009.07/26,0,"",""
FB00045,A0200003708934PX,TP20,SPM074,DCM07,1810.00,2070.00,1040.00,tấm,"1800045200001471858001",A0200001471858WO,A0200000406123WO,WB2606-0034,NFD30-H50 TRẮNG,NFD30-H50H50,NFD30-H50,H50,"",B1-4,NFD30-H50H50,3.8970,1.0000,3.8970,1.0000,0.0000,0.00,"",79070,79023,0,SHV-035--Mousse tấm,"",SX THEO ĐƠN HÀNG,0.00,342.00,2026-06-30 09:03:35.660,2026-07-14 15:09:59.853,2026-06-30 00:00:00.000,2026-07-14 00:00:00.000,KK0021.06/26,XB0029.07/26,0,"",""
FB00045,A0200003705313PN,TP20,SPM074,DCM07,1640.00,2070.00,1060.00,tấm,"1800045200001471859001",A0200001471859WO,A0200000406123WO,WB2606-0034,NFD30-H50 TRẮNG,NFD30-H50H50,NFD30-H50,H50,"",B1-4,NFD30-H50H50,3.5980,1.0000,0.0000,0.0000,3.5980,1.00,"",79070,79023,0,SHV-035--Mousse tấm,"",SX THEO ĐƠN HÀNG,0.00,552.00,2026-06-30 09:03:35.667,,2026-06-30 00:00:00.000,,KK0021.06/26,,0,"",""
FB00045,A0200003709227PX,TP20,SPM074,DCM07,1880.00,2070.00,1050.00,tấm,"1800045200001471860001",A0200001471860WO,A0200000406123WO,WB2606-0034,NFD30-H50 TRẮNG,NFD30-H50H50,NFD30-H50,H50,"",B1-4,NFD30-H50H50,4.0860,1.0000,4.0860,1.0000,0.0000,0.00,"",79070,79023,0,SST-173--Mousse tấm,"",SX THEO ĐƠN HÀNG,0.00,365.00,2026-06-30 09:03:35.697,2026-07-15 14:33:08.077,2026-06-30 00:00:00.000,2026-07-15 00:00:00.000,KK0021.06/26,XB0032.07/26,0,"",""
FB00045,A0200003708648PX,TP20,SPM074,DCM07,1870.00,2070.00,1060.00,tấm,"1800045200001471860002",A0200001471860WO,A0200000406123WO,WB2606-0034,NFD30-H50 TRẮNG,NFD30-H50H50,NFD30-H50,H50,"",B1-4,NFD30-H50H50,4.1030,1.0000,4.1030,1.0000,0.0000,0.00,"",79070,79023,0,SST-173--Mousse tấm,"",SX THEO ĐƠN HÀNG,0.00,317.00,2026-06-30 09:03:35.687,2026-07-13 14:31:32.500,2026-06-30 00:00:00.000,2026-07-13 00:00:00.000,KK0021.06/26,XB0027.07/26,0,"",""
FB00045,A0200003708643PX,TP20,SPM074,DCM07,1860.00,2070.00,1050.00,tấm,"1800045200001471860003",A0200001471860WO,A0200000406123WO,WB2606-0034,NFD30-H50 TRẮNG,NFD30-H50H50,NFD30-H50,H50,"",B1-4,NFD30-H50H50,4.0430,1.0000,4.0430,1.0000,0.0000,0.00,"",79070,79023,0,SST-173--Mousse tấm,"",SX THEO ĐƠN HÀNG,0.00,317.00,2026-06-30 09:03:35.717,2026-07-13 14:31:32.443,2026-06-30 00:00:00.000,2026-07-13 00:00:00.000,KK0021.06/26,XB0027.07/26,0,"",""
FB00045,A0200003708641PX,TP20,SPM074,DCM07,1910.00,2070.00,1030.00,tấm,"1800045200001471860004",A0200001471860WO,A0200000406123WO,WB2606-0034,NFD30-H50 TRẮNG,NFD30-H50H50,NFD30-H50,H50,"",B1-4,NFD30-H50H50,4.0720,1.0000,4.0720,1.0000,0.0000,0.00,"",79070,79023,0,SST-173--Mousse tấm,"",SX THEO ĐƠN HÀNG,0.00,317.00,2026-06-30 09:03:35.573,2026-07-13 14:31:32.423,2026-06-30 00:00:00.000,2026-07-13 00:00:00.000,KK0021.06/26,XB0027.07/26,0,"",""
FB00045,A0200003708646PX,TP20,SPM074,DCM07,1840.00,2070.00,1050.00,tấm,"1800045200001471860005",A0200001471860WO,A0200000406123WO,WB2606-0034,NFD30-H50 TRẮNG,NFD30-H50H50,NFD30-H50,H50,"",B1-4,NFD30-H50H50,3.9990,1.0000,3.9990,1.0000,0.0000,0.00,"",79070,79023,0,SST-173--Mousse tấm,"",SX THEO ĐƠN HÀNG,0.00,317.00,2026-06-30 09:03:35.700,2026-07-13 14:31:32.473,2026-06-30 00:00:00.000,2026-07-13 00:00:00.000,KK0021.06/26,XB0027.07/26,0,"",""
FB00045,A0200003708647PX,TP20,SPM074,DCM07,1860.00,2070.00,1060.00,tấm,"1800045200001471860006",A0200001471860WO,A0200000406123WO,WB2606-0034,NFD30-H50 TRẮNG,NFD30-H50H50,NFD30-H50,H50,"",B1-4,NFD30-H50H50,4.0810,1.0000,4.0810,1.0000,0.0000,0.00,"",79070,79023,0,SST-173--Mousse tấm,"",SX THEO ĐƠN HÀNG,0.00,317.00,2026-06-30 09:03:35.690,2026-07-13 14:31:32.483,2026-06-30 00:00:00.000,2026-07-13 00:00:00.000,KK0021.06/26,XB0027.07/26,0,"",""
FB00045,A0200003708644PX,TP20,SPM074,DCM07,1860.00,2070.00,1050.00,tấm,"1800045200001471860007",A0200001471860WO,A0200000406123WO,WB2606-0034,NFD30-H50 TRẮNG,NFD30-H50H50,NFD30-H50,H50,"",B1-4,NFD30-H50H50,4.0430,1.0000,4.0430,1.0000,0.0000,0.00,"",79070,79023,0,SST-173--Mousse tấm,"",SX THEO ĐƠN HÀNG,0.00,317.00,2026-06-30 09:03:35.713,2026-07-13 14:31:32.453,2026-06-30 00:00:00.000,2026-07-13 00:00:00.000,KK0021.06/26,XB0027.07/26,0,"",""
FB00045,A0200003708642PX,TP20,SPM074,DCM07,1890.00,2070.00,1000.00,tấm,"1800045200001471860008",A0200001471860WO,A0200000406123WO,WB2606-0034,NFD30-H50 TRẮNG,NFD30-H50H50,NFD30-H50,H50,"",B1-4,NFD30-H50H50,3.9120,1.0000,3.9120,1.0000,0.0000,0.00,"",79070,79023,0,SST-173--Mousse tấm,"",SX THEO ĐƠN HÀNG,0.00,317.00,2026-06-30 09:03:35.580,2026-07-13 14:31:32.433,2026-06-30 00:00:00.000,2026-07-13 00:00:00.000,KK0021.06/26,XB0027.07/26,0,"",""
FB00045,A0200003708645PX,TP20,SPM074,DCM07,1860.00,2070.00,1050.00,tấm,"1800045200001471860009",A0200001471860WO,A0200000406123WO,WB2606-0034,NFD30-H50 TRẮNG,NFD30-H50H50,NFD30-H50,H50,"",B1-4,NFD30-H50H50,4.0430,1.0000,4.0430,1.0000,0.0000,0.00,"",79070,79023,0,SST-173--Mousse tấm,"",SX THEO ĐƠN HÀNG,0.00,317.00,2026-06-30 09:03:35.707,2026-07-13 14:31:32.463,2026-06-30 00:00:00.000,2026-07-13 00:00:00.000,KK0021.06/26,XB0027.07/26,0,"",""
FB00045,A0200003708639PX,TP20,SPM074,DCM07,1230.00,2070.00,980.00,tấm,"1800045200001471861001",A0200001471861WO,A0200000406123WO,WB2606-0034,NFD30-H50 TRẮNG,NFD30-H50H50,NFD30-H50,H50,"",B1-4,NFD30-H50H50,2.4950,1.0000,2.4950,1.0000,0.0000,0.00,"",79070,79023,0,SST-173--Mousse tấm,"",SX THEO ĐƠN HÀNG,0.00,317.00,2026-06-30 09:03:35.593,2026-07-13 14:31:32.397,2026-06-30 00:00:00.000,2026-07-13 00:00:00.000,KK0021.06/26,XB0027.07/26,0,"",""
FB00045,A0200003708637PX,TP20,SPM074,DCM07,1240.00,2070.00,1000.00,tấm,"1800045200001471861002",A0200001471861WO,A0200000406123WO,WB2606-0034,NFD30-H50 TRẮNG,NFD30-H50H50,NFD30-H50,H50,"",B1-4,NFD30-H50H50,2.5670,1.0000,2.5670,1.0000,0.0000,0.00,"",79070,79023,0,SST-173--Mousse tấm,"",SX THEO ĐƠN HÀNG,0.00,317.00,2026-06-30 09:03:35.533,2026-07-13 14:31:32.373,2026-06-30 00:00:00.000,2026-07-13 00:00:00.000,KK0021.06/26,XB0027.07/26,0,"",""
FB00045,A0200003708635PX,TP20,SPM074,DCM07,1240.00,2070.00,980.00,tấm,"1800045200001471861003",A0200001471861WO,A0200000406123WO,WB2606-0034,NFD30-H50 TRẮNG,NFD30-H50H50,NFD30-H50,H50,"",B1-4,NFD30-H50H50,2.5150,1.0000,2.5150,1.0000,0.0000,0.00,"",79070,79023,0,SST-173--Mousse tấm,"",SX THEO ĐƠN HÀNG,0.00,317.00,2026-06-30 09:03:35.570,2026-07-13 14:31:32.327,2026-06-30 00:00:00.000,2026-07-13 00:00:00.000,KK0021.06/26,XB0027.07/26,0,"",""
FB00045,A0200003710242PX,TP20,SPM074,DCM07,1230.00,2070.00,1000.00,tấm,"1800045200001471861004",A0200001471861WO,A0200000406123WO,WB2606-0034,NFD30-H50 TRẮNG,NFD30-H50H50,NFD30-H50,H50,"",B1-4,NFD30-H50H50,2.5460,1.0000,2.5460,1.0000,0.0000,0.00,"",79070,79023,0,SST-173--Mousse tấm,"",SX THEO ĐƠN HÀNG,0.00,484.00,2026-06-30 09:03:35.527,2026-07-20 13:21:23.180,2026-06-30 00:00:00.000,2026-07-20 00:00:00.000,KK0021.06/26,XB0042.07/26,0,"",""
FB00045,A0200003708640PX,TP20,SPM074,DCM07,1240.00,2070.00,980.00,tấm,"1800045200001471861005",A0200001471861WO,A0200000406123WO,WB2606-0034,NFD30-H50 TRẮNG,NFD30-H50H50,NFD30-H50,H50,"",B1-4,NFD30-H50H50,2.5150,1.0000,2.5150,1.0000,0.0000,0.00,"",79070,79023,0,SST-173--Mousse tấm,"",SX THEO ĐƠN HÀNG,0.00,317.00,2026-06-30 09:03:35.590,2026-07-13 14:31:32.410,2026-06-30 00:00:00.000,2026-07-13 00:00:00.000,KK0021.06/26,XB0027.07/26,0,"",""
FB00045,A0200003708636PX,TP20,SPM074,DCM07,1230.00,2070.00,1000.00,tấm,"1800045200001471861006",A0200001471861WO,A0200000406123WO,WB2606-0034,NFD30-H50 TRẮNG,NFD30-H50H50,NFD30-H50,H50,"",B1-4,NFD30-H50H50,2.5460,1.0000,2.5460,1.0000,0.0000,0.00,"",79070,79023,0,SST-173--Mousse tấm,"",SX THEO ĐƠN HÀNG,0.00,317.00,2026-06-30 09:03:35.530,2026-07-13 14:31:32.367,2026-06-30 00:00:00.000,2026-07-13 00:00:00.000,KK0021.06/26,XB0027.07/26,0,"",""
FB00045,A0200003708638PX,TP20,SPM074,DCM07,1230.00,2070.00,980.00,tấm,"1800045200001471861007",A0200001471861WO,A0200000406123WO,WB2606-0034,NFD30-H50 TRẮNG,NFD30-H50H50,NFD30-H50,H50,"",B1-4,NFD30-H50H50,2.4950,1.0000,2.4950,1.0000,0.0000,0.00,"",79070,79023,0,SST-173--Mousse tấm,"",SX THEO ĐƠN HÀNG,0.00,317.00,2026-06-30 09:03:35.583,2026-07-13 14:31:32.383,2026-06-30 00:00:00.000,2026-07-13 00:00:00.000,KK0021.06/26,XB0027.07/26,0,"",""
FB00045,A0200003708634PX,TP20,SPM074,DCM07,1230.00,2070.00,970.00,tấm,"1800045200001471861008",A0200001471861WO,A0200000406123WO,WB2606-0034,NFD30-H50 TRẮNG,NFD30-H50H50,NFD30-H50,H50,"",B1-4,NFD30-H50H50,2.4700,1.0000,2.4700,1.0000,0.0000,0.00,"",79070,79023,0,SST-173--Mousse tấm,"",SX THEO ĐƠN HÀNG,0.00,317.00,2026-06-30 09:03:35.567,2026-07-13 14:31:31.070,2026-06-30 00:00:00.000,2026-07-13 00:00:00.000,KK0021.06/26,XB0027.07/26,0,"",""
FB00045,A0200003708660PX,TP20,SPM074,DCM07,1860.00,2070.00,980.00,tấm,"1800045200001471862001",A0200001471862WO,A0200000406123WO,WB2606-0034,NFD30-H50 TRẮNG,NFD30-H50H50,NFD30-H50,H50,"",B1-4,NFD30-H50H50,3.7730,1.0000,3.7730,1.0000,0.0000,0.00,"",79070,79023,0,SST-173--Mousse tấm,"",SX THEO ĐƠN HÀNG,0.00,317.00,2026-06-30 09:03:35.600,2026-07-13 14:31:32.630,2026-06-30 00:00:00.000,2026-07-13 00:00:00.000,KK0021.06/26,XB0027.07/26,0,"",""
FB00045,A0200003708651PX,TP20,SPM074,DCM07,1870.00,2070.00,1030.00,tấm,"1800045200001471862002",A0200001471862WO,A0200000406123WO,WB2606-0034,NFD30-H50 TRẮNG,NFD30-H50H50,NFD30-H50,H50,"",B1-4,NFD30-H50H50,3.9870,1.0000,3.9870,1.0000,0.0000,0.00,"",79070,79023,0,SST-173--Mousse tấm,"",SX THEO ĐƠN HÀNG,0.00,317.00,2026-06-30 09:03:35.647,2026-07-13 14:31:32.530,2026-06-30 00:00:00.000,2026-07-13 00:00:00.000,KK0021.06/26,XB0027.07/26,0,"",""
FB00045,A0200003708655PX,TP20,SPM074,DCM07,1860.00,2070.00,990.00,tấm,"1800045200001471862003",A0200001471862WO,A0200000406123WO,WB2606-0034,NFD30-H50 TRẮNG,NFD30-H50H50,NFD30-H50,H50,"",B1-4,NFD30-H50H50,3.8120,1.0000,3.8120,1.0000,0.0000,0.00,"",79070,79023,0,SST-173--Mousse tấm,"",SX THEO ĐƠN HÀNG,0.00,317.00,2026-06-30 09:03:35.623,2026-07-13 14:31:32.570,2026-06-30 00:00:00.000,2026-07-13 00:00:00.000,KK0021.06/26,XB0027.07/26,0,"",""
FB00045,A0200003708657PX,TP20,SPM074,DCM07,1860.00,2070.00,970.00,tấm,"1800045200001471862004",A0200001471862WO,A0200000406123WO,WB2606-0034,NFD30-H50 TRẮNG,NFD30-H50H50,NFD30-H50,H50,"",B1-4,NFD30-H50H50,3.7350,1.0000,3.7350,1.0000,0.0000,0.00,"",79070,79023,0,SST-173--Mousse tấm,"",SX THEO ĐƠN HÀNG,0.00,317.00,2026-06-30 09:03:35.613,2026-07-13 14:31:32.593,2026-06-30 00:00:00.000,2026-07-13 00:00:00.000,KK0021.06/26,XB0027.07/26,0,"",""
FB00045,A0200003708659PX,TP20,SPM074,DCM07,1870.00,2070.00,970.00,tấm,"1800045200001471862005",A0200001471862WO,A0200000406123WO,WB2606-0034,NFD30-H50 TRẮNG,NFD30-H50H50,NFD30-H50,H50,"",B1-4,NFD30-H50H50,3.7550,1.0000,3.7550,1.0000,0.0000,0.00,"",79070,79023,0,SST-173--Mousse tấm,"",SX THEO ĐƠN HÀNG,0.00,317.00,2026-06-30 09:03:35.603,2026-07-13 14:31:32.617,2026-06-30 00:00:00.000,2026-07-13 00:00:00.000,KK0021.06/26,XB0027.07/26,0,"",""
FB00045,A0200003708650PX,TP20,SPM074,DCM07,1870.00,2070.00,1020.00,tấm,"1800045200001471862006",A0200001471862WO,A0200000406123WO,WB2606-0034,NFD30-H50 TRẮNG,NFD30-H50H50,NFD30-H50,H50,"",B1-4,NFD30-H50H50,3.9480,1.0000,3.9480,1.0000,0.0000,0.00,"",79070,79023,0,SST-173--Mousse tấm,"",SX THEO ĐƠN HÀNG,0.00,317.00,2026-06-30 09:03:35.650,2026-07-13 14:31:32.520,2026-06-30 00:00:00.000,2026-07-13 00:00:00.000,KK0021.06/26,XB0027.07/26,0,"",""
FB00045,A0200003708653PX,TP20,SPM074,DCM07,1880.00,2070.00,1000.00,tấm,"1800045200001471862007",A0200001471862WO,A0200000406123WO,WB2606-0034,NFD30-H50 TRẮNG,NFD30-H50H50,NFD30-H50,H50,"",B1-4,NFD30-H50H50,3.8920,1.0000,3.8920,1.0000,0.0000,0.00,"",79070,79023,0,SST-173--Mousse tấm,"",SX THEO ĐƠN HÀNG,0.00,317.00,2026-06-30 09:03:35.633,2026-07-13 14:31:32.550,2026-06-30 00:00:00.000,2026-07-13 00:00:00.000,KK0021.06/26,XB0027.07/26,0,"",""
FB00045,A0200003708656PX,TP20,SPM074,DCM07,1860.00,2070.00,980.00,tấm,"1800045200001471862008",A0200001471862WO,A0200000406123WO,WB2606-0034,NFD30-H50 TRẮNG,NFD30-H50H50,NFD30-H50,H50,"",B1-4,NFD30-H50H50,3.7730,1.0000,3.7730,1.0000,0.0000,0.00,"",79070,79023,0,SST-173--Mousse tấm,"",SX THEO ĐƠN HÀNG,0.00,317.00,2026-06-30 09:03:35.620,2026-07-13 14:31:32.580,2026-06-30 00:00:00.000,2026-07-13 00:00:00.000,KK0021.06/26,XB0027.07/26,0,"",""
FB00045,A0200003708658PX,TP20,SPM074,DCM07,1870.00,2070.00,970.00,tấm,"1800045200001471862009",A0200001471862WO,A0200000406123WO,WB2606-0034,NFD30-H50 TRẮNG,NFD30-H50H50,NFD30-H50,H50,"",B1-4,NFD30-H50H50,3.7550,1.0000,3.7550,1.0000,0.0000,0.00,"",79070,79023,0,SST-173--Mousse tấm,"",SX THEO ĐƠN HÀNG,0.00,317.00,2026-06-30 09:03:35.610,2026-07-13 14:31:32.607,2026-06-30 00:00:00.000,2026-07-13 00:00:00.000,KK0021.06/26,XB0027.07/26,0,"",""
FB00045,A0200003708649PX,TP20,SPM074,DCM07,1870.00,2070.00,1030.00,tấm,"1800045200001471862010",A0200001471862WO,A0200000406123WO,WB2606-0034,NFD30-H50 TRẮNG,NFD30-H50H50,NFD30-H50,H50,"",B1-4,NFD30-H50H50,3.9870,1.0000,3.9870,1.0000,0.0000,0.00,"",79070,79023,0,SST-173--Mousse tấm,"",SX THEO ĐƠN HÀNG,0.00,317.00,2026-06-30 09:03:35.657,2026-07-13 14:31:32.510,2026-06-30 00:00:00.000,2026-07-13 00:00:00.000,KK0021.06/26,XB0027.07/26,0,"",""
FB00045,A0200003708652PX,TP20,SPM074,DCM07,1850.00,2070.00,1000.00,tấm,"1800045200001471862011",A0200001471862WO,A0200000406123WO,WB2606-0034,NFD30-H50 TRẮNG,NFD30-H50H50,NFD30-H50,H50,"",B1-4,NFD30-H50H50,3.8300,1.0000,3.8300,1.0000,0.0000,0.00,"",79070,79023,0,SST-173--Mousse tấm,"",SX THEO ĐƠN HÀNG,0.00,317.00,2026-06-30 09:03:35.640,2026-07-13 14:31:32.543,2026-06-30 00:00:00.000,2026-07-13 00:00:00.000,KK0021.06/26,XB0027.07/26,0,"",""
FB00045,A0200003708654PX,TP20,SPM074,DCM07,1870.00,2070.00,990.00,tấm,"1800045200001471862012",A0200001471862WO,A0200000406123WO,WB2606-0034,NFD30-H50 TRẮNG,NFD30-H50H50,NFD30-H50,H50,"",B1-4,NFD30-H50H50,3.8320,1.0000,3.8320,1.0000,0.0000,0.00,"",79070,79023,0,SST-173--Mousse tấm,"",SX THEO ĐƠN HÀNG,0.00,317.00,2026-06-30 09:03:35.630,2026-07-13 14:31:32.560,2026-06-30 00:00:00.000,2026-07-13 00:00:00.000,KK0021.06/26,XB0027.07/26,0,"",""
FB00045,A0200003708744PN,TP20,SPM074,DCM07,2020.00,2070.00,930.00,tấm,"1800045200001474022001",A0200001474022WO,A0200000406810WO,WB2607-0012,NFD30-H50 TRẮNG,NFD30-H50H50,NFD30-H50,H50,"",B12,NFD30-H50H50,3.8890,1.0000,0.0000,0.0000,3.8890,1.00,"",79070,79023,0,SHV-035--Mousse tấm,"",SX THEO ĐƠN HÀNG,0.00,233.00,2026-07-13 16:03:58.353,,2026-07-13 00:00:00.000,,KK0009.07/26,,0,"",""
FB00045,A0200003708743PN,TP20,SPM074,DCM07,2010.00,2070.00,960.00,tấm,"1800045200001474022002",A0200001474022WO,A0200000406810WO,WB2607-0012,NFD30-H50 TRẮNG,NFD30-H50H50,NFD30-H50,H50,"",B12,NFD30-H50H50,3.9940,1.0000,0.0000,0.0000,3.9940,1.00,"",79070,79023,0,SHV-035--Mousse tấm,"",SX THEO ĐƠN HÀNG,0.00,233.00,2026-07-13 16:03:58.350,,2026-07-13 00:00:00.000,,KK0009.07/26,,0,"",""
FB00045,A0200003710237PX,TP20,SPM074,DCM07,1400.00,2070.00,990.00,tấm,"1800045200001474023001",A0200001474023WO,A0200000406810WO,WB2607-0012,NFD30-H50 TRẮNG,NFD30-H50H50,NFD30-H50,H50,"",B12,NFD30-H50H50,2.8690,1.0000,2.8690,1.0000,0.0000,0.00,"",79070,79023,0,SST-174--Mousse tấm,"",SX THEO ĐƠN HÀNG,0.00,165.00,2026-07-13 16:03:58.343,2026-07-20 13:21:23.080,2026-07-13 00:00:00.000,2026-07-20 00:00:00.000,KK0009.07/26,XB0042.07/26,0,"",""
FB00045,A0200003710238PX,TP20,SPM074,DCM07,1530.00,2070.00,1020.00,tấm,"1800045200001474024001",A0200001474024WO,A0200000406810WO,WB2607-0012,NFD30-H50 TRẮNG,NFD30-H50H50,NFD30-H50,H50,"",B12,NFD30-H50H50,3.2300,1.0000,3.2300,1.0000,0.0000,0.00,"",79070,79023,0,SST-174--Mousse tấm,"",SX THEO ĐƠN HÀNG,0.00,165.00,2026-07-13 16:03:58.523,2026-07-20 13:21:23.120,2026-07-13 00:00:00.000,2026-07-20 00:00:00.000,KK0009.07/26,XB0042.07/26,0,"",""
FB00045,A0200003708765PN,TP20,SPM074,DCM07,1530.00,2070.00,1010.00,tấm,"1800045200001474024002",A0200001474024WO,A0200000406810WO,WB2607-0012,NFD30-H50 TRẮNG,NFD30-H50H50,NFD30-H50,H50,"",B12,NFD30-H50H50,3.1990,1.0000,0.0000,0.0000,3.1990,1.00,"",79070,79023,0,SST-174--Mousse tấm,"",SX THEO ĐƠN HÀNG,0.00,233.00,2026-07-13 16:03:58.533,,2026-07-13 00:00:00.000,,KK0009.07/26,,0,"",""
FB00045,A0200003711854PX,TP20,SPM074,DCM07,1850.00,2070.00,1090.00,tấm,"1800045200001474025001",A0200001458940WO,A0200000401865WO,WB2604-0029,NFD30-H50 TRẮNG,NFD30-H50H50,NFD30-H50,H50,"",B12,NFD30-H50H50,0.0000,0.0000,4.1740,1.0000,-4.1740,-1.00,"",79070,79023,0,SST-174--Mousse tấm,"","",0.00,,,2026-07-23 09:30:50.153,,2026-07-23 00:00:00.000,,XB0053.07/26,0,"",""
FB00045,A0200003708764PN,TP20,SPM074,DCM07,1850.00,2070.00,1090.00,tấm,"1800045200001474025001",A0200001474025WO,A0200000406810WO,WB2607-0012,NFD30-H50 TRẮNG,NFD30-H50H50,NFD30-H50,H50,"",B12,NFD30-H50H50,4.1740,1.0000,0.0000,0.0000,4.1740,1.00,"",79070,79023,0,SST-174--Mousse tấm,"",SX THEO ĐƠN HÀNG,0.00,233.00,2026-07-13 16:03:58.527,,2026-07-13 00:00:00.000,,KK0009.07/26,,0,"",""
FB00046,A0200003706336PX,TP20,SPM129,DCM10,2230.00,2040.00,1040.00,tấm,"1800046200001398918003",A0200001398918WO,A0200000375905WO,WB2507-0021,NFD30-H65 ĐỎ/CAM,NFD30-H65H65,NFD30-H65,H65,"",B6,NFD30-H65H65,4.7312,1.0000,4.7312,1.0000,0.0000,0.00,"",79071,79023,0,WO2604-0152+163,"","",0.00,8476.00,2025-07-14 10:37:57.477,2026-07-02 14:37:45.740,2026-05-31 00:00:00.000,2026-06-26 00:00:00.000,TONKHO,XB0055.06/26,0,"",""
FB00046,A0200003700879PX,TP20,SPM129,DCM10,2190.00,2050.00,1010.00,tấm,"1800046200001429414004",A0200001429414WO,A0200000391784WO,WB2512-0003,NFD30-H65 ĐỎ/CAM,NFD30-H65H65,NFD30-H65,H65,"",B6,NFD30-H65H65,4.5344,1.0000,4.5344,1.0000,0.0000,0.00,"",79071,79023,0,Dự trù nội địa,"","",0.00,4530.00,2025-12-05 14:56:50.660,2026-06-12 08:15:02.840,2026-05-31 00:00:00.000,2026-06-12 00:00:00.000,TONKHO,XB0027.06/26,0,"",""
FB00046,A0200003706267PX,TP20,SPM129,DCM10,1620.00,2050.00,1040.00,tấm,"1800046200001440641001",A0200001440641WO,A0200000395235WO,WB2601-0021,NFD30-H65 ĐỎ/CAM,NFD30-H65H65,NFD30-H65,H65,"",A8,NFD30-H65H65,3.4538,1.0000,3.4538,1.0000,0.0000,0.00,"",79071,79023,0,Dự trù nội địa/Nứt,"","",0.00,3887.00,2026-01-21 12:49:19.480,2026-07-02 11:19:47.520,2026-05-31 00:00:00.000,2026-07-02 00:00:00.000,TONKHO,XB0004.07/26,0,"",""
FB00046,A0200003706269PX,TP20,SPM129,DCM10,1620.00,2050.00,1040.00,tấm,"1800046200001440641002",A0200001440641WO,A0200000395235WO,WB2601-0021,NFD30-H65 ĐỎ/CAM,NFD30-H65H65,NFD30-H65,H65,"",A8,NFD30-H65H65,3.4538,1.0000,3.4538,1.0000,0.0000,0.00,"",79071,79023,0,Dự trù nội địa/Nứt,"","",0.00,3887.00,2026-01-21 12:49:19.493,2026-07-02 11:19:47.583,2026-05-31 00:00:00.000,2026-07-02 00:00:00.000,TONKHO,XB0004.07/26,0,"",""
FB00046,A0200003706268PX,TP20,SPM129,DCM10,1620.00,2050.00,1040.00,tấm,"1800046200001440641005",A0200001440641WO,A0200000395235WO,WB2601-0021,NFD30-H65 ĐỎ/CAM,NFD30-H65H65,NFD30-H65,H65,"",A8,NFD30-H65H65,3.4538,1.0000,3.4538,1.0000,0.0000,0.00,"",79071,79023,0,Dự trù nội địa/Nứt,"","",0.00,3887.00,2026-01-21 12:49:19.500,2026-07-02 11:19:47.540,2026-05-31 00:00:00.000,2026-07-02 00:00:00.000,TONKHO,XB0004.07/26,0,"",""
FB00046,A0200003706271PX,TP20,SPM129,DCM10,1620.00,2050.00,1040.00,tấm,"1800046200001440641006",A0200001440641WO,A0200000395235WO,WB2601-0021,NFD30-H65 ĐỎ/CAM,NFD30-H65H65,NFD30-H65,H65,"",A8,NFD30-H65H65,3.4538,1.0000,3.4538,1.0000,0.0000,0.00,"",79071,79023,0,Dự trù nội địa/Nứt,"","",0.00,3887.00,2026-01-21 12:49:19.517,2026-07-02 11:19:47.623,2026-05-31 00:00:00.000,2026-07-02 00:00:00.000,TONKHO,XB0004.07/26,0,"",""
FB00046,A0200003706270PX,TP20,SPM129,DCM10,1620.00,2050.00,1030.00,tấm,"1800046200001440641007",A0200001440641WO,A0200000395235WO,WB2601-0021,NFD30-H65 ĐỎ/CAM,NFD30-H65H65,NFD30-H65,H65,"",A8,NFD30-H65H65,3.4206,1.0000,3.4206,1.0000,0.0000,0.00,"",79071,79023,0,Dự trù nội địa/Nứt,"","",0.00,3887.00,2026-01-21 12:49:19.503,2026-07-02 11:19:47.603,2026-05-31 00:00:00.000,2026-07-02 00:00:00.000,TONKHO,XB0004.07/26,0,"",""
FB00046,A0200003706027PX,TP20,SPM129,DCM10,1620.00,2050.00,1020.00,tấm,"1800046200001440641008",A0200001440641WO,A0200000395235WO,WB2601-0021,NFD30-H65 ĐỎ/CAM,NFD30-H65H65,NFD30-H65,H65,"",A8,NFD30-H65H65,3.3874,1.0000,3.3874,1.0000,0.0000,0.00,"",79071,79023,0,Dự trù nội địa/Nứt,"","",0.00,3863.00,2026-01-21 12:49:19.510,2026-07-01 11:13:39.963,2026-05-31 00:00:00.000,2026-07-01 00:00:00.000,TONKHO,XB0001.07/26,0,"",""
FB00046,A0200003704607PX,TP20,SPM129,DCM10,1620.00,2050.00,980.00,tấm,"1800046200001440641015",A0200001440641WO,A0200000395235WO,WB2601-0021,NFD30-H65 ĐỎ/CAM,NFD30-H65H65,NFD30-H65,H65,"",A7,NFD30-H65H65,3.2546,1.0000,3.2546,1.0000,0.0000,0.00,"",79071,79023,0,Dự trù nội địa/Nứt,"","",0.00,3721.00,2026-01-23 12:45:19.620,2026-06-27 13:19:58.827,2026-05-31 00:00:00.000,2026-06-27 00:00:00.000,TONKHO,XB0057.06/26,0,"",""
FB00046,A0200003704407PX,TP20,SPM129,DCM10,1820.00,2050.00,960.00,tấm,"1800046200001440642001",A0200001440642WO,A0200000395235WO,WB2601-0021,NFD30-H65 ĐỎ/CAM,NFD30-H65H65,NFD30-H65,H65,"",A7,NFD30-H65H65,3.5818,1.0000,3.5818,1.0000,0.0000,0.00,"",79071,79023,0,IN2604-0001,"","",0.00,3717.00,2026-01-23 12:45:19.650,2026-06-27 09:10:47.260,2026-05-31 00:00:00.000,2026-06-27 00:00:00.000,TONKHO,XB0057.06/26,0,"",""
FB00046,A0200003704608PX,TP20,SPM129,DCM10,1820.00,2050.00,1030.00,tấm,"1800046200001440642002",A0200001440642WO,A0200000395235WO,WB2601-0021,NFD30-H65 ĐỎ/CAM,NFD30-H65H65,NFD30-H65,H65,"",A7,NFD30-H65H65,3.8429,1.0000,3.8429,1.0000,0.0000,0.00,"",79071,79023,0,Dự trù nội địa/Nứt,"","",0.00,3721.00,2026-01-23 12:45:19.640,2026-06-27 13:19:58.867,2026-05-31 00:00:00.000,2026-06-27 00:00:00.000,TONKHO,XB0057.06/26,0,"",""
FB00046,A0200003704606PX,TP20,SPM129,DCM10,1830.00,2050.00,850.00,tấm,"1800046200001440642005",A0200001440642WO,A0200000395235WO,WB2601-0021,NFD30-H65 ĐỎ/CAM,NFD30-H65H65,NFD30-H65,H65,"",A7,NFD30-H65H65,3.1888,1.0000,3.1888,1.0000,0.0000,0.00,"",79071,79023,0,Dự trù nội địa/Nứt,"","",0.00,3721.00,2026-01-23 12:45:19.653,2026-06-27 13:19:58.810,2026-05-31 00:00:00.000,2026-06-27 00:00:00.000,TONKHO,XB0057.06/26,0,"",""
FB00046,A0200003706266PX,TP20,SPM129,DCM10,1630.00,2050.00,940.00,tấm,"1800046200001441732001",A0200001441732WO,A0200000395684WO,WB2601-0033,NFD30-H65 ĐỎ/CAM,NFD30-H65H65,NFD30-H65,H65,"",A7,NFD30-H65H65,3.1410,1.0000,3.1410,1.0000,0.0000,0.00,"",79071,79023,0,Nứt,"","",0.00,3716.00,2026-01-28 15:45:32.243,2026-07-02 11:19:47.497,2026-05-31 00:00:00.000,2026-07-02 00:00:00.000,TONKHO,XB0004.07/26,0,"",""
FB00046,A0200003700261PX,TP20,SPM129,DCM10,860.00,2050.00,780.00,tấm,"1800046200001449876001",A0200001449876WO,A0200000398047WO,WB2603-0011,NFD30-H65 ĐỎ/CAM,NFD30-H65H65,NFD30-H65,H65,"",B8,NFD30-H65H65,1.3751,1.0000,1.3751,1.0000,0.0000,0.00,"",79071,79023,0,"","","",0.00,2107.00,2026-03-13 14:53:53.103,2026-06-09 09:28:18.180,2026-05-31 00:00:00.000,2026-06-09 00:00:00.000,TONKHO,XB0020.06/26,0,"",""
FB00046,A0200003698569PN,TP20,SPM129,DCM10,1860.00,2040.00,1070.00,tấm,"1800046200001460747002",A0200001460747WO,A0200000402436WO,WB2604-0039,NFD30-H65 ĐỎ/CAM,NFD30-H65H65,NFD30-H65,H65,"",B6,NFD30-H65H65,4.0600,1.0000,4.0600,1.0000,0.0000,0.00,"",79071,79023,0,WO2604-0152+163,"","",0.00,692.00,2026-05-04 12:28:15.457,2026-06-02 08:17:45.870,2026-05-31 00:00:00.000,2026-06-02 00:00:00.000,TONKHO,XB0006.06/26,0,"",""
FB00046,A0200003709995PX,TP20,SPM129,DCM10,2230.00,2040.00,1040.00,tấm,"1800046200001460748001",A0200001460748WO,A0200000402436WO,WB2604-0039,NFD30-H65 ĐỎ/CAM,NFD30-H65H65,NFD30-H65,H65,"",B6,NFD30-H65H65,4.7312,1.0000,4.7312,1.0000,0.0000,0.00,"",79071,79023,0,WO2604-0152+163,"","",0.00,1798.00,2026-05-04 12:28:15.470,2026-07-18 10:25:11.610,2026-05-31 00:00:00.000,2026-07-17 00:00:00.000,TONKHO,XB0036.07/26,0,"",""
FB00046,A0200003703231PX,TP20,SPM129,DCM10,1000.00,2040.00,1000.00,tấm,"1800046200001460871001",A0200001460871WO,A0200000402502WO,WB2604-0040,NFD30-H65 ĐỎ/CAM,NFD30-H65H65,NFD30-H65,H65,"","",NFD30-H65H65,4.0800,2.0000,2.0400,1.0000,2.0400,1.00,"",79071,79023,0,"","",SX DU,0.00,17.00,2026-06-22 16:27:11.233,2026-06-23 09:08:03.643,2026-06-22 00:00:00.000,2026-06-22 00:00:00.000,XB0048.06/26,XB0048.06/26,0,"",""
FB00046,A0200003698490PN,TP20,SPM129,DCM10,1630.00,2040.00,990.00,tấm,"1800046200001463826003",A0200001463826WO,A0200000403460WO,WB2605-0020,NFD30-H65 ĐỎ/CAM,NFD30-H65H65,NFD30-H65,H65,"",B9,NFD30-H65H65,3.2919,1.0000,3.2920,1.0000,-0.0001,0.00,"",79071,79023,0,WO2605-096+WL12605-0008,"","",0.00,331.00,2026-05-19 13:09:16.797,2026-06-02 08:17:45.833,2026-05-31 00:00:00.000,2026-06-02 00:00:00.000,TONKHO,XB0006.06/26,0,"",""
FB00046,A0200003698486PN,TP20,SPM129,DCM10,1850.00,2040.00,1060.00,tấm,"1800046200001463827002",A0200001463827WO,A0200000403460WO,WB2605-0020,NFD30-H65 ĐỎ/CAM,NFD30-H65H65,NFD30-H65,H65,"",B9,NFD30-H65H65,4.0004,1.0000,4.0004,1.0000,0.0000,0.00,"",79071,79023,0,WO2605-096+WL12605-0008,"","",0.00,331.00,2026-05-19 13:09:16.657,2026-06-02 08:17:45.777,2026-05-31 00:00:00.000,2026-06-02 00:00:00.000,TONKHO,XB0006.06/26,0,"",""
FB00046,A0200003698491PN,TP20,SPM129,DCM10,1840.00,2040.00,1040.00,tấm,"1800046200001463827003",A0200001463827WO,A0200000403460WO,WB2605-0020,NFD30-H65 ĐỎ/CAM,NFD30-H65H65,NFD30-H65,H65,"",B9,NFD30-H65H65,3.9037,1.0000,3.9037,1.0000,0.0000,0.00,"",79071,79023,0,WO2605-096+WL12605-0008,"","",0.00,331.00,2026-05-19 13:09:16.703,2026-06-02 08:17:45.790,2026-05-31 00:00:00.000,2026-06-02 00:00:00.000,TONKHO,XB0006.06/26,0,"",""
FB00046,A0200003698487PN,TP20,SPM129,DCM10,1830.00,2040.00,1050.00,tấm,"1800046200001463827004",A0200001463827WO,A0200000403460WO,WB2605-0020,NFD30-H65 ĐỎ/CAM,NFD30-H65H65,NFD30-H65,H65,"",B9,NFD30-H65H65,3.9199,1.0000,3.9199,1.0000,0.0000,0.00,"",79071,79023,0,WO2605-096+WL12605-0008,"","",0.00,331.00,2026-05-19 13:09:16.683,2026-06-02 08:17:45.783,2026-05-31 00:00:00.000,2026-06-02 00:00:00.000,TONKHO,XB0006.06/26,0,"",""
FB00046,A0200003709316PX,TP20,SPM129,DCM10,2240.00,2040.00,1040.00,tấm,"1800046200001463828001",A0200001463828WO,A0200000403460WO,WB2605-0020,NFD30-H65 ĐỎ/CAM,NFD30-H65H65,NFD30-H65,H65,"","",NFD30-H65H65,9.5048,2.0000,4.7524,1.0000,4.7524,1.00,"",79071,79023,0,WO2605-096+WL12605-0008,"","",0.00,1.00,2026-07-15 15:32:37.930,2026-07-15 16:19:47.723,2026-07-15 00:00:00.000,2026-07-15 00:00:00.000,XB0033.07/26,XB0033.07/26,0,"",""
FB00046,A0200003709317PX,TP20,SPM129,DCM10,2220.00,2040.00,1060.00,tấm,"1800046200001463828002",A0200001463828WO,A0200000403460WO,WB2605-0020,NFD30-H65 ĐỎ/CAM,NFD30-H65H65,NFD30-H65,H65,"","",NFD30-H65H65,9.6010,2.0000,4.8005,1.0000,4.8005,1.00,"",79071,79023,0,WO2605-096+WL12605-0008,"","",0.00,1.00,2026-07-15 15:32:37.930,2026-07-15 16:19:47.727,2026-07-15 00:00:00.000,2026-07-15 00:00:00.000,XB0033.07/26,XB0033.07/26,0,"",""
FB00046,A0200003703230PX,TP20,SPM129,DCM10,2230.00,2040.00,970.00,tấm,"1800046200001463841001",A0200001463841WO,A0200000403477WO,WB2605-0021,NFD30-H65 ĐỎ/CAM,NFD30-H65H65,NFD30-H65,H65,"","",NFD30-H65H65,8.8254,2.0000,4.4127,1.0000,4.4127,1.00,"",79071,79023,0,"","",SX DU,0.00,17.00,2026-06-22 16:27:11.233,2026-06-23 09:08:03.623,2026-06-22 00:00:00.000,2026-06-22 00:00:00.000,XB0048.06/26,XB0048.06/26,0,"",""
FB00046,A0200003701265PX,TP20,SPM129,DCM10,1240.00,2040.00,960.00,tấm,"1800046200001466592001",A0200001466592WO,A0200000404389WO,WB2606-0001,NFD30-H65 ĐỎ/CAM,NFD30-H65H65,NFD30-H65,H65,"",B7,NFD30-H65H65,2.4280,1.0000,2.4280,1.0000,0.0000,0.00,"",79071,79023,0,Đơn hàng WO2605-210+212,"",SX THEO DON HANG,0.00,312.00,2026-06-02 08:21:47.157,2026-06-15 08:47:04.680,2026-06-02 00:00:00.000,2026-06-15 00:00:00.000,KK0002.06/26,XB0032.06/26,0,"",""
FB00046,A0200003700869PX,TP20,SPM129,DCM10,1430.00,2040.00,970.00,tấm,"1800046200001466593001",A0200001466593WO,A0200000404389WO,WB2606-0001,NFD30-H65 ĐỎ/CAM,NFD30-H65H65,NFD30-H65,H65,"",B7,NFD30-H65H65,2.8300,1.0000,2.8300,1.0000,0.0000,0.00,"",79071,79023,0,Đơn hàng WO2605-210+212,"",SX THEO DON HANG,0.00,240.00,2026-06-02 08:21:47.140,2026-06-12 08:15:02.100,2026-06-02 00:00:00.000,2026-06-12 00:00:00.000,KK0002.06/26,XB0027.06/26,0,"",""
FB00046,A0200003700867PX,TP20,SPM129,DCM10,1630.00,2040.00,1030.00,tấm,"1800046200001466594001",A0200001466594WO,A0200000404389WO,WB2606-0001,NFD30-H65 ĐỎ/CAM,NFD30-H65H65,NFD30-H65,H65,"",B7,NFD30-H65H65,3.4250,1.0000,3.4250,1.0000,0.0000,0.00,"",79071,79023,0,Đơn hàng WO2605-210+212,"",SX THEO DON HANG,0.00,240.00,2026-06-02 08:21:47.043,2026-06-12 08:15:02.037,2026-06-02 00:00:00.000,2026-06-12 00:00:00.000,KK0002.06/26,XB0027.06/26,0,"",""
FB00046,A0200003701266PX,TP20,SPM129,DCM10,1630.00,2040.00,990.00,tấm,"1800046200001466594002",A0200001466594WO,A0200000404389WO,WB2606-0001,NFD30-H65 ĐỎ/CAM,NFD30-H65H65,NFD30-H65,H65,"",B7,NFD30-H65H65,3.2920,1.0000,3.2920,1.0000,0.0000,0.00,"",79071,79023,0,Đơn hàng WO2605-210+212,"",SX THEO DON HANG,0.00,312.00,2026-06-02 08:21:47.120,2026-06-15 08:47:04.690,2026-06-02 00:00:00.000,2026-06-15 00:00:00.000,KK0002.06/26,XB0032.06/26,0,"",""
FB00046,A0200003700868PX,TP20,SPM129,DCM10,1650.00,2040.00,1010.00,tấm,"1800046200001466594003",A0200001466594WO,A0200000404389WO,WB2606-0001,NFD30-H65 ĐỎ/CAM,NFD30-H65H65,NFD30-H65,H65,"",B7,NFD30-H65H65,3.4000,1.0000,3.4000,1.0000,0.0000,0.00,"",79071,79023,0,Đơn hàng WO2605-210+212,"",SX THEO DON HANG,0.00,240.00,2026-06-02 08:21:47.077,2026-06-12 08:15:02.057,2026-06-02 00:00:00.000,2026-06-12 00:00:00.000,KK0002.06/26,XB0027.06/26,0,"",""
FB00046,A0200003700866PX,TP20,SPM129,DCM10,1630.00,2040.00,1020.00,tấm,"1800046200001466594004",A0200001466594WO,A0200000404389WO,WB2606-0001,NFD30-H65 ĐỎ/CAM,NFD30-H65H65,NFD30-H65,H65,"",B7,NFD30-H65H65,3.3920,1.0000,3.3920,1.0000,0.0000,0.00,"",79071,79023,0,Đơn hàng WO2605-210+212,"",SX THEO DON HANG,0.00,240.00,2026-06-02 08:21:47.060,2026-06-12 08:15:00.820,2026-06-02 00:00:00.000,2026-06-12 00:00:00.000,KK0002.06/26,XB0027.06/26,0,"",""
FB00046,A0200003699901PX,TP20,SPM129,DCM10,1830.00,2040.00,1070.00,tấm,"1800046200001466595001",A0200001466595WO,A0200000404389WO,WB2606-0001,NFD30-H65 ĐỎ/CAM,NFD30-H65H65,NFD30-H65,H65,"",B7,NFD30-H65H65,3.9950,1.0000,3.9950,1.0000,0.0000,0.00,"",79071,79023,0,Đơn hàng WO2605-210+212,"",SX THEO DON HANG,0.00,97.00,2026-06-02 08:21:46.973,2026-06-06 09:43:48.500,2026-06-02 00:00:00.000,2026-06-06 00:00:00.000,KK0002.06/26,XB0016.06/26,0,"",""
FB00046,A0200003700271PX,TP20,SPM129,DCM10,1840.00,2040.00,1080.00,tấm,"1800046200001466595002",A0200001466595WO,A0200000404389WO,WB2606-0001,NFD30-H65 ĐỎ/CAM,NFD30-H65H65,NFD30-H65,H65,"",B7,NFD30-H65H65,4.0540,1.0000,4.0540,1.0000,0.0000,0.00,"",79071,79023,0,Đơn hàng WO2605-210+212,"",SX THEO DON HANG,0.00,169.00,2026-06-02 08:21:46.990,2026-06-09 09:55:44.817,2026-06-02 00:00:00.000,2026-06-09 00:00:00.000,KK0002.06/26,XB0020.06/26,0,"",""
FB00046,A0200003699900PX,TP20,SPM129,DCM10,1830.00,2040.00,1070.00,tấm,"1800046200001466595003",A0200001466595WO,A0200000404389WO,WB2606-0001,NFD30-H65 ĐỎ/CAM,NFD30-H65H65,NFD30-H65,H65,"",B7,NFD30-H65H65,3.9950,1.0000,3.9950,1.0000,0.0000,0.00,"",79071,79023,0,Đơn hàng WO2605-210+212,"",SX THEO DON HANG,0.00,97.00,2026-06-02 08:21:47.007,2026-06-06 09:43:48.487,2026-06-02 00:00:00.000,2026-06-06 00:00:00.000,KK0002.06/26,XB0016.06/26,0,"",""
FB00046,A0200003701267PX,TP20,SPM129,DCM10,1840.00,2040.00,1050.00,tấm,"1800046200001466595004",A0200001466595WO,A0200000404389WO,WB2606-0001,NFD30-H65 ĐỎ/CAM,NFD30-H65H65,NFD30-H65,H65,"",B7,NFD30-H65H65,3.9410,1.0000,3.9410,1.0000,0.0000,0.00,"",79071,79023,0,Đơn hàng WO2605-210+212,"",SX THEO DON HANG,0.00,312.00,2026-06-02 08:21:47.023,2026-06-15 08:47:04.717,2026-06-02 00:00:00.000,2026-06-15 00:00:00.000,KK0002.06/26,XB0032.06/26,0,"",""
FB00046,A0200003706805PX,TP20,SPM129,DCM10,2240.00,2040.00,980.00,tấm,"1800046200001466635001",A0200001466635WO,A0200000404472WO,WB2606-0002,NFD30-H65 ĐỎ/CAM,NFD30-H65H65,NFD30-H65,H65,"",B7,NFD30-H65H65,4.4780,1.0000,4.4780,1.0000,0.0000,0.00,"",79071,79023,0,"","",SX THEO DON HANG,0.00,775.00,2026-06-02 08:21:46.927,2026-07-04 15:12:02.650,2026-06-02 00:00:00.000,2026-07-04 00:00:00.000,KK0002.06/26,XB0009.07/26,0,"",""
FB00046,A0200003707373PX,TP20,SPM129,DCM10,1240.00,2040.00,930.00,tấm,"1800046200001469290001",A0200001469290WO,A0200000405264WO,WB2606-0019,NFD30-H65 ĐỎ/CAM,NFD30-H65H65,NFD30-H65,H65,"",B1,NFD30-H65H65,2.3530,1.0000,2.3530,1.0000,0.0000,0.00,"",79071,79023,0,WO2606-085+87+88,"",SX THEO ĐƠN HÀNG,0.00,504.00,2026-06-17 09:27:18.877,2026-07-08 09:55:27.140,2026-06-17 00:00:00.000,2026-07-08 00:00:00.000,KK0012.06/26,XB0018.07/26,0,"",""
FB00046,A0200003706749PX,TP20,SPM129,DCM10,1440.00,2040.00,990.00,tấm,"1800046200001469291001",A0200001469291WO,A0200000405264WO,WB2606-0019,NFD30-H65 ĐỎ/CAM,NFD30-H65H65,NFD30-H65,H65,"",B1,NFD30-H65H65,2.9080,1.0000,2.9080,1.0000,0.0000,0.00,"",79071,79023,0,WO2606-085+87+88,"",SX THEO ĐƠN HÀNG,0.00,409.00,2026-06-17 09:27:18.883,2026-07-04 10:34:01.547,2026-06-17 00:00:00.000,2026-07-04 00:00:00.000,KK0012.06/26,XB0009.07/26,0,"",""
FB00046,A0200003703365PX,TP20,SPM129,DCM10,1640.00,2040.00,1010.00,tấm,"1800046200001469292001",A0200001469292WO,A0200000405264WO,WB2606-0019,NFD30-H65 ĐỎ/CAM,NFD30-H65H65,NFD30-H65,H65,"",B1,NFD30-H65H65,3.3790,1.0000,3.3790,1.0000,0.0000,0.00,"",79071,79023,0,WO2606-085+87+88,"",SX THEO ĐƠN HÀNG,0.00,149.00,2026-06-17 09:27:18.910,2026-06-23 14:07:25.603,2026-06-17 00:00:00.000,2026-06-23 00:00:00.000,KK0012.06/26,XB0050.06/26,0,"",""
FB00046,A0200003703366PX,TP20,SPM129,DCM10,1630.00,2040.00,1050.00,tấm,"1800046200001469292002",A0200001469292WO,A0200000405264WO,WB2606-0019,NFD30-H65 ĐỎ/CAM,NFD30-H65H65,NFD30-H65,H65,"",B1,NFD30-H65H65,3.4910,1.0000,3.4910,1.0000,0.0000,0.00,"",79071,79023,0,WO2606-085+87+88,"",SX THEO ĐƠN HÀNG,0.00,149.00,2026-06-17 09:27:18.913,2026-06-23 14:07:25.617,2026-06-17 00:00:00.000,2026-06-23 00:00:00.000,KK0012.06/26,XB0050.06/26,0,"",""
FB00046,A0200003703367PX,TP20,SPM129,DCM10,1640.00,2040.00,1080.00,tấm,"1800046200001469292003",A0200001469292WO,A0200000405264WO,WB2606-0019,NFD30-H65 ĐỎ/CAM,NFD30-H65H65,NFD30-H65,H65,"",B1,NFD30-H65H65,3.6130,1.0000,3.6130,1.0000,0.0000,0.00,"",79071,79023,0,WO2606-085+87+88,"",SX THEO ĐƠN HÀNG,0.00,149.00,2026-06-17 09:27:18.917,2026-06-23 14:07:25.630,2026-06-17 00:00:00.000,2026-06-23 00:00:00.000,KK0012.06/26,XB0050.06/26,0,"",""
FB00046,A0200003703369PX,TP20,SPM129,DCM10,1650.00,2040.00,1100.00,tấm,"1800046200001469292004",A0200001469292WO,A0200000405264WO,WB2606-0019,NFD30-H65 ĐỎ/CAM,NFD30-H65H65,NFD30-H65,H65,"",B1,NFD30-H65H65,3.7030,1.0000,3.7030,1.0000,0.0000,0.00,"",79071,79023,0,WO2606-085+87+88,"",SX THEO ĐƠN HÀNG,0.00,149.00,2026-06-17 09:27:18.927,2026-06-23 14:07:25.663,2026-06-17 00:00:00.000,2026-06-23 00:00:00.000,KK0012.06/26,XB0050.06/26,0,"",""
FB00046,A0200003703368PX,TP20,SPM129,DCM10,1640.00,2040.00,1080.00,tấm,"1800046200001469292005",A0200001469292WO,A0200000405264WO,WB2606-0019,NFD30-H65 ĐỎ/CAM,NFD30-H65H65,NFD30-H65,H65,"",B1,NFD30-H65H65,3.6130,1.0000,3.6130,1.0000,0.0000,0.00,"",79071,79023,0,WO2606-085+87+88,"",SX THEO ĐƠN HÀNG,0.00,149.00,2026-06-17 09:27:18.920,2026-06-23 14:07:25.647,2026-06-17 00:00:00.000,2026-06-23 00:00:00.000,KK0012.06/26,XB0050.06/26,0,"",""
FB00046,A0200003707763PX,TP20,SPM129,DCM10,1850.00,2040.00,1040.00,tấm,"1800046200001469293001",A0200001469293WO,A0200000405264WO,WB2606-0019,NFD30-H65 ĐỎ/CAM,NFD30-H65H65,NFD30-H65,H65,"",B1,NFD30-H65H65,3.9250,1.0000,3.9250,1.0000,0.0000,0.00,"",79071,79023,0,WO2606-085+87+88,"",SX THEO ĐƠN HÀNG,0.00,528.00,2026-06-17 09:27:18.947,2026-07-09 09:18:53.610,2026-06-17 00:00:00.000,2026-07-09 00:00:00.000,KK0012.06/26,XB0020.07/26,0,"",""
FB00046,A0200003704604PX,TP20,SPM129,DCM10,1850.00,2040.00,1060.00,tấm,"1800046200001469293002",A0200001469293WO,A0200000405264WO,WB2606-0019,NFD30-H65 ĐỎ/CAM,NFD30-H65H65,NFD30-H65,H65,"",B1,NFD30-H65H65,4.0000,1.0000,4.0000,1.0000,0.0000,0.00,"",79071,79023,0,WO2606-085+87+88,"",SX THEO ĐƠN HÀNG,0.00,244.00,2026-06-17 09:27:18.940,2026-06-27 13:19:57.457,2026-06-17 00:00:00.000,2026-06-27 00:00:00.000,KK0012.06/26,XB0057.06/26,0,"",""
FB00046,A0200003704605PX,TP20,SPM129,DCM10,1820.00,2040.00,1110.00,tấm,"1800046200001469293003",A0200001469293WO,A0200000405264WO,WB2606-0019,NFD30-H65 ĐỎ/CAM,NFD30-H65H65,NFD30-H65,H65,"",B1,NFD30-H65H65,4.1210,1.0000,4.1210,1.0000,0.0000,0.00,"",79071,79023,0,WO2606-085+87+88,"",SX THEO ĐƠN HÀNG,0.00,244.00,2026-06-17 09:27:18.930,2026-06-27 13:19:58.763,2026-06-17 00:00:00.000,2026-06-27 00:00:00.000,KK0012.06/26,XB0057.06/26,0,"",""
FB00046,A0200003704005PX,TP20,SPM129,DCM10,1840.00,2040.00,1080.00,tấm,"1800046200001469293004",A0200001469293WO,A0200000405264WO,WB2606-0019,NFD30-H65 ĐỎ/CAM,NFD30-H65H65,NFD30-H65,H65,"",B1,NFD30-H65H65,4.0540,1.0000,4.0540,1.0000,0.0000,0.00,"",79071,79023,0,WO2606-085+87+88,"",SX THEO ĐƠN HÀNG,0.00,196.00,2026-06-17 09:27:18.937,2026-06-25 13:55:52.340,2026-06-17 00:00:00.000,2026-06-25 00:00:00.000,KK0012.06/26,XB0053.06/26,0,"",""
FB00046,A0200003707037PX,TP20,SPM129,DCM10,1840.00,2040.00,900.00,tấm,"1800046200001469293005",A0200001469293WO,A0200000405264WO,WB2606-0019,NFD30-H65 ĐỎ/CAM,NFD30-H65H65,NFD30-H65,H65,"",B1,NFD30-H65H65,3.3780,1.0000,3.3780,1.0000,0.0000,0.00,"",79071,79023,0,WO2606-085+87+88,"",SX THEO ĐƠN HÀNG,0.00,461.00,2026-06-17 09:27:18.950,2026-07-06 14:28:02.863,2026-06-17 00:00:00.000,2026-07-06 00:00:00.000,KK0012.06/26,XB0012.07/26,0,"",""
FB00046,A0200003707762PX,TP20,SPM129,DCM10,1630.00,2040.00,1100.00,tấm,"1800046200001471188001",A0200001471188WO,A0200000405918WO,WB2606-0032,NFD30-H65 ĐỎ/CAM,NFD30-H65H65,NFD30-H65,H65,"",B9,NFD30-H65H65,3.6580,1.0000,3.6580,1.0000,0.0000,0.00,"",79071,79023,0,WO2606-0184,"",SX THEO ĐƠN HÀNG,0.00,287.00,2026-06-27 10:19:26.220,2026-07-09 09:18:53.553,2026-06-27 00:00:00.000,2026-07-09 00:00:00.000,KK0018.06/26,XB0020.07/26,0,"",""
FB00046,A0200003707038PX,TP20,SPM129,DCM10,1630.00,2040.00,1070.00,tấm,"1800046200001471188002",A0200001471188WO,A0200000405918WO,WB2606-0032,NFD30-H65 ĐỎ/CAM,NFD30-H65H65,NFD30-H65,H65,"",B9,NFD30-H65H65,3.5580,1.0000,3.5580,1.0000,0.0000,0.00,"",79071,79023,0,WO2606-0184,"",SX THEO ĐƠN HÀNG,0.00,220.00,2026-06-27 10:19:26.213,2026-07-06 14:28:02.883,2026-06-27 00:00:00.000,2026-07-06 00:00:00.000,KK0018.06/26,XB0012.07/26,0,"",""
FB00046,A0200003707760PX,TP20,SPM129,DCM10,1640.00,2040.00,1100.00,tấm,"1800046200001471188003",A0200001471188WO,A0200000405918WO,WB2606-0032,NFD30-H65 ĐỎ/CAM,NFD30-H65H65,NFD30-H65,H65,"",B9,NFD30-H65H65,3.6800,1.0000,3.6800,1.0000,0.0000,0.00,"",79071,79023,0,WO2606-0184,"",SX THEO ĐƠN HÀNG,0.00,287.00,2026-06-27 10:19:26.220,2026-07-09 09:18:53.437,2026-06-27 00:00:00.000,2026-07-09 00:00:00.000,KK0018.06/26,XB0020.07/26,0,"",""
FB00046,A0200003706264PX,TP20,SPM129,DCM10,1640.00,2040.00,1020.00,tấm,"1800046200001471188004",A0200001471188WO,A0200000405918WO,WB2606-0032,NFD30-H65 ĐỎ/CAM,NFD30-H65H65,NFD30-H65,H65,"",B9,NFD30-H65H65,3.4130,1.0000,3.4130,1.0000,0.0000,0.00,"",79071,79023,0,WO2606-0184,"",SX THEO ĐƠN HÀNG,0.00,121.00,2026-06-27 10:19:26.203,2026-07-02 11:19:47.423,2026-06-27 00:00:00.000,2026-07-02 00:00:00.000,KK0018.06/26,XB0004.07/26,0,"",""
FB00046,A0200003707039PX,TP20,SPM129,DCM10,1640.00,2040.00,1080.00,tấm,"1800046200001471188005",A0200001471188WO,A0200000405918WO,WB2606-0032,NFD30-H65 ĐỎ/CAM,NFD30-H65H65,NFD30-H65,H65,"",B9,NFD30-H65H65,3.6130,1.0000,3.6130,1.0000,0.0000,0.00,"",79071,79023,0,WO2606-0184,"",SX THEO ĐƠN HÀNG,0.00,220.00,2026-06-27 10:19:26.217,2026-07-06 14:28:02.887,2026-06-27 00:00:00.000,2026-07-06 00:00:00.000,KK0018.06/26,XB0012.07/26,0,"",""
FB00046,A0200003707374PX,TP20,SPM129,DCM10,1640.00,2040.00,1040.00,tấm,"1800046200001471188006",A0200001471188WO,A0200000405918WO,WB2606-0032,NFD30-H65 ĐỎ/CAM,NFD30-H65H65,NFD30-H65,H65,"",B9,NFD30-H65H65,3.4790,1.0000,3.4790,1.0000,0.0000,0.00,"",79071,79023,0,WO2606-0184,"",SX THEO ĐƠN HÀNG,0.00,263.00,2026-06-27 10:19:26.210,2026-07-08 09:55:27.180,2026-06-27 00:00:00.000,2026-07-08 00:00:00.000,KK0018.06/26,XB0018.07/26,0,"",""
FB00046,A0200003705366PX,TP20,SPM129,DCM10,1650.00,2040.00,1030.00,tấm,"1800046200001471459001",A0200001471459WO,A0200000406047WO,WB2606-0033,NFD30-H65 ĐỎ/CAM,NFD30-H65H65,NFD30-H65,H65,"",B9,NFD30-H65H65,3.4670,1.0000,3.4670,1.0000,0.0000,0.00,"",79071,79023,0,"","",SX THEO ĐƠN HÀNG,0.00,72.00,2026-06-27 10:19:26.247,2026-06-30 10:19:06.433,2026-06-27 00:00:00.000,2026-06-30 00:00:00.000,KK0018.06/26,XB0063.06/26,0,"",""
FB00046,A0200003708607PX,TP20,SPM129,DCM10,1820.00,2040.00,1090.00,tấm,"1800046200001471460001",A0200001471460WO,A0200000406047WO,WB2606-0033,NFD30-H65 ĐỎ/CAM,NFD30-H65H65,NFD30-H65,H65,"",B9,NFD30-H65H65,4.0470,1.0000,4.0470,1.0000,0.0000,0.00,"",79071,79023,0,"","",SX THEO ĐƠN HÀNG,0.00,383.00,2026-06-27 10:19:26.243,2026-07-13 09:15:56.823,2026-06-27 00:00:00.000,2026-07-13 00:00:00.000,KK0018.06/26,XB0027.07/26,0,"",""
FB00046,A0200003708836PN,TP20,SPM129,DCM10,1230.00,2040.00,970.00,tấm,"1800046200001474196001",A0200001474196WO,A0200000406883WO,WB2607-0013,NFD30-H65 ĐỎ/CAM,NFD30-H65H65,NFD30-H65,H65,"",B7,NFD30-H65H65,2.4340,1.0000,0.0000,0.0000,2.4340,1.00,"",79071,79023,0,Đơn hàng WO2607-063,"",SX THEO ĐƠN HÀNG,0.00,216.00,2026-07-14 09:43:01.830,,2026-07-14 00:00:00.000,,KK0010.07/26,,0,"",""
FB00046,A0200003708835PN,TP20,SPM129,DCM10,1450.00,2040.00,1000.00,tấm,"1800046200001474197001",A0200001474197WO,A0200000406883WO,WB2607-0013,NFD30-H65 ĐỎ/CAM,NFD30-H65H65,NFD30-H65,H65,"",B7,NFD30-H65H65,2.9580,1.0000,0.0000,0.0000,2.9580,1.00,"",79071,79023,0,Đơn hàng WO2607-063,"",SX THEO ĐƠN HÀNG,0.00,216.00,2026-07-14 09:43:01.823,,2026-07-14 00:00:00.000,,KK0010.07/26,,0,"",""
FB00046,A0200003709236PX,TP20,SPM129,DCM10,1630.00,2040.00,1030.00,tấm,"1800046200001474198001",A0200001474198WO,A0200000406883WO,WB2607-0013,NFD30-H65 ĐỎ/CAM,NFD30-H65H65,NFD30-H65,H65,"",B7,NFD30-H65H65,3.4250,1.0000,3.4250,1.0000,0.0000,0.00,"",79071,79023,0,Đơn hàng WO2607-063,"",SX THEO ĐƠN HÀNG,0.00,29.00,2026-07-14 09:43:01.820,2026-07-15 14:33:08.237,2026-07-14 00:00:00.000,2026-07-15 00:00:00.000,KK0010.07/26,XB0032.07/26,0,"",""
FB00046,A0200003709964PX,TP20,SPM129,DCM10,1640.00,2040.00,1100.00,tấm,"1800046200001474198002",A0200001474198WO,A0200000406883WO,WB2607-0013,NFD30-H65 ĐỎ/CAM,NFD30-H65H65,NFD30-H65,H65,"",B7,NFD30-H65H65,3.6800,1.0000,3.6800,1.0000,0.0000,0.00,"",79071,79023,0,Đơn hàng WO2607-063,"",SX THEO ĐƠN HÀNG,0.00,97.00,2026-07-14 09:43:01.793,2026-07-18 10:04:11.083,2026-07-14 00:00:00.000,2026-07-18 00:00:00.000,KK0010.07/26,XB0039.07/26,0,"",""
FB00046,A0200003709234PX,TP20,SPM129,DCM10,1640.00,2040.00,1070.00,tấm,"1800046200001474198003",A0200001474198WO,A0200000406883WO,WB2607-0013,NFD30-H65 ĐỎ/CAM,NFD30-H65H65,NFD30-H65,H65,"",B7,NFD30-H65H65,3.5800,1.0000,3.5800,1.0000,0.0000,0.00,"",79071,79023,0,Đơn hàng WO2607-063,"",SX THEO ĐƠN HÀNG,0.00,29.00,2026-07-14 09:43:01.813,2026-07-15 14:33:08.220,2026-07-14 00:00:00.000,2026-07-15 00:00:00.000,KK0010.07/26,XB0032.07/26,0,"",""
FB00046,A0200003708830PN,TP20,SPM129,DCM10,1640.00,2040.00,1100.00,tấm,"1800046200001474198004",A0200001474198WO,A0200000406883WO,WB2607-0013,NFD30-H65 ĐỎ/CAM,NFD30-H65H65,NFD30-H65,H65,"",B7,NFD30-H65H65,3.6800,1.0000,0.0000,0.0000,3.6800,1.00,"",79071,79023,0,Đơn hàng WO2607-063,"",SX THEO ĐƠN HÀNG,0.00,216.00,2026-07-14 09:43:01.800,,2026-07-14 00:00:00.000,,KK0010.07/26,,0,"",""
FB00046,A0200003708831PN,TP20,SPM129,DCM10,1630.00,2040.00,1100.00,tấm,"1800046200001474198005",A0200001474198WO,A0200000406883WO,WB2607-0013,NFD30-H65 ĐỎ/CAM,NFD30-H65H65,NFD30-H65,H65,"",B7,NFD30-H65H65,3.6580,1.0000,0.0000,0.0000,3.6580,1.00,"",79071,79023,0,Đơn hàng WO2607-063,"",SX THEO ĐƠN HÀNG,0.00,216.00,2026-07-14 09:43:01.803,,2026-07-14 00:00:00.000,,KK0010.07/26,,0,"",""
FB00046,A0200003708828PN,TP20,SPM129,DCM10,1650.00,2040.00,1080.00,tấm,"1800046200001474198006",A0200001474198WO,A0200000406883WO,WB2607-0013,NFD30-H65 ĐỎ/CAM,NFD30-H65H65,NFD30-H65,H65,"",B7,NFD30-H65H65,3.6350,1.0000,0.0000,0.0000,3.6350,1.00,"",79071,79023,0,Đơn hàng WO2607-063,"",SX THEO ĐƠN HÀNG,0.00,216.00,2026-07-14 09:43:01.787,,2026-07-14 00:00:00.000,,KK0010.07/26,,0,"",""
FB00046,A0200003709235PX,TP20,SPM129,DCM10,1650.00,2040.00,1090.00,tấm,"1800046200001474198007",A0200001474198WO,A0200000406883WO,WB2607-0013,NFD30-H65 ĐỎ/CAM,NFD30-H65H65,NFD30-H65,H65,"",B7,NFD30-H65H65,3.6690,1.0000,3.6690,1.0000,0.0000,0.00,"",79071,79023,0,Đơn hàng WO2607-063,"",SX THEO ĐƠN HÀNG,0.00,29.00,2026-07-14 09:43:01.810,2026-07-15 14:33:08.227,2026-07-14 00:00:00.000,2026-07-15 00:00:00.000,KK0010.07/26,XB0032.07/26,0,"",""
FB00046,A0200003708827PN,TP20,SPM129,DCM10,1620.00,2040.00,1060.00,tấm,"1800046200001474198008",A0200001474198WO,A0200000406883WO,WB2607-0013,NFD30-H65 ĐỎ/CAM,NFD30-H65H65,NFD30-H65,H65,"",B7,NFD30-H65H65,3.5030,1.0000,0.0000,0.0000,3.5030,1.00,"",79071,79023,0,Đơn hàng WO2607-063,"",SX THEO ĐƠN HÀNG,0.00,216.00,2026-07-14 09:43:01.783,,2026-07-14 00:00:00.000,,KK0010.07/26,,0,"",""
FB00046,A0200003708825PN,TP20,SPM129,DCM10,1840.00,2040.00,1020.00,tấm,"1800046200001474199001",A0200001474199WO,A0200000406883WO,WB2607-0013,NFD30-H65 ĐỎ/CAM,NFD30-H65H65,NFD30-H65,H65,"",B7,NFD30-H65H65,3.8290,1.0000,0.0000,0.0000,3.8290,1.00,"",79071,79023,0,Đơn hàng WO2607-063,"",SX THEO ĐƠN HÀNG,0.00,216.00,2026-07-14 09:43:01.777,,2026-07-14 00:00:00.000,,KK0010.07/26,,0,"",""
FB00046,A0200003709233PX,TP20,SPM129,DCM10,1850.00,2040.00,1000.00,tấm,"1800046200001474199002",A0200001474199WO,A0200000406883WO,WB2607-0013,NFD30-H65 ĐỎ/CAM,NFD30-H65H65,NFD30-H65,H65,"",B7,NFD30-H65H65,3.7740,1.0000,3.7740,1.0000,0.0000,0.00,"",79071,79023,0,Đơn hàng WO2607-063,"",SX THEO ĐƠN HÀNG,0.00,29.00,2026-07-14 09:43:01.763,2026-07-15 14:33:08.210,2026-07-14 00:00:00.000,2026-07-15 00:00:00.000,KK0010.07/26,XB0032.07/26,0,"",""
FB00046,A0200003711859PX,TP20,SPM129,DCM10,1850.00,2040.00,1040.00,tấm,"1800046200001474199003",A0200001458940WO,A0200000401865WO,WB2604-0029,NFD30-H65 ĐỎ/CAM,NFD30-H65H65,NFD30-H65,H65,"",B7,NFD30-H65H65,0.0000,0.0000,3.9250,1.0000,-3.9250,-1.00,"",79071,79023,0,Đơn hàng WO2607-063,"","",0.00,,,2026-07-23 09:30:50.250,,2026-07-23 00:00:00.000,,XB0053.07/26,0,"",""
FB00046,A0200003708826PN,TP20,SPM129,DCM10,1850.00,2040.00,1040.00,tấm,"1800046200001474199003",A0200001474199WO,A0200000406883WO,WB2607-0013,NFD30-H65 ĐỎ/CAM,NFD30-H65H65,NFD30-H65,H65,"",B7,NFD30-H65H65,3.9250,1.0000,0.0000,0.0000,3.9250,1.00,"",79071,79023,0,Đơn hàng WO2607-063,"",SX THEO ĐƠN HÀNG,0.00,216.00,2026-07-14 09:43:01.780,,2026-07-14 00:00:00.000,,KK0010.07/26,,0,"",""
FB00046,A0200003708824PN,TP20,SPM129,DCM10,1840.00,2040.00,1010.00,tấm,"1800046200001474199004",A0200001474199WO,A0200000406883WO,WB2607-0013,NFD30-H65 ĐỎ/CAM,NFD30-H65H65,NFD30-H65,H65,"",B7,NFD30-H65H65,3.7910,1.0000,0.0000,0.0000,3.7910,1.00,"",79071,79023,0,Đơn hàng WO2607-063,"",SX THEO ĐƠN HÀNG,0.00,216.00,2026-07-14 09:43:01.770,,2026-07-14 00:00:00.000,,KK0010.07/26,,0,"",""
FB00046,A0200003709231PX,TP20,SPM129,DCM10,1860.00,2040.00,930.00,tấm,"1800046200001474199006",A0200001474199WO,A0200000406883WO,WB2607-0013,NFD30-H65 ĐỎ/CAM,NFD30-H65H65,NFD30-H65,H65,"",B7,NFD30-H65H65,3.5290,1.0000,3.5290,1.0000,0.0000,0.00,"",79071,79023,0,Đơn hàng WO2607-063,"",SX THEO ĐƠN HÀNG,0.00,29.00,2026-07-14 09:43:01.760,2026-07-15 14:33:08.170,2026-07-14 00:00:00.000,2026-07-15 00:00:00.000,KK0010.07/26,XB0032.07/26,0,"",""
FB00046,A0200003709232PX,TP20,SPM129,DCM10,1840.00,2040.00,1000.00,tấm,"1800046200001474199008",A0200001474199WO,A0200000406883WO,WB2607-0013,NFD30-H65 ĐỎ/CAM,NFD30-H65H65,NFD30-H65,H65,"",B7,NFD30-H65H65,3.7540,1.0000,3.7540,1.0000,0.0000,0.00,"",79071,79023,0,Đơn hàng WO2607-063,"",SX THEO ĐƠN HÀNG,0.00,29.00,2026-07-14 09:43:01.767,2026-07-15 14:33:08.203,2026-07-14 00:00:00.000,2026-07-15 00:00:00.000,KK0010.07/26,XB0032.07/26,0,"",""
FB00046,A0200003709687PN,TP20,SPM129,DCM10,1600.00,2040.00,780.00,tấm,"1800046200001475092001",A0200001458940WO,A0200000401865WO,WB2604-0029,NFD30-H65 ĐỎ/CAM,NFD30-H65H65,NFD30-H65,H65,"",A2,NFD30-H65H65,2.5460,1.0000,0.0000,0.0000,2.5460,1.00,"",79071,79023,0,"","",SX DƯ,0.00,143.00,2026-07-17 10:18:54.627,,2026-07-16 00:00:00.000,,KK0013.07/26,,0,"",""
FB00047,A0200003709244PX,TP20,SPM090,DCM11,2070.00,2070.00,1040.00,tấm,"1800047200001446331001",A0200001446331WO,A0200000396907WO,WB2602-0013,NFD30-H70 TRẮNG,NFD30-H70H70,NFD30-H70,H70,"",B24,NFD30-H70H70,4.4563,1.0000,4.4563,1.0000,0.0000,0.00,"",79072,79023,0,SST-159--Mousse tấm,"","",0.00,3697.00,2026-02-11 13:11:39.810,2026-07-15 14:33:08.433,2026-05-31 00:00:00.000,2026-07-15 00:00:00.000,TONKHO,XB0032.07/26,0,"",""
FB00047,A0200003698990PX,TP20,SPM090,DCM11,1550.00,2070.00,990.00,tấm,"1800047200001446335002",A0200001446335WO,A0200000396907WO,WB2602-0013,NFD30-H70 TRẮNG,NFD30-H70H70,NFD30-H70,H70,"",B24,NFD30-H70H70,3.1764,1.0000,3.1764,1.0000,0.0000,0.00,"",79072,79023,0,SST-159--Mousse tấm/SST-171--Mousse tấm,"","",0.00,2684.00,2026-02-11 13:11:39.867,2026-06-03 09:25:19.987,2026-05-31 00:00:00.000,2026-06-03 00:00:00.000,TONKHO,XB0009.06/26,0,"",""
FB00047,A0200003710641PX,TP20,SPM090,DCM11,1540.00,2070.00,1020.00,tấm,"1800047200001447855001",A0200001447855WO,A0200000397349WO,WB2602-0022,NFD30-H70 TRẮNG,NFD30-H70H70,NFD30-H70,H70,"",B5,NFD30-H70H70,3.2516,1.0000,3.2516,1.0000,0.0000,0.00,"",79072,79023,0,SST-171--Mousse tấm,"","",0.00,3454.00,2026-02-27 13:01:28.490,2026-07-21 11:04:49.320,2026-05-31 00:00:00.000,2026-07-21 00:00:00.000,TONKHO,XB0045.07/26,0,"",""
FB00047,A0200003702040PX,TP20,SPM090,DCM11,1980.00,2070.00,1000.00,tấm,"1800047200001455706008",A0200001455706WO,A0200000400776WO,WB2604-0002,NFD30-H70 TRẮNG,NFD30-H70H70,NFD30-H70,H70,"",B25,NFD30-H70H70,4.0986,1.0000,4.0986,1.0000,0.0000,0.00,"",79072,79023,0,SST-168--Đố thành/SST-171--Đố thành,"","",0.00,1819.00,2026-04-03 15:14:05.310,2026-06-18 10:55:19.087,2026-05-31 00:00:00.000,2026-06-18 00:00:00.000,TONKHO,XB0039.06/26,0,"",""
FB00047,A0200003698992PX,TP20,SPM090,DCM11,1860.00,2070.00,1010.00,tấm,"1800047200001463014002",A0200001463014WO,A0200000403149WO,WB2605-0013,NFD30-H70 TRẮNG,NFD30-H70H70,NFD30-H70,H70,"",B6,NFD30-H70H70,3.8887,1.0000,3.8887,1.0000,0.0000,0.00,"",79072,79023,0,SST-170--Mousse tấm,"","",0.00,479.00,2026-05-14 10:45:10.720,2026-06-03 09:25:20.130,2026-05-31 00:00:00.000,2026-06-03 00:00:00.000,TONKHO,XB0009.06/26,0,"",""
FB00047,A0200003698993PX,TP20,SPM090,DCM11,1880.00,2070.00,1040.00,tấm,"1800047200001463014003",A0200001463014WO,A0200000403149WO,WB2605-0013,NFD30-H70 TRẮNG,NFD30-H70H70,NFD30-H70,H70,"",A3,NFD30-H70H70,4.0473,1.0000,4.0473,1.0000,0.0000,0.00,"",79072,79023,0,SST-170--Mousse tấm,"","",0.00,479.00,2026-05-14 10:45:10.703,2026-06-03 09:25:20.163,2026-05-31 00:00:00.000,2026-06-03 00:00:00.000,TONKHO,XB0009.06/26,0,"",""
FB00047,A0200003698558PN,TP20,SPM090,DCM11,1520.00,2070.00,1050.00,tấm,"1800047200001463015002",A0200001463015WO,A0200000403149WO,WB2605-0013,NFD30-H70 TRẮNG,NFD30-H70H70,NFD30-H70,H70,"",B6,NFD30-H70H70,3.3037,1.0000,3.3037,1.0000,0.0000,0.00,"",79072,79023,0,SST-170--Mousse tấm/SST-171--Mousse tấm,"","",0.00,460.00,2026-05-14 10:45:10.620,2026-06-02 14:50:11.110,2026-05-31 00:00:00.000,2026-06-02 00:00:00.000,TONKHO,XB0004.06/26,0,"",""
FB00047,A0200003698559PN,TP20,SPM090,DCM11,1550.00,2070.00,1050.00,tấm,"1800047200001463015003",A0200001463015WO,A0200000403149WO,WB2605-0013,NFD30-H70 TRẮNG,NFD30-H70H70,NFD30-H70,H70,"",B6,NFD30-H70H70,3.3689,1.0000,3.3689,1.0000,0.0000,0.00,"",79072,79023,0,SST-170--Mousse tấm,"","",0.00,460.00,2026-05-14 10:45:10.607,2026-06-02 14:50:11.100,2026-05-31 00:00:00.000,2026-06-02 00:00:00.000,TONKHO,XB0004.06/26,0,"",""
FB00047,A0200003698745PN,TP20,SPM090,DCM11,1970.00,2070.00,1030.00,tấm,"1800047200001463167001",A0200001463167WO,A0200000403181WO,WB2605-0014,NFD30-H70 TRẮNG,NFD30-H70H70,NFD30-H70,H70,"",A3,NFD30-H70H70,4.2002,1.0000,4.2002,1.0000,0.0000,0.00,"",79072,79023,0,SST-171--Đố thành,"","",0.00,460.00,2026-05-14 10:45:10.560,2026-06-02 14:50:11.060,2026-05-31 00:00:00.000,2026-06-02 00:00:00.000,TONKHO,XB0004.06/26,0,"",""
FB00047,A0200003698357PN,TP20,SPM090,DCM11,1970.00,2070.00,980.00,tấm,"1800047200001465008001",A0200001465008WO,A0200000403863WO,WB2605-0028,NFD30-H70 TRẮNG,NFD30-H70H70,NFD30-H70,H70,"",B26,NFD30-H70H70,3.9963,1.0000,3.9963,1.0000,0.0000,0.00,"",79072,79023,0,SST-171--Đố thành,"","",0.00,244.00,2026-05-23 10:24:35.403,2026-06-02 14:50:11.000,2026-05-31 00:00:00.000,2026-06-02 00:00:00.000,TONKHO,XB0004.06/26,0,"",""
FB00047,A0200003698356PN,TP20,SPM090,DCM11,1980.00,2070.00,950.00,tấm,"1800047200001465008002",A0200001465008WO,A0200000403863WO,WB2605-0028,NFD30-H70 TRẮNG,NFD30-H70H70,NFD30-H70,H70,"",B26,NFD30-H70H70,3.8937,1.0000,3.8937,1.0000,0.0000,0.00,"",79072,79023,0,SST-171--Đố thành,"","",0.00,244.00,2026-05-23 10:24:35.420,2026-06-02 14:50:11.010,2026-05-31 00:00:00.000,2026-06-02 00:00:00.000,TONKHO,XB0004.06/26,0,"",""
FB00047,A0200003698346PN,TP20,SPM090,DCM11,1970.00,2070.00,1000.00,tấm,"1800047200001465008003",A0200001465008WO,A0200000403863WO,WB2605-0028,NFD30-H70 TRẮNG,NFD30-H70H70,NFD30-H70,H70,"",B26,NFD30-H70H70,4.0779,1.0000,4.0779,1.0000,0.0000,0.00,"",79072,79023,0,SST-171--Đố thành,"","",0.00,244.00,2026-05-23 10:24:35.360,2026-06-02 14:50:10.963,2026-05-31 00:00:00.000,2026-06-02 00:00:00.000,TONKHO,XB0004.06/26,0,"",""
FB00047,A0200003698347PN,TP20,SPM090,DCM11,1970.00,2070.00,1000.00,tấm,"1800047200001465008004",A0200001465008WO,A0200000403863WO,WB2605-0028,NFD30-H70 TRẮNG,NFD30-H70H70,NFD30-H70,H70,"",B26,NFD30-H70H70,4.0779,1.0000,4.0779,1.0000,0.0000,0.00,"",79072,79023,0,SST-171--Đố thành,"","",0.00,244.00,2026-05-23 10:24:35.343,2026-06-02 14:50:10.957,2026-05-31 00:00:00.000,2026-06-02 00:00:00.000,TONKHO,XB0004.06/26,0,"",""
FB00047,A0200003709238PX,TP20,SPM090,DCM11,1870.00,2070.00,1030.00,tấm,"1800047200001465009001",A0200001465009WO,A0200000403863WO,WB2605-0028,NFD30-H70 TRẮNG,NFD30-H70H70,NFD30-H70,H70,"",B26,NFD30-H70H70,3.9870,1.0000,3.9870,1.0000,0.0000,0.00,"",79072,79023,0,SST-171--Mousse tấm,"","",0.00,1276.00,2026-05-23 10:24:35.300,2026-07-15 14:33:08.310,2026-05-31 00:00:00.000,2026-07-15 00:00:00.000,TONKHO,XB0032.07/26,0,"",""
FB00047,A0200003703561PX,TP20,SPM090,DCM11,1870.00,2070.00,1030.00,tấm,"1800047200001465009002",A0200001465009WO,A0200000403863WO,WB2605-0028,NFD30-H70 TRẮNG,NFD30-H70H70,NFD30-H70,H70,"",B26,NFD30-H70H70,3.9870,1.0000,3.9870,1.0000,0.0000,0.00,"",79072,79023,0,SST-171--Mousse tấm,"","",0.00,767.00,2026-05-23 10:24:35.267,2026-06-24 09:37:06.877,2026-05-31 00:00:00.000,2026-06-23 00:00:00.000,TONKHO,XB0051.06/26,0,"",""
FB00047,A0200003702039PX,TP20,SPM090,DCM11,1870.00,2070.00,1040.00,tấm,"1800047200001465009003",A0200001465009WO,A0200000403863WO,WB2605-0028,NFD30-H70 TRẮNG,NFD30-H70H70,NFD30-H70,H70,"",B26,NFD30-H70H70,4.0257,1.0000,4.0257,1.0000,0.0000,0.00,"",79072,79023,0,SST-171--Mousse tấm,"","",0.00,624.00,2026-05-23 10:24:35.283,2026-06-18 10:55:19.023,2026-05-31 00:00:00.000,2026-06-18 00:00:00.000,TONKHO,XB0039.06/26,0,"",""
FB00047,A0200003698349PN,TP20,SPM090,DCM11,1970.00,2070.00,1010.00,tấm,"1800047200001465096001",A0200001465096WO,A0200000403881WO,WB2605-0029,NFD30-H70 TRẮNG,NFD30-H70H70,NFD30-H70,H70,"",B26,NFD30-H70H70,4.1187,1.0000,4.1187,1.0000,0.0000,0.00,"",79072,79023,0,"","","",0.00,244.00,2026-05-23 10:24:35.463,2026-06-02 14:50:11.050,2026-05-31 00:00:00.000,2026-06-02 00:00:00.000,TONKHO,XB0004.06/26,0,"",""
FB00047,A0200003701906PX,TP20,SPM090,DCM11,1970.00,2070.00,940.00,tấm,"1800047200001467703001",A0200001467703WO,A0200000404785WO,WB2606-0008,NFD30-H70 TRẮNG,NFD30-H70H70,NFD30-H70,H70,"",B6-7,NFD30-H70H70,3.8330,1.0000,3.8330,1.0000,0.0000,0.00,"",79072,79023,0,SST-172--Đố thành,"",SX THEO DON HANG,0.00,172.00,2026-06-10 10:11:44.240,2026-06-17 14:33:27.697,2026-06-10 00:00:00.000,2026-06-17 00:00:00.000,KK0007.06/26,XB0038.06/26,0,"",""
FB00047,A0200003701903PX,TP20,SPM090,DCM11,1970.00,2070.00,900.00,tấm,"1800047200001467703002",A0200001467703WO,A0200000404785WO,WB2606-0008,NFD30-H70 TRẮNG,NFD30-H70H70,NFD30-H70,H70,"",B6-7,NFD30-H70H70,3.6700,1.0000,3.6700,1.0000,0.0000,0.00,"",79072,79023,0,SST-172--Đố thành,"",SX THEO DON HANG,0.00,172.00,2026-06-10 10:11:44.273,2026-06-17 14:33:27.667,2026-06-10 00:00:00.000,2026-06-17 00:00:00.000,KK0007.06/26,XB0038.06/26,0,"",""
FB00047,A0200003701904PX,TP20,SPM090,DCM11,1970.00,2070.00,930.00,tấm,"1800047200001467703003",A0200001467703WO,A0200000404785WO,WB2606-0008,NFD30-H70 TRẮNG,NFD30-H70H70,NFD30-H70,H70,"",B6-7,NFD30-H70H70,3.7920,1.0000,3.7920,1.0000,0.0000,0.00,"",79072,79023,0,SST-172--Đố thành,"",SX THEO DON HANG,0.00,172.00,2026-06-10 10:11:44.257,2026-06-17 14:33:27.677,2026-06-10 00:00:00.000,2026-06-17 00:00:00.000,KK0007.06/26,XB0038.06/26,0,"",""
FB00047,A0200003701900PX,TP20,SPM090,DCM11,1980.00,2070.00,940.00,tấm,"1800047200001467703004",A0200001467703WO,A0200000404785WO,WB2606-0008,NFD30-H70 TRẮNG,NFD30-H70H70,NFD30-H70,H70,"",B6-7,NFD30-H70H70,3.8530,1.0000,3.8530,1.0000,0.0000,0.00,"",79072,79023,0,SST-172--Đố thành,"",SX THEO DON HANG,0.00,172.00,2026-06-10 10:11:44.207,2026-06-17 14:33:27.603,2026-06-10 00:00:00.000,2026-06-17 00:00:00.000,KK0007.06/26,XB0038.06/26,0,"",""
FB00047,A0200003701901PX,TP20,SPM090,DCM11,1970.00,2070.00,980.00,tấm,"1800047200001467703005",A0200001467703WO,A0200000404785WO,WB2606-0008,NFD30-H70 TRẮNG,NFD30-H70H70,NFD30-H70,H70,"",B6-7,NFD30-H70H70,3.9960,1.0000,3.9960,1.0000,0.0000,0.00,"",79072,79023,0,SST-172--Đố thành,"",SX THEO DON HANG,0.00,172.00,2026-06-10 10:11:44.190,2026-06-17 14:33:27.617,2026-06-10 00:00:00.000,2026-06-17 00:00:00.000,KK0007.06/26,XB0038.06/26,0,"",""
FB00047,A0200003701905PX,TP20,SPM090,DCM11,1970.00,2070.00,990.00,tấm,"1800047200001467703006",A0200001467703WO,A0200000404785WO,WB2606-0008,NFD30-H70 TRẮNG,NFD30-H70H70,NFD30-H70,H70,"",B6-7,NFD30-H70H70,4.0370,1.0000,4.0370,1.0000,0.0000,0.00,"",79072,79023,0,SST-172--Đố thành,"",SX THEO DON HANG,0.00,172.00,2026-06-10 10:11:44.223,2026-06-17 14:33:27.687,2026-06-10 00:00:00.000,2026-06-17 00:00:00.000,KK0007.06/26,XB0038.06/26,0,"",""
FB00047,A0200003701987PX,TP20,SPM090,DCM11,1400.00,2070.00,1020.00,tấm,"1800047200001467704001",A0200001467704WO,A0200000404785WO,WB2606-0008,NFD30-H70 TRẮNG,NFD30-H70H70,NFD30-H70,H70,"",B6-7,NFD30-H70H70,2.9560,1.0000,2.9560,1.0000,0.0000,0.00,"",79072,79023,0,SST-172--Mousse tấm,"",SX THEO DON HANG,0.00,191.00,2026-06-10 10:11:44.153,2026-06-18 09:35:01.717,2026-06-10 00:00:00.000,2026-06-18 00:00:00.000,KK0007.06/26,XB0039.06/26,0,"",""
FB00047,A0200003702024PX,TP20,SPM090,DCM11,1410.00,2070.00,1000.00,tấm,"1800047200001467704002",A0200001467704WO,A0200000404785WO,WB2606-0008,NFD30-H70 TRẮNG,NFD30-H70H70,NFD30-H70,H70,"",B6-7,NFD30-H70H70,2.9190,1.0000,2.9190,1.0000,0.0000,0.00,"",79072,79023,0,SST-172--Mousse tấm,"",SX THEO DON HANG,0.00,191.00,2026-06-10 10:11:44.170,2026-06-18 09:47:41.200,2026-06-10 00:00:00.000,2026-06-18 00:00:00.000,KK0007.06/26,XB0039.06/26,0,"",""
FB00047,A0200003701986PX,TP20,SPM090,DCM11,1240.00,2070.00,1030.00,tấm,"1800047200001467705001",A0200001467705WO,A0200000404785WO,WB2606-0008,NFD30-H70 TRẮNG,NFD30-H70H70,NFD30-H70,H70,"",B6-7,NFD30-H70H70,2.6440,1.0000,2.6440,1.0000,0.0000,0.00,"",79072,79023,0,SST-172--Mousse tấm,"",SX THEO DON HANG,0.00,191.00,2026-06-10 10:11:44.133,2026-06-18 09:35:00.520,2026-06-10 00:00:00.000,2026-06-18 00:00:00.000,KK0007.06/26,XB0039.06/26,0,"",""
FB00047,A0200003702023PX,TP20,SPM090,DCM11,1870.00,2070.00,1040.00,tấm,"1800047200001467706001",A0200001467706WO,A0200000404785WO,WB2606-0008,NFD30-H70 TRẮNG,NFD30-H70H70,NFD30-H70,H70,"",B6-7,NFD30-H70H70,4.0260,1.0000,4.0260,1.0000,0.0000,0.00,"",79072,79023,0,SST-172--Mousse tấm,"",SX THEO DON HANG,0.00,191.00,2026-06-10 10:11:44.120,2026-06-18 09:47:41.187,2026-06-10 00:00:00.000,2026-06-18 00:00:00.000,KK0007.06/26,XB0039.06/26,0,"",""
FB00047,A0200003702022PX,TP20,SPM090,DCM11,1880.00,2070.00,1050.00,tấm,"1800047200001467706002",A0200001467706WO,A0200000404785WO,WB2606-0008,NFD30-H70 TRẮNG,NFD30-H70H70,NFD30-H70,H70,"",B6-7,NFD30-H70H70,4.0860,1.0000,4.0860,1.0000,0.0000,0.00,"",79072,79023,0,SST-172--Mousse tấm,"",SX THEO DON HANG,0.00,191.00,2026-06-10 10:11:44.100,2026-06-18 09:47:41.173,2026-06-10 00:00:00.000,2026-06-18 00:00:00.000,KK0007.06/26,XB0039.06/26,0,"",""
FB00047,A0200003702021PX,TP20,SPM090,DCM11,1860.00,2070.00,1050.00,tấm,"1800047200001467706003",A0200001467706WO,A0200000404785WO,WB2606-0008,NFD30-H70 TRẮNG,NFD30-H70H70,NFD30-H70,H70,"",B6-7,NFD30-H70H70,4.0430,1.0000,4.0430,1.0000,0.0000,0.00,"",79072,79023,0,SST-172--Mousse tấm,"",SX THEO DON HANG,0.00,191.00,2026-06-10 10:11:44.083,2026-06-18 09:47:41.160,2026-06-10 00:00:00.000,2026-06-18 00:00:00.000,KK0007.06/26,XB0039.06/26,0,"",""
FB00047,A0200003701988PX,TP20,SPM090,DCM11,1540.00,2070.00,1050.00,tấm,"1800047200001467707001",A0200001467707WO,A0200000404785WO,WB2606-0008,NFD30-H70 TRẮNG,NFD30-H70H70,NFD30-H70,H70,"",B6-7,NFD30-H70H70,3.3470,1.0000,3.3470,1.0000,0.0000,0.00,"",79072,79023,0,SST-172--Mousse tấm,"",SX THEO DON HANG,0.00,191.00,2026-06-10 10:11:44.067,2026-06-18 09:35:01.730,2026-06-10 00:00:00.000,2026-06-18 00:00:00.000,KK0007.06/26,XB0039.06/26,0,"",""
FB00047,A0200003702020PX,TP20,SPM090,DCM11,1880.00,2070.00,1040.00,tấm,"1800047200001468126001",A0200001468126WO,A0200000404895WO,WB2606-0010,NFD30-H70 TRẮNG,NFD30-H70H70,NFD30-H70,H70,"",B6-7,NFD30-H70H70,4.0470,1.0000,4.0470,1.0000,0.0000,0.00,"",79072,79023,0,"","",SX THEO DON HANG,0.00,191.00,2026-06-10 10:11:44.050,2026-06-18 09:47:39.897,2026-06-10 00:00:00.000,2026-06-18 00:00:00.000,KK0007.06/26,XB0039.06/26,0,"",""
FB00047,A0200003709243PX,TP20,SPM090,DCM11,1400.00,2080.00,1040.00,tấm,"1800047200001468489001",A0200001468489WO,A0200000405047WO,WB2606-0014,NFD30-H70 TRẮNG,NFD30-H70H70,NFD30-H70,H70,"",A4,NFD30-H70H70,3.0280,1.0000,3.0280,1.0000,0.0000,0.00,"",79072,79023,0,"","",SX THEO DON HANG,0.00,722.00,2026-06-15 12:45:00.063,2026-07-15 14:33:08.427,2026-06-15 00:00:00.000,2026-07-15 00:00:00.000,KK0010.06/26,XB0032.07/26,0,"",""
FB00047,A0200003709229PX,TP20,SPM090,DCM11,1960.00,2070.00,880.00,tấm,"1800047200001472167001",A0200001472167WO,A0200000406259WO,WB2607-0001,NFD30-H70 TRẮNG,NFD30-H70H70,NFD30-H70,H70,"",B,NFD30-H70H70,3.5700,1.0000,3.5700,1.0000,0.0000,0.00,"",79072,79023,0,SST-173--Đố thành,"",SX THEO ĐƠN HÀNG,0.00,317.00,2026-07-02 09:29:58.183,2026-07-15 14:33:08.107,2026-07-02 00:00:00.000,2026-07-15 00:00:00.000,KK0002.07/26,XB0032.07/26,0,"",""
FB00047,A0200003709393PX,TP20,SPM090,DCM11,1980.00,2070.00,990.00,tấm,"1800047200001472167002",A0200001472167WO,A0200000406259WO,WB2607-0001,NFD30-H70 TRẮNG,NFD30-H70H70,NFD30-H70,H70,"",B,NFD30-H70H70,4.0580,1.0000,4.0580,1.0000,0.0000,0.00,"",79072,79023,0,SST-173--Đố thành,"",SX THEO ĐƠN HÀNG,0.00,336.00,2026-07-02 09:29:58.177,2026-07-16 09:46:22.990,2026-07-02 00:00:00.000,2026-07-16 00:00:00.000,KK0002.07/26,XB0034.07/26,0,"",""
FB00047,A0200003709395PX,TP20,SPM090,DCM11,1990.00,2070.00,840.00,tấm,"1800047200001472167003",A0200001472167WO,A0200000406259WO,WB2607-0001,NFD30-H70 TRẮNG,NFD30-H70H70,NFD30-H70,H70,"",B,NFD30-H70H70,3.4600,1.0000,3.4600,1.0000,0.0000,0.00,"",79072,79023,0,SST-173--Đố thành,"",SX THEO ĐƠN HÀNG,0.00,336.00,2026-07-02 09:29:58.187,2026-07-16 09:46:23.007,2026-07-02 00:00:00.000,2026-07-16 00:00:00.000,KK0002.07/26,XB0034.07/26,0,"",""
FB00047,A0200003709228PX,TP20,SPM090,DCM11,1970.00,2070.00,970.00,tấm,"1800047200001472167004",A0200001472167WO,A0200000406259WO,WB2607-0001,NFD30-H70 TRẮNG,NFD30-H70H70,NFD30-H70,H70,"",B,NFD30-H70H70,3.9560,1.0000,3.9560,1.0000,0.0000,0.00,"",79072,79023,0,SST-173--Đố thành,"",SX THEO ĐƠN HÀNG,0.00,317.00,2026-07-02 09:29:58.180,2026-07-15 14:33:08.100,2026-07-02 00:00:00.000,2026-07-15 00:00:00.000,KK0002.07/26,XB0032.07/26,0,"",""
FB00047,A0200003709392PX,TP20,SPM090,DCM11,1980.00,2070.00,1020.00,tấm,"1800047200001472167005",A0200001472167WO,A0200000406259WO,WB2607-0001,NFD30-H70 TRẮNG,NFD30-H70H70,NFD30-H70,H70,"",B,NFD30-H70H70,4.1810,1.0000,4.1810,1.0000,0.0000,0.00,"",79072,79023,0,SST-173--Đố thành,"",SX THEO ĐƠN HÀNG,0.00,336.00,2026-07-02 09:29:58.143,2026-07-16 09:46:21.697,2026-07-02 00:00:00.000,2026-07-16 00:00:00.000,KK0002.07/26,XB0034.07/26,0,"",""
FB00047,A0200003709394PX,TP20,SPM090,DCM11,1960.00,2070.00,1050.00,tấm,"1800047200001472167006",A0200001472167WO,A0200000406259WO,WB2607-0001,NFD30-H70 TRẮNG,NFD30-H70H70,NFD30-H70,H70,"",B,NFD30-H70H70,4.2600,1.0000,4.2600,1.0000,0.0000,0.00,"",79072,79023,0,SST-173--Đố thành,"",SX THEO ĐƠN HÀNG,0.00,336.00,2026-07-02 09:29:58.140,2026-07-16 09:46:22.997,2026-07-02 00:00:00.000,2026-07-16 00:00:00.000,KK0002.07/26,XB0034.07/26,0,"",""
FB00047,A0200003709239PX,TP20,SPM090,DCM11,1880.00,2070.00,1060.00,tấm,"1800047200001472168001",A0200001472168WO,A0200000406259WO,WB2607-0001,NFD30-H70 TRẮNG,NFD30-H70H70,NFD30-H70,H70,"",B,NFD30-H70H70,4.1250,1.0000,4.1250,1.0000,0.0000,0.00,"",79072,79023,0,SST-173--Mousse tấm,"",SX THEO ĐƠN HÀNG,0.00,317.00,2026-07-02 09:29:58.107,2026-07-15 14:33:08.320,2026-07-02 00:00:00.000,2026-07-15 00:00:00.000,KK0002.07/26,XB0032.07/26,0,"",""
FB00047,A0200003709240PX,TP20,SPM090,DCM11,1870.00,2070.00,1040.00,tấm,"1800047200001472168002",A0200001472168WO,A0200000406259WO,WB2607-0001,NFD30-H70 TRẮNG,NFD30-H70H70,NFD30-H70,H70,"",B,NFD30-H70H70,4.0260,1.0000,4.0260,1.0000,0.0000,0.00,"",79072,79023,0,SST-173--Mousse tấm,"",SX THEO ĐƠN HÀNG,0.00,317.00,2026-07-02 09:29:58.100,2026-07-15 14:33:08.330,2026-07-02 00:00:00.000,2026-07-15 00:00:00.000,KK0002.07/26,XB0032.07/26,0,"",""
FB00047,A0200003709237PX,TP20,SPM090,DCM11,1870.00,2070.00,1060.00,tấm,"1800047200001472168003",A0200001472168WO,A0200000406259WO,WB2607-0001,NFD30-H70 TRẮNG,NFD30-H70H70,NFD30-H70,H70,"",B,NFD30-H70H70,4.1030,1.0000,4.1030,1.0000,0.0000,0.00,"",79072,79023,0,SST-173--Mousse tấm,"",SX THEO ĐƠN HÀNG,0.00,317.00,2026-07-02 09:29:58.103,2026-07-15 14:33:08.277,2026-07-02 00:00:00.000,2026-07-15 00:00:00.000,KK0002.07/26,XB0032.07/26,0,"",""
FB00047,A0200003710571PX,TP20,SPM090,DCM11,1960.00,2070.00,990.00,tấm,"1800047200001473337001",A0200001473337WO,A0200000406600WO,WB2607-0005,NFD30-H70 TRẮNG,NFD30-H70H70,NFD30-H70,H70,"",B9,NFD30-H70H70,4.0170,1.0000,4.0170,1.0000,0.0000,0.00,"",79072,79023,0,"","",SX DƯ,0.00,307.00,2026-07-08 15:07:57.130,2026-07-21 10:37:25.407,2026-07-08 00:00:00.000,2026-07-21 00:00:00.000,KK0005.07/26,XB0045.07/26,0,"",""
FB00047,A0200003708810PN,TP20,SPM090,DCM11,1940.00,2070.00,1060.00,tấm,"1800047200001474186001",A0200001474186WO,A0200000406883WO,WB2607-0013,NFD30-H70 TRẮNG,NFD30-H70H70,NFD30-H70,H70,"",B7,NFD30-H70H70,4.2570,1.0000,0.0000,0.0000,4.2570,1.00,"",79072,79023,0,SST-174--Đố thành,"",SX THEO ĐƠN HÀNG,0.00,216.00,2026-07-14 09:43:01.693,,2026-07-14 00:00:00.000,,KK0010.07/26,,0,"",""
FB00047,A0200003710557PX,TP20,SPM090,DCM11,1970.00,2070.00,940.00,tấm,"1800047200001474186002",A0200001474186WO,A0200000406883WO,WB2607-0013,NFD30-H70 TRẮNG,NFD30-H70H70,NFD30-H70,H70,"",B7,NFD30-H70H70,3.8330,1.0000,3.8330,1.0000,0.0000,0.00,"",79072,79023,0,SST-174--Đố thành,"",SX THEO ĐƠN HÀNG,0.00,168.00,2026-07-14 09:43:01.760,2026-07-21 09:56:22.500,2026-07-14 00:00:00.000,2026-07-21 00:00:00.000,KK0010.07/26,XB0045.07/26,0,"",""
FB00047,A0200003710236PX,TP20,SPM090,DCM11,1400.00,2070.00,970.00,tấm,"1800047200001474187001",A0200001474187WO,A0200000406883WO,WB2607-0013,NFD30-H70 TRẮNG,NFD30-H70H70,NFD30-H70,H70,"",B7,NFD30-H70H70,2.8110,1.0000,2.8110,1.0000,0.0000,0.00,"",79072,79023,0,SST-174--Mousse tấm,"",SX THEO ĐƠN HÀNG,0.00,148.00,2026-07-14 09:43:01.740,2026-07-20 13:21:23.040,2026-07-14 00:00:00.000,2026-07-20 00:00:00.000,KK0010.07/26,XB0042.07/26,0,"",""
FB00047,A0200003710241PX,TP20,SPM090,DCM11,1210.00,2070.00,1010.00,tấm,"1800047200001474188001",A0200001474188WO,A0200000406883WO,WB2607-0013,NFD30-H70 TRẮNG,NFD30-H70H70,NFD30-H70,H70,"",B7,NFD30-H70H70,2.5300,1.0000,2.5300,1.0000,0.0000,0.00,"",79072,79023,0,SST-174--Mousse tấm,"",SX THEO ĐƠN HÀNG,0.00,148.00,2026-07-14 09:43:01.720,2026-07-20 13:21:23.143,2026-07-14 00:00:00.000,2026-07-20 00:00:00.000,KK0010.07/26,XB0042.07/26,0,"",""
FB00047,A0200003710235PX,TP20,SPM090,DCM11,1870.00,2070.00,1020.00,tấm,"1800047200001474189001",A0200001474189WO,A0200000406883WO,WB2607-0013,NFD30-H70 TRẮNG,NFD30-H70H70,NFD30-H70,H70,"",B7,NFD30-H70H70,3.9480,1.0000,3.9480,1.0000,0.0000,0.00,"",79072,79023,0,SST-174--Mousse tấm,"",SX THEO ĐƠN HÀNG,0.00,148.00,2026-07-14 09:43:01.713,2026-07-20 13:21:23.000,2026-07-14 00:00:00.000,2026-07-20 00:00:00.000,KK0010.07/26,XB0042.07/26,0,"",""
FB00047,A0200003710240PX,TP20,SPM090,DCM11,1540.00,2070.00,1070.00,tấm,"1800047200001474190001",A0200001474190WO,A0200000406883WO,WB2607-0013,NFD30-H70 TRẮNG,NFD30-H70H70,NFD30-H70,H70,"",B7,NFD30-H70H70,3.4110,1.0000,3.4110,1.0000,0.0000,0.00,"",79072,79023,0,SST-174--Mousse tấm,"",SX THEO ĐƠN HÀNG,0.00,148.00,2026-07-14 09:43:01.707,2026-07-20 13:21:23.137,2026-07-14 00:00:00.000,2026-07-20 00:00:00.000,KK0010.07/26,XB0042.07/26,0,"",""
FB00047,A0200003710233PX,TP20,SPM090,DCM11,1500.00,2070.00,1050.00,tấm,"1800047200001474191001",A0200001474191WO,A0200000406883WO,WB2607-0013,NFD30-H70 TRẮNG,NFD30-H70H70,NFD30-H70,H70,"",B7,NFD30-H70H70,3.2600,1.0000,3.2600,1.0000,0.0000,0.00,"",79072,79023,0,SST-174--Mousse tấm,"",SX THEO ĐƠN HÀNG,0.00,148.00,2026-07-14 09:43:01.710,2026-07-20 13:21:22.970,2026-07-14 00:00:00.000,2026-07-20 00:00:00.000,KK0010.07/26,XB0042.07/26,0,"",""
FB00047,A0200003710232PX,TP20,SPM090,DCM11,1500.00,2070.00,1060.00,tấm,"1800047200001474191002",A0200001474191WO,A0200000406883WO,WB2607-0013,NFD30-H70 TRẮNG,NFD30-H70H70,NFD30-H70,H70,"",B7,NFD30-H70H70,3.2910,1.0000,3.2910,1.0000,0.0000,0.00,"",79072,79023,0,SST-174--Mousse tấm,"",SX THEO ĐƠN HÀNG,0.00,148.00,2026-07-14 09:43:01.703,2026-07-20 13:21:22.960,2026-07-14 00:00:00.000,2026-07-20 00:00:00.000,KK0010.07/26,XB0042.07/26,0,"",""
FB00047,A0200003708813PN,TP20,SPM090,DCM11,1460.00,2070.00,1060.00,tấm,"1800047200001474191003",A0200001474191WO,A0200000406883WO,WB2607-0013,NFD30-H70 TRẮNG,NFD30-H70H70,NFD30-H70,H70,"",B7,NFD30-H70H70,3.2040,1.0000,0.0000,0.0000,3.2040,1.00,"",79072,79023,0,SST-174--Mousse tấm,"",SX THEO ĐƠN HÀNG,0.00,216.00,2026-07-14 09:43:01.700,,2026-07-14 00:00:00.000,,KK0010.07/26,,0,"",""
FB00047,A0200003710556PX,TP20,SPM090,DCM11,1450.00,2070.00,1060.00,tấm,"1800047200001474192001",A0200001474192WO,A0200000406883WO,WB2607-0013,NFD30-H70 TRẮNG,NFD30-H70H70,NFD30-H70,H70,"",B7,NFD30-H70H70,3.1820,1.0000,3.1820,1.0000,0.0000,0.00,"",79072,79023,0,SST-174--Mousse tấm,"",SX THEO ĐƠN HÀNG,0.00,168.00,2026-07-14 09:43:01.700,2026-07-21 09:56:22.477,2026-07-14 00:00:00.000,2026-07-21 00:00:00.000,KK0010.07/26,XB0045.07/26,0,"",""
FB00047,A0200003710570PX,TP20,SPM090,DCM11,1150.00,2070.00,1060.00,tấm,"1800047200001474193001",A0200001474193WO,A0200000406883WO,WB2607-0013,NFD30-H70 TRẮNG,NFD30-H70H70,NFD30-H70,H70,"",B7,NFD30-H70H70,2.5230,1.0000,2.5230,1.0000,0.0000,0.00,"",79072,79023,0,SST-174--Mousse tấm,"",SX THEO ĐƠN HÀNG,0.00,169.00,2026-07-14 09:43:01.697,2026-07-21 10:37:25.367,2026-07-14 00:00:00.000,2026-07-21 00:00:00.000,KK0010.07/26,XB0045.07/26,0,"",""
FB00047,A0200003708808PN,TP20,SPM090,DCM11,1910.00,2070.00,1020.00,tấm,"1800047200001474194001",A0200001474194WO,A0200000406883WO,WB2607-0013,NFD30-H70 TRẮNG,NFD30-H70H70,NFD30-H70,H70,"",B7,NFD30-H70H70,4.0330,1.0000,0.0000,0.0000,4.0330,1.00,"",79072,79023,0,SST-KHL--Mousse tấm,"",SX THEO ĐƠN HÀNG,0.00,216.00,2026-07-14 09:43:01.667,,2026-07-14 00:00:00.000,,KK0010.07/26,,0,"",""
FB00047,A0200003710234PX,TP20,SPM090,DCM11,1820.00,2070.00,1040.00,tấm,"1800047200001474195001",A0200001474195WO,A0200000406883WO,WB2607-0013,NFD30-H70 TRẮNG,NFD30-H70H70,NFD30-H70,H70,"",B7,NFD30-H70H70,3.9180,1.0000,3.9180,1.0000,0.0000,0.00,"",79072,79023,0,SST-174--Mousse tấm,"",SX THEO ĐƠN HÀNG,0.00,148.00,2026-07-14 09:43:01.670,2026-07-20 13:21:22.980,2026-07-14 00:00:00.000,2026-07-20 00:00:00.000,KK0010.07/26,XB0042.07/26,0,"",""
FB00047,A0200003711366PX,TP20,SPM090,DCM11,1800.00,2070.00,1030.00,tấm,"1800047200001475749001",A0200001458940WO,A0200000401865WO,WB2604-0029,NFD30-H70 TRẮNG,NFD30-H70H70,NFD30-H70,H70,"",B4,NFD30-H70H70,3.8380,1.0000,3.8380,1.0000,0.0000,0.00,"",79072,79023,0,"","",SX DƯ,0.00,2.00,2026-07-22 08:33:41.993,2026-07-22 10:55:18.627,2026-07-22 00:00:00.000,2026-07-22 00:00:00.000,KK0016.07/26,XB0048.07/26,0,"",""
FB00048,A0200003711014PX,TP20,SPM130,DCM16,2260.00,2050.00,1000.00,tấm,"1800048200001440999001",A0200001440999WO,A0200000395379WO,WB2601-0024,IFD30-H75 TRẮNG,IFD30-H75H75,IFD30-H75,H75,"","",IFD30-H75H75,9.2660,2.0000,4.6330,1.0000,4.6330,1.00,"",79073,79023,0,MÀU VÀNG/NỨT GIỮA,Sai màu + nứt giữa,"",0.00,0.00,2026-07-22 09:48:33.690,2026-07-22 09:48:34.943,2026-07-15 00:00:00.000,2026-07-15 00:00:00.000,XB0047.07/26,XB0047.07/26,0,"",""
FB00048,A0200003698702PN,TP20,SPM130,DCM16,1980.00,2200.00,1040.00,tấm,"1800048200001461440001",A0200001461440WO,A0200000402726WO,WB2605-0005,IFD30-H75 TRẮNG,IFD30-H75H75,IFD30-H75,H75,"",A6,IFD30-H75H75,4.5302,1.0000,4.5302,1.0000,0.0000,0.00,"",79073,79023,0,MINH DƯƠNG-MD-PO2604B067/HUỲNH LÊ-HL-PO 27-05-MT-1/6,"","",0.00,600.00,2026-05-08 14:18:33.363,2026-06-02 14:48:12.710,2026-05-31 00:00:00.000,2026-06-02 00:00:00.000,TONKHO,XB0008.06/26,0,"",""
FB00048,A0200003698954PN,TP20,SPM130,DCM16,1540.00,2080.00,1090.00,tấm,"1800048200001466255001",A0200001466255WO,A0200000404329WO,WB2605-0040,IFD30-H75 TRẮNG,IFD30-H75H75,IFD30-H75,H75,"",B3,IFD30-H75H75,3.4915,1.0000,3.4915,1.0000,0.0000,0.00,"",79073,79023,0,NHATGO-NG-PO 2605-0056- Gấp,"","",0.00,29.00,2026-06-01 09:39:26.717,2026-06-02 14:51:25.887,2026-05-31 00:00:00.000,2026-06-02 00:00:00.000,TONKHO,XB0003.06/26,0,"",""
FB00048,A0200003698955PN,TP20,SPM130,DCM16,1540.00,2080.00,1030.00,tấm,"1800048200001466255002",A0200001466255WO,A0200000404329WO,WB2605-0040,IFD30-H75 TRẮNG,IFD30-H75H75,IFD30-H75,H75,"",B3,IFD30-H75H75,3.2993,1.0000,3.2993,1.0000,0.0000,0.00,"",79073,79023,0,NHATGO-NG-PO 2605-0056- Gấp,"","",0.00,29.00,2026-06-01 09:39:26.740,2026-06-02 14:51:25.893,2026-05-31 00:00:00.000,2026-06-02 00:00:00.000,TONKHO,XB0003.06/26,0,"",""
FB00048,A0200003698953PN,TP20,SPM130,DCM16,2200.00,2080.00,1120.00,tấm,"1800048200001466256001",A0200001466256WO,A0200000404329WO,WB2605-0040,IFD30-H75 TRẮNG,IFD30-H75H75,IFD30-H75,H75,"",B3,IFD30-H75H75,5.1251,1.0000,5.1251,1.0000,0.0000,0.00,"",79073,79023,0,NHATGO-NG-PO 2605-0056- Gấp,"","",0.00,29.00,2026-06-01 09:39:26.697,2026-06-02 14:51:25.880,2026-05-31 00:00:00.000,2026-06-02 00:00:00.000,TONKHO,XB0003.06/26,0,"",""
FB00048,A0200003698952PN,TP20,SPM130,DCM16,1570.00,2080.00,1140.00,tấm,"1800048200001466257001",A0200001466257WO,A0200000404329WO,WB2605-0040,IFD30-H75 TRẮNG,IFD30-H75H75,IFD30-H75,H75,"",B3,IFD30-H75H75,3.7228,1.0000,3.7228,1.0000,0.0000,0.00,"",79073,79023,0,NHATGO-NG-PO 2605-0058,"","",0.00,29.00,2026-06-01 09:39:26.647,2026-06-02 14:51:25.943,2026-05-31 00:00:00.000,2026-06-02 00:00:00.000,TONKHO,XB0003.06/26,0,"",""
FB00048,A0200003700306PX,TP20,SPM130,DCM16,2120.00,2080.00,1060.00,tấm,"1800048200001466258001",A0200001466258WO,A0200000404329WO,WB2605-0040,IFD30-H75 TRẮNG,IFD30-H75H75,IFD30-H75,H75,"",B3,IFD30-H75H75,4.6742,1.0000,4.6742,1.0000,0.0000,0.00,"",79073,79023,0,NHATGO-NG-PO 2605-0058,"","",0.00,197.00,2026-06-01 09:39:26.610,2026-06-09 14:13:43.027,2026-05-31 00:00:00.000,2026-06-09 00:00:00.000,TONKHO,XB0022.06/26,0,"",""
FB00048,A0200003698951PN,TP20,SPM130,DCM16,2130.00,2080.00,1140.00,tấm,"1800048200001466259001",A0200001466259WO,A0200000404329WO,WB2605-0040,IFD30-H75 TRẮNG,IFD30-H75H75,IFD30-H75,H75,"",B3,IFD30-H75H75,5.0507,1.0000,5.0507,1.0000,0.0000,0.00,"",79073,79023,0,NHATGO-NG-PO 2605-0058,"","",0.00,29.00,2026-06-01 09:39:26.627,2026-06-02 14:51:25.933,2026-05-31 00:00:00.000,2026-06-02 00:00:00.000,TONKHO,XB0003.06/26,0,"",""
FB00048,A0200003698949PN,TP20,SPM130,DCM16,1540.00,2080.00,960.00,tấm,"1800048200001466568001",A0200001466568WO,A0200000404385WO,WB2605-0041,IFD30-H75 TRẮNG,IFD30-H75H75,IFD30-H75,H75,"",B3,IFD30-H75H75,3.0751,1.0000,3.0751,1.0000,0.0000,0.00,"",79073,79023,0,NHATGO-NG-PO 2605-0058,"","",0.00,29.00,2026-06-01 09:39:26.560,2026-06-02 14:51:25.983,2026-05-31 00:00:00.000,2026-06-02 00:00:00.000,TONKHO,XB0003.06/26,0,"",""
FB00048,A0200003702837PX,TP20,SPM130,DCM16,1810.00,2080.00,1120.00,tấm,"1800048200001468379001",A0200001468379WO,A0200000404997WO,WB2606-0012,IFD30-H75 TRẮNG,IFD30-H75H75,IFD30-H75,H75,"",B10,IFD30-H75H75,4.2170,1.0000,4.2170,1.0000,0.0000,0.00,"",79073,79023,0,ADX-ADX-PO357-06-2026-MT,"",SX THEO DON HANG,0.00,238.00,2026-06-12 12:05:04.080,2026-06-22 10:22:34.553,2026-06-12 00:00:00.000,2026-06-20 00:00:00.000,KK0008.06/26,XB0045.06/26,0,"",""
FB00048,A0200003701994PX,TP20,SPM130,DCM16,1840.00,2080.00,1090.00,tấm,"1800048200001468379002",A0200001468379WO,A0200000404997WO,WB2606-0012,IFD30-H75 TRẮNG,IFD30-H75H75,IFD30-H75,H75,"",B10,IFD30-H75H75,4.1720,1.0000,4.1720,1.0000,0.0000,0.00,"",79073,79023,0,ADX-ADX-PO357-06-2026-MT,"",SX THEO DON HANG,0.00,141.00,2026-06-12 12:05:04.100,2026-06-18 09:38:37.547,2026-06-12 00:00:00.000,2026-06-18 00:00:00.000,KK0008.06/26,XB0040.06/26,0,"",""
FB00048,A0200003701993PX,TP20,SPM130,DCM16,1820.00,2080.00,1050.00,tấm,"1800048200001468379003",A0200001468379WO,A0200000404997WO,WB2606-0012,IFD30-H75 TRẮNG,IFD30-H75H75,IFD30-H75,H75,"",B10,IFD30-H75H75,3.9750,1.0000,3.9750,1.0000,0.0000,0.00,"",79073,79023,0,ADX-ADX-PO357-06-2026-MT,"",SX THEO DON HANG,0.00,141.00,2026-06-12 12:05:04.120,2026-06-18 09:38:37.537,2026-06-12 00:00:00.000,2026-06-18 00:00:00.000,KK0008.06/26,XB0040.06/26,0,"",""
FB00048,A0200003702009PX,TP20,SPM130,DCM16,1570.00,2080.00,1090.00,tấm,"1800048200001468380001",A0200001468380WO,A0200000404997WO,WB2606-0012,IFD30-H75 TRẮNG,IFD30-H75H75,IFD30-H75,H75,"",B10,IFD30-H75H75,3.5600,1.0000,3.5600,1.0000,0.0000,0.00,"",79073,79023,0,NHATGO-NG-2606-0109,"",SX THEO DON HANG,0.00,141.00,2026-06-12 12:05:03.893,2026-06-18 09:42:11.690,2026-06-12 00:00:00.000,2026-06-18 00:00:00.000,KK0008.06/26,XB0041.06/26,0,"",""
FB00048,A0200003702008PX,TP20,SPM130,DCM16,2120.00,2080.00,1080.00,tấm,"1800048200001468381001",A0200001468381WO,A0200000404997WO,WB2606-0012,IFD30-H75 TRẮNG,IFD30-H75H75,IFD30-H75,H75,"",B10,IFD30-H75H75,4.7620,1.0000,4.7620,1.0000,0.0000,0.00,"",79073,79023,0,NHATGO-NG-2606-0109,"",SX THEO DON HANG,0.00,141.00,2026-06-12 12:05:03.857,2026-06-18 09:42:10.500,2026-06-12 00:00:00.000,2026-06-18 00:00:00.000,KK0008.06/26,XB0041.06/26,0,"",""
FB00048,A0200003702012PX,TP20,SPM130,DCM16,2130.00,2080.00,1030.00,tấm,"1800048200001468381002",A0200001468381WO,A0200000404997WO,WB2606-0012,IFD30-H75 TRẮNG,IFD30-H75H75,IFD30-H75,H75,"",B10,IFD30-H75H75,4.5630,1.0000,4.5630,1.0000,0.0000,0.00,"",79073,79023,0,NHATGO-NG-2606-0109,"",SX THEO DON HANG,0.00,141.00,2026-06-12 12:05:04.140,2026-06-18 09:42:11.750,2026-06-12 00:00:00.000,2026-06-18 00:00:00.000,KK0008.06/26,XB0041.06/26,0,"",""
FB00048,A0200003701022PX,TP20,SPM130,DCM16,2210.00,2080.00,1050.00,tấm,"1800048200001468382001",A0200001468382WO,A0200000404997WO,WB2606-0012,IFD30-H75 TRẮNG,IFD30-H75H75,IFD30-H75,H75,"",B10,IFD30-H75H75,4.8270,1.0000,4.8270,1.0000,0.0000,0.00,"",79073,79023,0,NHATGO-NG-2606-0110,"",SX THEO DON HANG,0.00,1.00,2026-06-12 12:05:04.160,2026-06-12 13:59:19.137,2026-06-12 00:00:00.000,2026-06-12 00:00:00.000,KK0008.06/26,XB0028.06/26,0,"",""
FB00048,A0200003702011PX,TP20,SPM130,DCM16,1520.00,2080.00,1120.00,tấm,"1800048200001468383001",A0200001468383WO,A0200000404997WO,WB2606-0012,IFD30-H75 TRẮNG,IFD30-H75H75,IFD30-H75,H75,"",B10,IFD30-H75H75,3.5410,1.0000,3.5410,1.0000,0.0000,0.00,"",79073,79023,0,NHATGO-NG-2606-0110,"",SX THEO DON HANG,0.00,141.00,2026-06-12 12:05:03.970,2026-06-18 09:42:11.740,2026-06-12 00:00:00.000,2026-06-18 00:00:00.000,KK0008.06/26,XB0041.06/26,0,"",""
FB00048,A0200003702010PX,TP20,SPM130,DCM16,1540.00,2080.00,1100.00,tấm,"1800048200001468383002",A0200001468383WO,A0200000404997WO,WB2606-0012,IFD30-H75 TRẮNG,IFD30-H75H75,IFD30-H75,H75,"",B10,IFD30-H75H75,3.5240,1.0000,3.5240,1.0000,0.0000,0.00,"",79073,79023,0,NHATGO-NG-2606-0110,"",SX THEO DON HANG,0.00,141.00,2026-06-12 12:05:03.950,2026-06-18 09:42:11.727,2026-06-12 00:00:00.000,2026-06-18 00:00:00.000,KK0008.06/26,XB0041.06/26,0,"",""
FB00048,A0200003706232PX,TP20,SPM130,DCM16,2180.00,2080.00,1100.00,tấm,"1800048200001468384001",A0200001468384WO,A0200000404997WO,WB2606-0012,IFD30-H75 TRẮNG,IFD30-H75H75,IFD30-H75,H75,"",B10,IFD30-H75H75,4.9880,1.0000,4.9880,1.0000,0.0000,0.00,"",79073,79023,0,NHATGO-NG-2606-0110,"",SX THEO DON HANG,0.00,477.00,2026-06-12 12:05:03.920,2026-07-02 09:39:09.110,2026-06-12 00:00:00.000,2026-07-02 00:00:00.000,KK0008.06/26,XB0005.07/26,0,"",""
FB00048,A0200003701206PX,TP20,SPM130,DCM16,1790.00,2080.00,1090.00,tấm,"1800048200001468385001",A0200001468385WO,A0200000404997WO,WB2606-0012,IFD30-H75 TRẮNG,IFD30-H75H75,IFD30-H75,H75,"",B10,IFD30-H75H75,4.0580,1.0000,4.0580,1.0000,0.0000,0.00,"",79073,79023,0,QA-QA-HAVAS-015,"",SX THEO DON HANG,0.00,26.00,2026-06-12 12:05:03.810,2026-06-13 14:38:17.397,2026-06-12 00:00:00.000,2026-06-13 00:00:00.000,KK0008.06/26,XB0030.06/26,0,"",""
FB00048,A0200003701212PX,TP20,SPM130,DCM16,2120.00,2080.00,1080.00,tấm,"1800048200001468386001",A0200001468386WO,A0200000404997WO,WB2606-0012,IFD30-H75 TRẮNG,IFD30-H75H75,IFD30-H75,H75,"",B10,IFD30-H75H75,4.7620,1.0000,4.7620,1.0000,0.0000,0.00,"",79073,79023,0,QA-QA-HAVAS-015-CNC,"",SX THEO DON HANG,0.00,26.00,2026-06-12 12:05:03.873,2026-06-13 14:43:13.360,2026-06-12 00:00:00.000,2026-06-13 00:00:00.000,KK0008.06/26,XB0031.06/26,0,"",""
FB00048,A0200003701205PX,TP20,SPM130,DCM16,2180.00,2080.00,1130.00,tấm,"1800048200001468387001",A0200001468387WO,A0200000404997WO,WB2606-0012,IFD30-H75 TRẮNG,IFD30-H75H75,IFD30-H75,H75,"",B10,IFD30-H75H75,5.1240,1.0000,5.1240,1.0000,0.0000,0.00,"",79073,79023,0,QA-QA-HAVAS-013-2,"",SX THEO DON HANG,0.00,26.00,2026-06-12 12:05:04.020,2026-06-13 14:38:17.353,2026-06-12 00:00:00.000,2026-06-13 00:00:00.000,KK0008.06/26,XB0030.06/26,0,"",""
FB00048,A0200003700951PX,TP20,SPM130,DCM16,2030.00,2080.00,1050.00,tấm,"1800048200001468388001",A0200001468388WO,A0200000404997WO,WB2606-0012,IFD30-H75 TRẮNG,IFD30-H75H75,IFD30-H75,H75,"",B10,IFD30-H75H75,4.4340,1.0000,4.4340,1.0000,0.0000,0.00,"",79073,79023,0,QA-QA-HAVAS-013-BN,"",SX THEO DON HANG,0.00,1.00,2026-06-12 12:05:03.750,2026-06-12 13:35:57.090,2026-06-12 00:00:00.000,2026-06-11 00:00:00.000,KK0008.06/26,XB0026.06/26,0,"",""
FB00048,A0200003700947PX,TP20,SPM130,DCM16,2050.00,2080.00,920.00,tấm,"1800048200001468388002",A0200001468388WO,A0200000404997WO,WB2606-0012,IFD30-H75 TRẮNG,IFD30-H75H75,IFD30-H75,H75,"",B10,IFD30-H75H75,3.9230,1.0000,3.9230,1.0000,0.0000,0.00,"",79073,79023,0,QA-QA-HAVAS-013-BN,"",SX THEO DON HANG,0.00,1.00,2026-06-12 12:05:03.660,2026-06-12 13:35:57.030,2026-06-12 00:00:00.000,2026-06-11 00:00:00.000,KK0008.06/26,XB0026.06/26,0,"",""
FB00048,A0200003700949PX,TP20,SPM130,DCM16,2010.00,2080.00,1040.00,tấm,"1800048200001468388003",A0200001468388WO,A0200000404997WO,WB2606-0012,IFD30-H75 TRẮNG,IFD30-H75H75,IFD30-H75,H75,"",B10,IFD30-H75H75,4.3480,1.0000,4.3480,1.0000,0.0000,0.00,"",79073,79023,0,QA-QA-HAVAS-013-BN,"",SX THEO DON HANG,0.00,1.00,2026-06-12 12:05:03.717,2026-06-12 13:35:57.067,2026-06-12 00:00:00.000,2026-06-11 00:00:00.000,KK0008.06/26,XB0026.06/26,0,"",""
FB00048,A0200003700948PX,TP20,SPM130,DCM16,2030.00,2080.00,1040.00,tấm,"1800048200001468388004",A0200001468388WO,A0200000404997WO,WB2606-0012,IFD30-H75 TRẮNG,IFD30-H75H75,IFD30-H75,H75,"",B10,IFD30-H75H75,4.3910,1.0000,4.3910,1.0000,0.0000,0.00,"",79073,79023,0,QA-QA-HAVAS-013-BN,"",SX THEO DON HANG,0.00,1.00,2026-06-12 12:05:03.703,2026-06-12 13:35:57.057,2026-06-12 00:00:00.000,2026-06-11 00:00:00.000,KK0008.06/26,XB0026.06/26,0,"",""
FB00048,A0200003700950PX,TP20,SPM130,DCM16,2020.00,2080.00,1040.00,tấm,"1800048200001468388005",A0200001468388WO,A0200000404997WO,WB2606-0012,IFD30-H75 TRẮNG,IFD30-H75H75,IFD30-H75,H75,"",B10,IFD30-H75H75,4.3700,1.0000,4.3700,1.0000,0.0000,0.00,"",79073,79023,0,QA-QA-HAVAS-013-BN,"",SX THEO DON HANG,0.00,1.00,2026-06-12 12:05:03.733,2026-06-12 13:35:57.080,2026-06-12 00:00:00.000,2026-06-11 00:00:00.000,KK0008.06/26,XB0026.06/26,0,"",""
FB00048,A0200003700952PX,TP20,SPM130,DCM16,2010.00,2080.00,1070.00,tấm,"1800048200001468388006",A0200001468388WO,A0200000404997WO,WB2606-0012,IFD30-H75 TRẮNG,IFD30-H75H75,IFD30-H75,H75,"",B10,IFD30-H75H75,4.4730,1.0000,4.4730,1.0000,0.0000,0.00,"",79073,79023,0,QA-QA-HAVAS-013-BN,"",SX THEO DON HANG,0.00,1.00,2026-06-12 12:05:03.767,2026-06-12 13:35:57.103,2026-06-12 00:00:00.000,2026-06-11 00:00:00.000,KK0008.06/26,XB0026.06/26,0,"",""
FB00048,A0200003706778PX,TP20,SPM130,DCM16,1570.00,2080.00,720.00,tấm,"1800048200001468485001",A0200001468485WO,A0200000405046WO,WB2606-0013,IFD30-H75 TRẮNG,IFD30-H75H75,IFD30-H75,H75,"",A4,IFD30-H75H75,2.3510,1.0000,2.3510,1.0000,0.0000,0.00,"",79073,79023,0,"","",SX THEO DON HANG,0.00,459.00,2026-06-15 12:45:00.060,2026-07-04 15:01:53.127,2026-06-15 00:00:00.000,2026-07-04 00:00:00.000,KK0010.06/26,XB0010.07/26,0,"",""
FB00048,A0200003702194PX,TP20,SPM130,DCM16,2270.00,2050.00,1070.00,tấm,"1800048200001469052001",A0200001469052WO,A0200000405180WO,WB2606-0017,IFD30-H75 TRẮNG,IFD30-H75H75,IFD30-H75,H75,"",B9,IFD30-H75H75,4.9790,1.0000,4.9790,1.0000,0.0000,0.00,"",79073,79023,0,QA-QA-HAVAS-019,"",SX THEO DON HANG,0.00,71.00,2026-06-16 10:27:00.603,2026-06-19 09:49:00.967,2026-06-16 00:00:00.000,2026-06-19 00:00:00.000,KK0011.06/26,XB0042.06/26,0,"",""
FB00048,A0200003701582PX,TP20,SPM130,DCM16,1570.00,2050.00,1110.00,tấm,"1800048200001469053001",A0200001469053WO,A0200000405180WO,WB2606-0017,IFD30-H75 TRẮNG,IFD30-H75H75,IFD30-H75,H75,"",B9,IFD30-H75H75,3.5730,1.0000,3.5730,1.0000,0.0000,0.00,"",79073,79023,0,QA-QA-HAVAS-018,"",SX THEO DON HANG,0.00,3.00,2026-06-16 10:27:00.620,2026-06-16 13:38:18.437,2026-06-16 00:00:00.000,2026-06-16 00:00:00.000,KK0011.06/26,XB0035.06/26,0,"",""
FB00048,A0200003701580PX,TP20,SPM130,DCM16,2250.00,2050.00,1110.00,tấm,"1800048200001469054001",A0200001469054WO,A0200000405180WO,WB2606-0017,IFD30-H75 TRẮNG,IFD30-H75H75,IFD30-H75,H75,"",B9,IFD30-H75H75,5.1200,1.0000,5.1200,1.0000,0.0000,0.00,"",79073,79023,0,QA-QA-HAVAS-018,"",SX THEO DON HANG,0.00,3.00,2026-06-16 10:27:00.623,2026-06-16 13:38:18.403,2026-06-16 00:00:00.000,2026-06-16 00:00:00.000,KK0011.06/26,XB0035.06/26,0,"",""
FB00048,A0200003701583PX,TP20,SPM130,DCM16,2540.00,2050.00,1120.00,tấm,"1800048200001469055001",A0200001469055WO,A0200000405180WO,WB2606-0017,IFD30-H75 TRẮNG,IFD30-H75H75,IFD30-H75,H75,"",B9,IFD30-H75H75,5.8320,1.0000,5.8320,1.0000,0.0000,0.00,"",79073,79023,0,QA-QA-HAVAS-016,"",SX THEO DON HANG,0.00,3.00,2026-06-16 10:27:00.610,2026-06-16 13:38:18.453,2026-06-16 00:00:00.000,2026-06-16 00:00:00.000,KK0011.06/26,XB0035.06/26,0,"",""
FB00048,A0200003706229PX,TP20,SPM130,DCM16,2100.00,2050.00,1110.00,tấm,"1800048200001469056001",A0200001469056WO,A0200000405180WO,WB2606-0017,IFD30-H75 TRẮNG,IFD30-H75H75,IFD30-H75,H75,"",B9,IFD30-H75H75,4.7790,1.0000,4.7790,1.0000,0.0000,0.00,"",79073,79023,0,QA-QA-HAVAS-016,"",SX THEO DON HANG,0.00,383.00,2026-06-16 10:27:00.627,2026-07-02 09:39:07.727,2026-06-16 00:00:00.000,2026-07-02 00:00:00.000,KK0011.06/26,XB0005.07/26,0,"",""
FB00048,A0200003701581PX,TP20,SPM130,DCM16,1880.00,2050.00,1110.00,tấm,"1800048200001469057001",A0200001469057WO,A0200000405180WO,WB2606-0017,IFD30-H75 TRẮNG,IFD30-H75H75,IFD30-H75,H75,"",B9,IFD30-H75H75,4.2780,1.0000,4.2780,1.0000,0.0000,0.00,"",79073,79023,0,QA-QA-HAVAS-017,"",SX THEO DON HANG,0.00,3.00,2026-06-16 10:27:00.613,2026-06-16 13:38:18.420,2026-06-16 00:00:00.000,2026-06-16 00:00:00.000,KK0011.06/26,XB0035.06/26,0,"",""
FB00048,A0200003706230PX,TP20,SPM130,DCM16,1750.00,2050.00,1090.00,tấm,"1800048200001469058001",A0200001469058WO,A0200000405180WO,WB2606-0017,IFD30-H75 TRẮNG,IFD30-H75H75,IFD30-H75,H75,"",B9,IFD30-H75H75,3.9100,1.0000,3.9100,1.0000,0.0000,0.00,"",79073,79023,0,NĂM SAO SÁNG-NSS-0206,"",SX THEO DON HANG,0.00,383.00,2026-06-16 10:27:00.660,2026-07-02 09:39:09.040,2026-06-16 00:00:00.000,2026-07-02 00:00:00.000,KK0011.06/26,XB0005.07/26,0,"",""
FB00048,A0200003706231PX,TP20,SPM130,DCM16,2540.00,2050.00,1000.00,tấm,"1800048200001469109001",A0200001469109WO,A0200000405217WO,WB2606-0018,IFD30-H75 TRẮNG,IFD30-H75H75,IFD30-H75,H75,"",B9,IFD30-H75H75,5.2070,1.0000,5.2070,1.0000,0.0000,0.00,"",79073,79023,0,"","",SX THEO DON HANG,0.00,383.00,2026-06-16 10:27:00.677,2026-07-02 09:39:09.077,2026-06-16 00:00:00.000,2026-07-02 00:00:00.000,KK0011.06/26,XB0005.07/26,0,"",""
FB00048,A0200003708253PX,TP20,SPM130,DCM16,1620.00,2020.00,1030.00,tấm,"1800048200001472952001",A0200001472952WO,A0200000406461WO,WB2607-0002,IFD30-H75 TRẮNG,IFD30-H75H75,IFD30-H75,H75,"",B1,IFD30-H75H75,3.3710,1.0000,3.3710,1.0000,0.0000,0.00,"",79073,79023,0,HUỲNH LÊ-HL-2606-2,"",SX THEO ĐƠN HÀNG,0.00,96.00,2026-07-06 14:11:48.627,2026-07-10 14:13:53.810,2026-07-06 00:00:00.000,2026-07-10 00:00:00.000,KK0004.07/26,XB0024.07/26,0,"",""
FB00048,A0200003708254PX,TP20,SPM130,DCM16,1620.00,2020.00,1030.00,tấm,"1800048200001472952002",A0200001472952WO,A0200000406461WO,WB2607-0002,IFD30-H75 TRẮNG,IFD30-H75H75,IFD30-H75,H75,"",B1,IFD30-H75H75,3.3710,1.0000,3.3710,1.0000,0.0000,0.00,"",79073,79023,0,HUỲNH LÊ-HL-2606-2,"",SX THEO ĐƠN HÀNG,0.00,96.00,2026-07-06 14:11:48.633,2026-07-10 14:13:53.963,2026-07-06 00:00:00.000,2026-07-10 00:00:00.000,KK0004.07/26,XB0024.07/26,0,"",""
FB00048,A0200003708252PX,TP20,SPM130,DCM16,1620.00,2020.00,1030.00,tấm,"1800048200001472952003",A0200001472952WO,A0200000406461WO,WB2607-0002,IFD30-H75 TRẮNG,IFD30-H75H75,IFD30-H75,H75,"",B1,IFD30-H75H75,3.3710,1.0000,3.3710,1.0000,0.0000,0.00,"",79073,79023,0,HUỲNH LÊ-HL-2606-2,"",SX THEO ĐƠN HÀNG,0.00,96.00,2026-07-06 14:11:47.387,2026-07-10 14:13:52.510,2026-07-06 00:00:00.000,2026-07-10 00:00:00.000,KK0004.07/26,XB0024.07/26,0,"",""
FB00048,A0200003707141PX,TP20,SPM130,DCM16,1620.00,2020.00,1040.00,tấm,"1800048200001472953001",A0200001472953WO,A0200000406461WO,WB2607-0002,IFD30-H75 TRẮNG,IFD30-H75H75,IFD30-H75,H75,"",B1,IFD30-H75H75,3.4030,1.0000,3.4030,1.0000,0.0000,0.00,"",79073,79023,0,HUỲNH LÊ-HL-2606-2,"",SX THEO ĐƠN HÀNG,0.00,20.00,2026-07-06 14:11:48.640,2026-07-07 10:47:52.687,2026-07-06 00:00:00.000,2026-07-06 00:00:00.000,KK0004.07/26,XB0013.07/26,0,"",""
FB00048,A0200003707071PX,TP20,SPM130,DCM16,1620.00,2020.00,1060.00,tấm,"1800048200001472954001",A0200001472954WO,A0200000406461WO,WB2607-0002,IFD30-H75 TRẮNG,IFD30-H75H75,IFD30-H75,H75,"","",IFD30-H75H75,3.4690,1.0000,3.4690,1.0000,0.0000,0.00,"",79073,79023,0,ATC FURNITURE-ATC-PO 72.06.26-NM,"",SX THEO ĐƠN HÀNG,0.00,0.00,2026-07-06 14:52:54.653,2026-07-06 14:54:17.803,2026-07-06 00:00:00.000,2026-07-06 00:00:00.000,KK0003.07/26,XB0011.07/26,0,"",""
FB00048,A0200003707072PX,TP20,SPM130,DCM16,1620.00,2020.00,1060.00,tấm,"1800048200001472955001",A0200001472955WO,A0200000406461WO,WB2607-0002,IFD30-H75 TRẮNG,IFD30-H75H75,IFD30-H75,H75,"","",IFD30-H75H75,3.4690,1.0000,3.4690,1.0000,0.0000,0.00,"",79073,79023,0,ATC FURNITURE-ATC-PO 72.06.26-NM,"",SX THEO ĐƠN HÀNG,0.00,0.00,2026-07-06 14:52:54.690,2026-07-06 14:54:17.837,2026-07-06 00:00:00.000,2026-07-06 00:00:00.000,KK0003.07/26,XB0011.07/26,0,"",""
FB00048,A0200003707251PX,TP20,SPM130,DCM16,1930.00,1930.00,1040.00,tấm,"1800048200001472956001",A0200001472956WO,A0200000406461WO,WB2607-0002,IFD30-H75 TRẮNG,IFD30-H75H75,IFD30-H75,H75,"",B8,IFD30-H75H75,3.8740,1.0000,3.8740,1.0000,0.0000,0.00,"",79073,79023,0,ADX-ADX-PU376-2,"",SX THEO ĐƠN HÀNG,0.00,41.00,2026-07-06 14:11:48.987,2026-07-08 07:46:30.117,2026-07-06 00:00:00.000,2026-07-08 00:00:00.000,KK0004.07/26,XB0017.07/26,0,"",""
FB00048,A0200003708429PX,TP20,SPM130,DCM16,1930.00,1930.00,1040.00,tấm,"1800048200001472957001",A0200001472957WO,A0200000406461WO,WB2607-0002,IFD30-H75 TRẮNG,IFD30-H75H75,IFD30-H75,H75,"",B8,IFD30-H75H75,3.8740,1.0000,3.8740,1.0000,0.0000,0.00,"",79073,79023,0,ADX-ADX-PU376-1,"",SX THEO ĐƠN HÀNG,0.00,119.00,2026-07-06 14:11:48.993,2026-07-11 13:55:40.840,2026-07-06 00:00:00.000,2026-07-10 00:00:00.000,KK0004.07/26,XB0025.07/26,0,"",""
FB00048,A0200003707253PX,TP20,SPM130,DCM16,1750.00,1930.00,1040.00,tấm,"1800048200001472958001",A0200001472958WO,A0200000406461WO,WB2607-0002,IFD30-H75 TRẮNG,IFD30-H75H75,IFD30-H75,H75,"",B8,IFD30-H75H75,3.5130,1.0000,3.5130,1.0000,0.0000,0.00,"",79073,79023,0,ADX-ADX-PU376-2,"",SX THEO ĐƠN HÀNG,0.00,41.00,2026-07-06 14:11:49.033,2026-07-08 07:46:30.133,2026-07-06 00:00:00.000,2026-07-08 00:00:00.000,KK0004.07/26,XB0017.07/26,0,"",""
FB00048,A0200003708250PX,TP20,SPM130,DCM16,1750.00,1930.00,1040.00,tấm,"1800048200001472958002",A0200001472958WO,A0200000406461WO,WB2607-0002,IFD30-H75 TRẮNG,IFD30-H75H75,IFD30-H75,H75,"",B8,IFD30-H75H75,3.5130,1.0000,3.5130,1.0000,0.0000,0.00,"",79073,79023,0,ADX-ADX-PU376-2,"",SX THEO ĐƠN HÀNG,0.00,96.00,2026-07-06 14:11:48.973,2026-07-10 14:10:43.260,2026-07-06 00:00:00.000,2026-07-10 00:00:00.000,KK0004.07/26,XB0025.07/26,0,"",""
FB00048,A0200003708251PX,TP20,SPM130,DCM16,1750.00,1930.00,1040.00,tấm,"1800048200001472958003",A0200001472958WO,A0200000406461WO,WB2607-0002,IFD30-H75 TRẮNG,IFD30-H75H75,IFD30-H75,H75,"",B8,IFD30-H75H75,3.5130,1.0000,3.5130,1.0000,0.0000,0.00,"",79073,79023,0,ADX-ADX-PU376-2,"",SX THEO ĐƠN HÀNG,0.00,96.00,2026-07-06 14:11:48.980,2026-07-10 14:10:43.360,2026-07-06 00:00:00.000,2026-07-10 00:00:00.000,KK0004.07/26,XB0025.07/26,0,"",""
FB00048,A0200003707252PX,TP20,SPM130,DCM16,1750.00,1930.00,1040.00,tấm,"1800048200001472958004",A0200001472958WO,A0200000406461WO,WB2607-0002,IFD30-H75 TRẮNG,IFD30-H75H75,IFD30-H75,H75,"",B8,IFD30-H75H75,3.5130,1.0000,3.5130,1.0000,0.0000,0.00,"",79073,79023,0,ADX-ADX-PU376-2,"",SX THEO ĐƠN HÀNG,0.00,41.00,2026-07-06 14:11:49.040,2026-07-08 07:46:30.123,2026-07-06 00:00:00.000,2026-07-08 00:00:00.000,KK0004.07/26,XB0017.07/26,0,"",""
FB00048,A0200003708249PX,TP20,SPM130,DCM16,1750.00,1930.00,1040.00,tấm,"1800048200001472958005",A0200001472958WO,A0200000406461WO,WB2607-0002,IFD30-H75 TRẮNG,IFD30-H75H75,IFD30-H75,H75,"",B8,IFD30-H75H75,3.5130,1.0000,3.5130,1.0000,0.0000,0.00,"",79073,79023,0,ADX-ADX-PU376-2,"",SX THEO ĐƠN HÀNG,0.00,96.00,2026-07-06 14:11:49.047,2026-07-10 14:10:43.170,2026-07-06 00:00:00.000,2026-07-10 00:00:00.000,KK0004.07/26,XB0025.07/26,0,"",""
FB00048,A0200003708427PX,TP20,SPM130,DCM16,1750.00,1930.00,1040.00,tấm,"1800048200001472958006",A0200001472958WO,A0200000406461WO,WB2607-0002,IFD30-H75 TRẮNG,IFD30-H75H75,IFD30-H75,H75,"",B8,IFD30-H75H75,3.5130,1.0000,3.5130,1.0000,0.0000,0.00,"",79073,79023,0,ADX-ADX-PU376-2,"",SX THEO ĐƠN HÀNG,0.00,119.00,2026-07-06 14:11:48.947,2026-07-11 13:55:40.820,2026-07-06 00:00:00.000,2026-07-10 00:00:00.000,KK0004.07/26,XB0025.07/26,0,"",""
FB00048,A0200003708246PX,TP20,SPM130,DCM16,1750.00,1930.00,1040.00,tấm,"1800048200001472958007",A0200001472958WO,A0200000406461WO,WB2607-0002,IFD30-H75 TRẮNG,IFD30-H75H75,IFD30-H75,H75,"",B8,IFD30-H75H75,3.5130,1.0000,3.5130,1.0000,0.0000,0.00,"",79073,79023,0,ADX-ADX-PU376-2,"",SX THEO ĐƠN HÀNG,0.00,96.00,2026-07-06 14:11:48.967,2026-07-10 14:10:42.963,2026-07-06 00:00:00.000,2026-07-10 00:00:00.000,KK0004.07/26,XB0025.07/26,0,"",""
FB00048,A0200003708248PX,TP20,SPM130,DCM16,1750.00,1930.00,1040.00,tấm,"1800048200001472958008",A0200001472958WO,A0200000406461WO,WB2607-0002,IFD30-H75 TRẮNG,IFD30-H75H75,IFD30-H75,H75,"",B8,IFD30-H75H75,3.5130,1.0000,3.5130,1.0000,0.0000,0.00,"",79073,79023,0,ADX-ADX-PU376-2,"",SX THEO ĐƠN HÀNG,0.00,96.00,2026-07-06 14:11:49.060,2026-07-10 14:10:43.110,2026-07-06 00:00:00.000,2026-07-10 00:00:00.000,KK0004.07/26,XB0025.07/26,0,"",""
FB00048,A0200003708428PX,TP20,SPM130,DCM16,1750.00,1930.00,1040.00,tấm,"1800048200001472958009",A0200001472958WO,A0200000406461WO,WB2607-0002,IFD30-H75 TRẮNG,IFD30-H75H75,IFD30-H75,H75,"",B8,IFD30-H75H75,3.5130,1.0000,3.5130,1.0000,0.0000,0.00,"",79073,79023,0,ADX-ADX-PU376-2,"",SX THEO ĐƠN HÀNG,0.00,119.00,2026-07-06 14:11:49.070,2026-07-11 13:55:40.830,2026-07-06 00:00:00.000,2026-07-10 00:00:00.000,KK0004.07/26,XB0025.07/26,0,"",""
FB00048,A0200003708426PX,TP20,SPM130,DCM16,1750.00,1930.00,1040.00,tấm,"1800048200001472958010",A0200001472958WO,A0200000406461WO,WB2607-0002,IFD30-H75 TRẮNG,IFD30-H75H75,IFD30-H75,H75,"",B8,IFD30-H75H75,3.5130,1.0000,3.5130,1.0000,0.0000,0.00,"",79073,79023,0,ADX-ADX-PU376-2,"",SX THEO ĐƠN HÀNG,0.00,119.00,2026-07-06 14:11:48.940,2026-07-11 13:55:40.810,2026-07-06 00:00:00.000,2026-07-10 00:00:00.000,KK0004.07/26,XB0025.07/26,0,"",""
FB00048,A0200003708247PX,TP20,SPM130,DCM16,1750.00,1930.00,1040.00,tấm,"1800048200001472959001",A0200001472959WO,A0200000406461WO,WB2607-0002,IFD30-H75 TRẮNG,IFD30-H75H75,IFD30-H75,H75,"",B8,IFD30-H75H75,3.5130,1.0000,3.5130,1.0000,0.0000,0.00,"",79073,79023,0,ADX-ADX-PU376-1,"",SX THEO ĐƠN HÀNG,0.00,96.00,2026-07-06 14:11:48.960,2026-07-10 14:10:43.050,2026-07-06 00:00:00.000,2026-07-10 00:00:00.000,KK0004.07/26,XB0025.07/26,0,"",""
FB00048,A0200003708245PX,TP20,SPM130,DCM16,1750.00,1930.00,1040.00,tấm,"1800048200001472959002",A0200001472959WO,A0200000406461WO,WB2607-0002,IFD30-H75 TRẮNG,IFD30-H75H75,IFD30-H75,H75,"",B8,IFD30-H75H75,3.5130,1.0000,3.5130,1.0000,0.0000,0.00,"",79073,79023,0,ADX-ADX-PU376-1,"",SX THEO ĐƠN HÀNG,0.00,96.00,2026-07-06 14:11:49.063,2026-07-10 14:10:42.920,2026-07-06 00:00:00.000,2026-07-10 00:00:00.000,KK0004.07/26,XB0025.07/26,0,"",""
FB00048,A0200003708255PX,TP20,SPM130,DCM16,1630.00,2020.00,1030.00,tấm,"1800048200001473339001",A0200001473339WO,A0200000406600WO,WB2607-0005,IFD30-H75 TRẮNG,IFD30-H75H75,IFD30-H75,H75,"",A1,IFD30-H75H75,3.3910,1.0000,3.3910,1.0000,0.0000,0.00,"",79073,79023,0,"","",SX DƯ,0.00,47.00,2026-07-08 15:07:57.123,2026-07-10 14:13:54.053,2026-07-08 00:00:00.000,2026-07-10 00:00:00.000,KK0005.07/26,XB0024.07/26,0,"",""
FB00048,A0200003708430PX,TP20,SPM130,DCM16,1960.00,1930.00,950.00,tấm,"1800048200001473464001",A0200001473464WO,A0200000406634WO,WB2607-0007,IFD30-H75 TRẮNG,IFD30-H75H75,IFD30-H75,H75,"",A1,IFD30-H75H75,3.5940,1.0000,3.5940,1.0000,0.0000,0.00,"",79073,79023,0,"","",SX DƯ,0.00,27.00,2026-07-10 10:39:40.120,2026-07-11 13:55:40.873,2026-07-10 00:00:00.000,2026-07-10 00:00:00.000,KK0007.07/26,XB0025.07/26,0,"",""
FB00048,A0200003709171PX,TP20,SPM130,DCM16,2140.00,2080.00,1000.00,tấm,"1800048200001474175001",A0200001474175WO,A0200000406883WO,WB2607-0013,IFD30-H75 TRẮNG,IFD30-H75H75,IFD30-H75,H75,"",B4,IFD30-H75H75,4.4510,1.0000,4.4510,1.0000,0.0000,0.00,"",79073,79023,0,QA-QA-HAVAS-025,"",SX THEO ĐƠN HÀNG,0.00,29.00,2026-07-14 09:43:00.210,2026-07-15 14:25:57.917,2026-07-14 00:00:00.000,2026-07-15 00:00:00.000,KK0010.07/26,XB0031.07/26,0,"",""
FB00048,A0200003709170PX,TP20,SPM130,DCM16,2540.00,2080.00,990.00,tấm,"1800048200001474176001",A0200001474176WO,A0200000406883WO,WB2607-0013,IFD30-H75 TRẮNG,IFD30-H75H75,IFD30-H75,H75,"",B4,IFD30-H75H75,5.2300,1.0000,5.2300,1.0000,0.0000,0.00,"",79073,79023,0,QA-QA-HAVAS-029,"",SX THEO ĐƠN HÀNG,0.00,29.00,2026-07-14 09:43:01.663,2026-07-15 14:25:57.880,2026-07-14 00:00:00.000,2026-07-15 00:00:00.000,KK0010.07/26,XB0031.07/26,0,"",""
FB00048,A0200003709968PX,TP20,SPM130,DCM16,1870.00,2080.00,990.00,tấm,"1800048200001474177001",A0200001474177WO,A0200000406883WO,WB2607-0013,IFD30-H75 TRẮNG,IFD30-H75H75,IFD30-H75,H75,"",B4,IFD30-H75H75,3.8510,1.0000,3.8510,1.0000,0.0000,0.00,"",79073,79023,0,QA-QA-HAVAS-028,"",SX THEO ĐƠN HÀNG,0.00,97.00,2026-07-14 09:43:01.660,2026-07-18 10:08:01.270,2026-07-14 00:00:00.000,2026-07-18 00:00:00.000,KK0010.07/26,XB0040.07/26,0,"",""
FB00048,A0200003709168PX,TP20,SPM130,DCM16,1950.00,2080.00,990.00,tấm,"1800048200001474178001",A0200001474178WO,A0200000406883WO,WB2607-0013,IFD30-H75 TRẮNG,IFD30-H75H75,IFD30-H75,H75,"",B4,IFD30-H75H75,4.0150,1.0000,4.0150,1.0000,0.0000,0.00,"",79073,79023,0,QA-QA-HAVAS-028,"",SX THEO ĐƠN HÀNG,0.00,29.00,2026-07-14 09:43:01.637,2026-07-15 14:25:56.590,2026-07-14 00:00:00.000,2026-07-15 00:00:00.000,KK0010.07/26,XB0031.07/26,0,"",""
FB00048,A0200003710503PX,TP20,SPM130,DCM16,1950.00,2080.00,980.00,tấm,"1800048200001474179001",A0200001474179WO,A0200000406883WO,WB2607-0013,IFD30-H75 TRẮNG,IFD30-H75H75,IFD30-H75,H75,"",B4,IFD30-H75H75,3.9750,1.0000,3.9750,1.0000,0.0000,0.00,"",79073,79023,0,QA-QA-HAVAS,"",SX THEO ĐƠN HÀNG,0.00,151.00,2026-07-14 09:43:01.657,2026-07-20 16:46:37.453,2026-07-14 00:00:00.000,2026-06-29 00:00:00.000,KK0010.07/26,XB0061.06/26,0,"",""
FB00048,A0200003710504PX,TP20,SPM130,DCM16,1870.00,2080.00,990.00,tấm,"1800048200001474179002",A0200001474179WO,A0200000406883WO,WB2607-0013,IFD30-H75 TRẮNG,IFD30-H75H75,IFD30-H75,H75,"",B4,IFD30-H75H75,3.8510,1.0000,3.8510,1.0000,0.0000,0.00,"",79073,79023,0,QA-QA-HAVAS,"",SX THEO ĐƠN HÀNG,0.00,151.00,2026-07-14 09:43:01.660,2026-07-20 16:46:37.470,2026-07-14 00:00:00.000,2026-06-29 00:00:00.000,KK0010.07/26,XB0061.06/26,0,"",""
FB00048,A0200003708803PN,TP20,SPM130,DCM16,2200.00,2080.00,1000.00,tấm,"1800048200001474180001",A0200001474180WO,A0200000406883WO,WB2607-0013,IFD30-H75 TRẮNG,IFD30-H75H75,IFD30-H75,H75,"",B4,IFD30-H75H75,4.5760,1.0000,0.0000,0.0000,4.5760,1.00,"",79073,79023,0,QA-QA-HAVAS-030,"",SX THEO ĐƠN HÀNG,0.00,216.00,2026-07-14 09:43:01.640,,2026-07-14 00:00:00.000,,KK0010.07/26,,0,"",""
FB00048,A0200003709169PX,TP20,SPM130,DCM16,2110.00,2080.00,950.00,tấm,"1800048200001474181001",A0200001474181WO,A0200000406883WO,WB2607-0013,IFD30-H75 TRẮNG,IFD30-H75H75,IFD30-H75,H75,"",B4,IFD30-H75H75,4.1690,1.0000,4.1690,1.0000,0.0000,0.00,"",79073,79023,0,QA-QA-HAVAS-030,"",SX THEO ĐƠN HÀNG,0.00,29.00,2026-07-14 09:43:01.633,2026-07-15 14:25:57.850,2026-07-14 00:00:00.000,2026-07-15 00:00:00.000,KK0010.07/26,XB0031.07/26,0,"",""
FB00049,A0200003707042PX,TP20,SPM099,DCM12,2230.00,2050.00,1040.00,tấm,"1800049200001409126002",A0200001409126WO,A0200000380497WO,WB2508-0105,NFD30-H80 VÀNG NHẠT,NFD30-H80H80,NFD30-H80,H80,"",B25,NFD30-H80H80,4.7544,1.0000,4.7544,1.0000,0.0000,0.00,"",79074,79023,0,Dự trù/ASHT-886.R0--Mousse tấm,"","",0.00,7349.00,2025-09-03 09:26:53.927,2026-07-06 14:28:02.963,2026-05-31 00:00:00.000,2026-07-06 00:00:00.000,TONKHO,XB0012.07/26,0,"",""
FB00049,A0200003707041PX,TP20,SPM099,DCM12,1640.00,2050.00,1070.00,tấm,"1800049200001442546001",A0200001442546WO,A0200000395829WO,WB2601-0035,NFD30-H80 VÀNG NHẠT,NFD30-H80H80,NFD30-H80,H80,"",B5,NFD30-H80H80,3.5973,1.0000,3.5973,1.0000,0.0000,0.00,"",79074,79023,0,Dự trù TKN,"","",0.00,3793.00,2026-01-29 13:24:13.847,2026-07-06 14:28:02.933,2026-05-31 00:00:00.000,2026-07-06 00:00:00.000,TONKHO,XB0012.07/26,0,"",""
FB00049,A0200003707040PX,TP20,SPM099,DCM12,1620.00,2050.00,1060.00,tấm,"1800049200001442546002",A0200001442546WO,A0200000395829WO,WB2601-0035,NFD30-H80 VÀNG NHẠT,NFD30-H80H80,NFD30-H80,H80,"",B5,NFD30-H80H80,3.5203,1.0000,3.5203,1.0000,0.0000,0.00,"",79074,79023,0,SST-159--Đố thành,"","",0.00,3793.00,2026-01-29 13:24:13.843,2026-07-06 14:28:02.907,2026-05-31 00:00:00.000,2026-07-06 00:00:00.000,TONKHO,XB0012.07/26,0,"",""
FB00049,A0200003709802PX,TP20,SPM099,DCM12,1640.00,2050.00,1050.00,tấm,"1800049200001442546003",A0200001442546WO,A0200000395829WO,WB2601-0035,NFD30-H80 VÀNG NHẠT,NFD30-H80H80,NFD30-H80,H80,"","",NFD30-H80H80,7.0602,2.0000,3.5301,1.0000,3.5301,1.00,"",79074,79023,0,Dự trù TKN/TANTIEN-TT-PO Tháng 06-7/6,"","",0.00,45.00,2026-07-15 15:32:37.930,2026-07-17 12:51:29.470,2026-07-15 00:00:00.000,2026-07-15 00:00:00.000,XB0033.07/26,XB0033.07/26,0,"",""
FB00049,A0200003706748PX,TP20,SPM099,DCM12,1830.00,2050.00,1040.00,tấm,"1800049200001442547002",A0200001442547WO,A0200000395829WO,WB2601-0035,NFD30-H80 VÀNG NHẠT,NFD30-H80H80,NFD30-H80,H80,"",B5,NFD30-H80H80,3.9016,1.0000,3.9016,1.0000,0.0000,0.00,"",79074,79023,0,Dự trù TKN,"","",0.00,3741.00,2026-01-29 13:24:13.830,2026-07-04 10:34:01.510,2026-05-31 00:00:00.000,2026-07-04 00:00:00.000,TONKHO,XB0009.07/26,0,"",""
FB00049,A0200003709507PX,TP20,SPM099,DCM12,1830.00,2050.00,1040.00,tấm,"1800049200001442547003",A0200001442547WO,A0200000395829WO,WB2601-0035,NFD30-H80 VÀNG NHẠT,NFD30-H80H80,NFD30-H80,H80,"",B5,NFD30-H80H80,3.9016,1.0000,3.9016,1.0000,0.0000,0.00,"",79074,79023,0,Dự trù TKN/GRH-070--Mousse tấm,"","",0.00,4050.00,2026-01-29 13:24:13.833,2026-07-17 07:47:41.443,2026-05-31 00:00:00.000,2026-07-17 00:00:00.000,TONKHO,XB0036.07/26,0,"",""
FB00049,A0200003710639PX,TP20,SPM099,DCM12,2220.00,2050.00,1030.00,tấm,"1800049200001442548001",A0200001442548WO,A0200000395829WO,WB2601-0035,NFD30-H80 VÀNG NHẠT,NFD30-H80H80,NFD30-H80,H80,"",B5,NFD30-H80H80,4.6875,1.0000,4.6875,1.0000,0.0000,0.00,"",79074,79023,0,Dự trù TKN/GRH-070--Đố thành,"","",0.00,4150.00,2026-01-29 13:24:13.823,2026-07-21 11:04:49.273,2026-05-31 00:00:00.000,2026-07-21 00:00:00.000,TONKHO,XB0045.07/26,0,"",""
FB00049,A0200003709419PX,TP20,SPM099,DCM12,2210.00,2050.00,1030.00,tấm,"1800049200001442548002",A0200001442548WO,A0200000395829WO,WB2601-0035,NFD30-H80 VÀNG NHẠT,NFD30-H80H80,NFD30-H80,H80,"",B5,NFD30-H80H80,4.6664,1.0000,4.6664,1.0000,0.0000,0.00,"",79074,79023,0,Dự trù TKN/SST-171--Mousse tấm,"","",0.00,4029.00,2026-01-29 13:24:13.827,2026-07-16 10:50:54.220,2026-05-31 00:00:00.000,2026-07-16 00:00:00.000,TONKHO,XB0034.07/26,0,"",""
FB00049,A0200003707375PX,TP20,SPM099,DCM12,2230.00,2050.00,1030.00,tấm,"1800049200001442548003",A0200001442548WO,A0200000395829WO,WB2601-0035,NFD30-H80 VÀNG NHẠT,NFD30-H80H80,NFD30-H80,H80,"",B5,NFD30-H80H80,4.7086,1.0000,4.7087,1.0000,-0.0001,0.00,"",79074,79023,0,Dự trù TKN,"","",0.00,3836.00,2026-01-29 13:24:13.820,2026-07-08 09:55:27.213,2026-05-31 00:00:00.000,2026-07-08 00:00:00.000,TONKHO,XB0018.07/26,0,"",""
FB00049,A0200003698989PX,TP20,SPM099,DCM12,2250.00,2050.00,960.00,tấm,"1800049200001442549001",A0200001442549WO,A0200000395829WO,WB2601-0035,NFD30-H80 VÀNG NHẠT,NFD30-H80H80,NFD30-H80,H80,"",B5,NFD30-H80H80,4.4280,1.0000,4.4280,1.0000,0.0000,0.00,"",79074,79023,0,Dự trù GRH,"","",0.00,2996.00,2026-01-29 13:24:13.807,2026-06-03 09:25:19.890,2026-05-31 00:00:00.000,2026-06-03 00:00:00.000,TONKHO,XB0009.06/26,0,"",""
FB00049,A0200003707142PX,TP20,SPM099,DCM12,1960.00,2070.00,940.00,tấm,"1800049200001446337001",A0200001446337WO,A0200000396907WO,WB2602-0013,NFD30-H80 VÀNG NHẠT,NFD30-H80H80,NFD30-H80,H80,"",B24,NFD30-H80H80,3.8138,1.0000,3.8138,1.0000,0.0000,0.00,"",79074,79023,0,SST-159--Đố thành/ASHT-886.R0--Mousse tấm,"","",0.00,3503.00,2026-02-11 13:11:39.887,2026-07-07 12:50:55.597,2026-05-31 00:00:00.000,2026-07-06 00:00:00.000,TONKHO,XB0012.07/26,0,"",""
FB00049,A0200003707043PX,TP20,SPM099,DCM12,1990.00,2050.00,1050.00,tấm,"1800049200001459031003",A0200001459031WO,A0200000401906WO,WB2604-0030,NFD30-H80 VÀNG NHẠT,NFD30-H80H80,NFD30-H80,H80,"",B5,NFD30-H80H80,4.2835,1.0000,4.2835,1.0000,0.0000,0.00,"",79074,79023,0,ASHT-882.R0--Mousse tấm/ASHT-886.R0--Mousse tấm,"","",0.00,1800.00,2026-04-22 14:53:20.310,2026-07-06 14:28:02.980,2026-05-31 00:00:00.000,2026-07-06 00:00:00.000,TONKHO,XB0012.07/26,0,"",""
FB00049,A0200003707044PX,TP20,SPM099,DCM12,1990.00,2050.00,1060.00,tấm,"1800049200001459031004",A0200001459031WO,A0200000401906WO,WB2604-0030,NFD30-H80 VÀNG NHẠT,NFD30-H80H80,NFD30-H80,H80,"",B5,NFD30-H80H80,4.3243,1.0000,4.3243,1.0000,0.0000,0.00,"",79074,79023,0,ASHT-882.R0--Mousse tấm/ASHT-886.R0--Mousse tấm,"","",0.00,1800.00,2026-04-22 14:53:20.323,2026-07-06 14:28:02.987,2026-05-31 00:00:00.000,2026-07-06 00:00:00.000,TONKHO,XB0012.07/26,0,"",""
FB00049,A0200003707045PX,TP20,SPM099,DCM12,1990.00,2050.00,1030.00,tấm,"1800049200001459031005",A0200001459031WO,A0200000401906WO,WB2604-0030,NFD30-H80 VÀNG NHẠT,NFD30-H80H80,NFD30-H80,H80,"",B5,NFD30-H80H80,4.2019,1.0000,4.2019,1.0000,0.0000,0.00,"",79074,79023,0,ASHT-882.R0--Mousse tấm/ASHT-886.R0--Mousse tấm,"","",0.00,1800.00,2026-04-22 14:53:20.300,2026-07-06 14:28:02.990,2026-05-31 00:00:00.000,2026-07-06 00:00:00.000,TONKHO,XB0012.07/26,0,"",""
FB00049,A0200003706828PX,TP20,SPM099,DCM12,1970.00,2050.00,1000.00,tấm,"1800049200001460718002",A0200001460718WO,A0200000402432WO,WB2604-0038,NFD30-H80 VÀNG NHẠT,NFD30-H80H80,NFD30-H80,H80,"",B11,NFD30-H80H80,4.0385,1.0000,4.0385,1.0000,0.0000,0.00,"",79074,79023,0,NGD-017--Đố thành/ASHT-886.R0--Mousse tấm,"","",0.00,1509.00,2026-05-04 12:28:15.790,2026-07-06 09:43:23.220,2026-05-31 00:00:00.000,2026-06-02 00:00:00.000,TONKHO,XB0004.06/26,0,"",""
FB00049,A0200003705067PX,TP20,SPM099,DCM12,2000.00,2080.00,940.00,tấm,"1800049200001467708001",A0200001467708WO,A0200000404785WO,WB2606-0008,NFD30-H80 VÀNG NHẠT,NFD30-H80H80,NFD30-H80,H80,"",B6-7,NFD30-H80H80,3.9100,1.0000,3.9100,1.0000,0.0000,0.00,"",79074,79023,0,ASHT-887.R0--Mousse tấm,"",SX THEO DON HANG,0.00,455.00,2026-06-10 10:11:44.563,2026-06-29 09:19:47.737,2026-06-10 00:00:00.000,2026-06-29 00:00:00.000,KK0007.06/26,XB0059.06/26,0,"",""
FB00049,A0200003705064PX,TP20,SPM099,DCM12,2010.00,2080.00,1060.00,tấm,"1800049200001467708002",A0200001467708WO,A0200000404785WO,WB2606-0008,NFD30-H80 VÀNG NHẠT,NFD30-H80H80,NFD30-H80,H80,"",B6-7,NFD30-H80H80,4.4320,1.0000,4.4320,1.0000,0.0000,0.00,"",79074,79023,0,ASHT-887.R0--Mousse tấm,"",SX THEO DON HANG,0.00,455.00,2026-06-10 10:11:44.417,2026-06-29 09:19:47.703,2026-06-10 00:00:00.000,2026-06-29 00:00:00.000,KK0007.06/26,XB0059.06/26,0,"",""
FB00049,A0200003705066PX,TP20,SPM099,DCM12,2000.00,2080.00,1000.00,tấm,"1800049200001467708003",A0200001467708WO,A0200000404785WO,WB2606-0008,NFD30-H80 VÀNG NHẠT,NFD30-H80H80,NFD30-H80,H80,"",B6-7,NFD30-H80H80,4.1600,1.0000,4.1600,1.0000,0.0000,0.00,"",79074,79023,0,ASHT-887.R0--Mousse tấm,"",SX THEO DON HANG,0.00,455.00,2026-06-10 10:11:44.547,2026-06-29 09:19:47.723,2026-06-10 00:00:00.000,2026-06-29 00:00:00.000,KK0007.06/26,XB0059.06/26,0,"",""
FB00049,A0200003705065PX,TP20,SPM099,DCM12,2000.00,2080.00,1060.00,tấm,"1800049200001467708004",A0200001467708WO,A0200000404785WO,WB2606-0008,NFD30-H80 VÀNG NHẠT,NFD30-H80H80,NFD30-H80,H80,"",B6-7,NFD30-H80H80,4.4100,1.0000,4.4100,1.0000,0.0000,0.00,"",79074,79023,0,ASHT-887.R0--Mousse tấm,"",SX THEO DON HANG,0.00,455.00,2026-06-10 10:11:44.530,2026-06-29 09:19:47.717,2026-06-10 00:00:00.000,2026-06-29 00:00:00.000,KK0007.06/26,XB0059.06/26,0,"",""
FB00049,A0200003705062PX,TP20,SPM099,DCM12,2000.00,2080.00,980.00,tấm,"1800049200001467708005",A0200001467708WO,A0200000404785WO,WB2606-0008,NFD30-H80 VÀNG NHẠT,NFD30-H80H80,NFD30-H80,H80,"",B6-7,NFD30-H80H80,4.0770,1.0000,4.0770,1.0000,0.0000,0.00,"",79074,79023,0,ASHT-887.R0--Mousse tấm,"",SX THEO DON HANG,0.00,455.00,2026-06-10 10:11:44.353,2026-06-29 09:19:47.630,2026-06-10 00:00:00.000,2026-06-29 00:00:00.000,KK0007.06/26,XB0059.06/26,0,"",""
FB00049,A0200003705063PX,TP20,SPM099,DCM12,2000.00,2080.00,1040.00,tấm,"1800049200001467708006",A0200001467708WO,A0200000404785WO,WB2606-0008,NFD30-H80 VÀNG NHẠT,NFD30-H80H80,NFD30-H80,H80,"",B6-7,NFD30-H80H80,4.3260,1.0000,4.3260,1.0000,0.0000,0.00,"",79074,79023,0,ASHT-887.R0--Mousse tấm,"",SX THEO DON HANG,0.00,455.00,2026-06-10 10:11:44.400,2026-06-29 09:19:47.673,2026-06-10 00:00:00.000,2026-06-29 00:00:00.000,KK0007.06/26,XB0059.06/26,0,"",""
FB00049,A0200003702797PX,TP20,SPM099,DCM12,1390.00,2080.00,1040.00,tấm,"1800049200001467709001",A0200001467709WO,A0200000404785WO,WB2606-0008,NFD30-H80 VÀNG NHẠT,NFD30-H80H80,NFD30-H80,H80,"",B6-7,NFD30-H80H80,3.0070,1.0000,3.0070,1.0000,0.0000,0.00,"",79074,79023,0,SST-172--Mousse tấm,"",SX THEO DON HANG,0.00,288.00,2026-06-10 10:11:44.493,2026-06-22 10:04:15.517,2026-06-10 00:00:00.000,2026-06-22 00:00:00.000,KK0007.06/26,XB0046.06/26,0,"",""
FB00049,A0200003702798PX,TP20,SPM099,DCM12,1390.00,2080.00,1040.00,tấm,"1800049200001467709002",A0200001467709WO,A0200000404785WO,WB2606-0008,NFD30-H80 VÀNG NHẠT,NFD30-H80H80,NFD30-H80,H80,"",B6-7,NFD30-H80H80,3.0070,1.0000,3.0070,1.0000,0.0000,0.00,"",79074,79023,0,SST-172--Mousse tấm,"",SX THEO DON HANG,0.00,288.00,2026-06-10 10:11:44.513,2026-06-22 10:04:15.527,2026-06-10 00:00:00.000,2026-06-22 00:00:00.000,KK0007.06/26,XB0046.06/26,0,"",""
FB00049,A0200003703934PX,TP20,SPM099,DCM12,1390.00,2080.00,1010.00,tấm,"1800049200001468125001",A0200001468125WO,A0200000404895WO,WB2606-0010,NFD30-H80 VÀNG NHẠT,NFD30-H80H80,NFD30-H80,H80,"",B6-7,NFD30-H80H80,2.9200,1.0000,2.9200,1.0000,0.0000,0.00,"",79074,79023,0,"","",SX THEO DON HANG,0.00,358.00,2026-06-10 10:11:44.433,2026-06-25 08:46:51.470,2026-06-10 00:00:00.000,2026-06-23 00:00:00.000,KK0007.06/26,XB0051.06/26,0,"",""
FB00049,A0200003703984PX,TP20,SPM099,DCM12,1990.00,2050.00,1060.00,tấm,"1800049200001469051001",A0200001469051WO,A0200000405180WO,WB2606-0017,NFD30-H80 VÀNG NHẠT,NFD30-H80H80,NFD30-H80,H80,"",B12,NFD30-H80H80,4.3240,1.0000,4.3240,1.0000,0.0000,0.00,"",79074,79023,0,ASHT-888.R0--Mousse tấm,"",SX THEO DON HANG,0.00,215.00,2026-06-16 10:27:00.930,2026-06-25 09:48:50.480,2026-06-16 00:00:00.000,2026-06-25 00:00:00.000,KK0011.06/26,XB0053.06/26,0,"",""
FB00049,A0200003703990PX,TP20,SPM099,DCM12,2000.00,2050.00,1020.00,tấm,"1800049200001469051002",A0200001469051WO,A0200000405180WO,WB2606-0017,NFD30-H80 VÀNG NHẠT,NFD30-H80H80,NFD30-H80,H80,"",B12,NFD30-H80H80,4.1820,1.0000,4.1820,1.0000,0.0000,0.00,"",79074,79023,0,ASHT-888.R0--Mousse tấm,"",SX THEO DON HANG,0.00,215.00,2026-06-16 10:27:01.000,2026-06-25 09:48:50.600,2026-06-16 00:00:00.000,2026-06-25 00:00:00.000,KK0011.06/26,XB0053.06/26,0,"",""
FB00049,A0200003703981PX,TP20,SPM099,DCM12,1980.00,2050.00,1070.00,tấm,"1800049200001469051003",A0200001469051WO,A0200000405180WO,WB2606-0017,NFD30-H80 VÀNG NHẠT,NFD30-H80H80,NFD30-H80,H80,"",B12,NFD30-H80H80,4.3430,1.0000,4.3430,1.0000,0.0000,0.00,"",79074,79023,0,ASHT-888.R0--Mousse tấm,"",SX THEO DON HANG,0.00,215.00,2026-06-16 10:27:00.913,2026-06-25 09:48:50.433,2026-06-16 00:00:00.000,2026-06-25 00:00:00.000,KK0011.06/26,XB0053.06/26,0,"",""
FB00049,A0200003703986PX,TP20,SPM099,DCM12,1980.00,2050.00,1070.00,tấm,"1800049200001469051004",A0200001469051WO,A0200000405180WO,WB2606-0017,NFD30-H80 VÀNG NHẠT,NFD30-H80H80,NFD30-H80,H80,"",B12,NFD30-H80H80,4.3430,1.0000,4.3430,1.0000,0.0000,0.00,"",79074,79023,0,ASHT-888.R0--Mousse tấm,"",SX THEO DON HANG,0.00,215.00,2026-06-16 10:27:00.940,2026-06-25 09:48:50.513,2026-06-16 00:00:00.000,2026-06-25 00:00:00.000,KK0011.06/26,XB0053.06/26,0,"",""
FB00049,A0200003703983PX,TP20,SPM099,DCM12,1990.00,2050.00,1070.00,tấm,"1800049200001469051005",A0200001469051WO,A0200000405180WO,WB2606-0017,NFD30-H80 VÀNG NHẠT,NFD30-H80H80,NFD30-H80,H80,"",B12,NFD30-H80H80,4.3650,1.0000,4.3650,1.0000,0.0000,0.00,"",79074,79023,0,ASHT-888.R0--Mousse tấm,"",SX THEO DON HANG,0.00,215.00,2026-06-16 10:27:00.923,2026-06-25 09:48:50.463,2026-06-16 00:00:00.000,2026-06-25 00:00:00.000,KK0011.06/26,XB0053.06/26,0,"",""
FB00049,A0200003703987PX,TP20,SPM099,DCM12,1990.00,2050.00,1030.00,tấm,"1800049200001469051006",A0200001469051WO,A0200000405180WO,WB2606-0017,NFD30-H80 VÀNG NHẠT,NFD30-H80H80,NFD30-H80,H80,"",B12,NFD30-H80H80,4.2020,1.0000,4.2020,1.0000,0.0000,0.00,"",79074,79023,0,ASHT-888.R0--Mousse tấm,"",SX THEO DON HANG,0.00,215.00,2026-06-16 10:27:00.943,2026-06-25 09:48:50.530,2026-06-16 00:00:00.000,2026-06-25 00:00:00.000,KK0011.06/26,XB0053.06/26,0,"",""
FB00049,A0200003703980PX,TP20,SPM099,DCM12,1990.00,2050.00,1080.00,tấm,"1800049200001469051007",A0200001469051WO,A0200000405180WO,WB2606-0017,NFD30-H80 VÀNG NHẠT,NFD30-H80H80,NFD30-H80,H80,"",B12,NFD30-H80H80,4.4060,1.0000,4.4060,1.0000,0.0000,0.00,"",79074,79023,0,ASHT-888.R0--Mousse tấm,"",SX THEO DON HANG,0.00,215.00,2026-06-16 10:27:00.910,2026-06-25 09:48:49.047,2026-06-16 00:00:00.000,2026-06-25 00:00:00.000,KK0011.06/26,XB0053.06/26,0,"",""
FB00049,A0200003703985PX,TP20,SPM099,DCM12,2000.00,2050.00,1060.00,tấm,"1800049200001469051008",A0200001469051WO,A0200000405180WO,WB2606-0017,NFD30-H80 VÀNG NHẠT,NFD30-H80H80,NFD30-H80,H80,"",B12,NFD30-H80H80,4.3460,1.0000,4.3460,1.0000,0.0000,0.00,"",79074,79023,0,ASHT-888.R0--Mousse tấm,"",SX THEO DON HANG,0.00,215.00,2026-06-16 10:27:00.933,2026-06-25 09:48:50.497,2026-06-16 00:00:00.000,2026-06-25 00:00:00.000,KK0011.06/26,XB0053.06/26,0,"",""
FB00049,A0200003703982PX,TP20,SPM099,DCM12,2000.00,2050.00,1070.00,tấm,"1800049200001469051009",A0200001469051WO,A0200000405180WO,WB2606-0017,NFD30-H80 VÀNG NHẠT,NFD30-H80H80,NFD30-H80,H80,"",B12,NFD30-H80H80,4.3870,1.0000,4.3870,1.0000,0.0000,0.00,"",79074,79023,0,ASHT-888.R0--Mousse tấm,"",SX THEO DON HANG,0.00,215.00,2026-06-16 10:27:00.920,2026-06-25 09:48:50.450,2026-06-16 00:00:00.000,2026-06-25 00:00:00.000,KK0011.06/26,XB0053.06/26,0,"",""
FB00049,A0200003703989PX,TP20,SPM099,DCM12,2010.00,2050.00,1010.00,tấm,"1800049200001469051010",A0200001469051WO,A0200000405180WO,WB2606-0017,NFD30-H80 VÀNG NHẠT,NFD30-H80H80,NFD30-H80,H80,"",B12,NFD30-H80H80,4.1620,1.0000,4.1620,1.0000,0.0000,0.00,"",79074,79023,0,ASHT-888.R0--Mousse tấm,"",SX THEO DON HANG,0.00,215.00,2026-06-16 10:27:00.980,2026-06-25 09:48:50.590,2026-06-16 00:00:00.000,2026-06-25 00:00:00.000,KK0011.06/26,XB0053.06/26,0,"",""
FB00049,A0200003703988PX,TP20,SPM099,DCM12,1990.00,2050.00,970.00,tấm,"1800049200001469051011",A0200001469051WO,A0200000405180WO,WB2606-0017,NFD30-H80 VÀNG NHẠT,NFD30-H80H80,NFD30-H80,H80,"",B12,NFD30-H80H80,3.9570,1.0000,3.9570,1.0000,0.0000,0.00,"",79074,79023,0,ASHT-888.R0--Mousse tấm,"",SX THEO DON HANG,0.00,215.00,2026-06-16 10:27:00.977,2026-06-25 09:48:50.573,2026-06-16 00:00:00.000,2026-06-25 00:00:00.000,KK0011.06/26,XB0053.06/26,0,"",""
FB00049,A0200003703235PX,TP20,SPM099,DCM12,1200.00,2050.00,1100.00,tấm,"1800049200001469108001",A0200001469108WO,A0200000405217WO,WB2606-0018,NFD30-H80 VÀNG NHẠT,NFD30-H80H80,NFD30-H80,H80,"",B12,NFD30-H80H80,5.4120,2.0000,2.7060,1.0000,2.7060,1.00,"",79074,79023,0,"","",SX THEO DON HANG,0.00,167.00,2026-06-16 10:27:00.903,2026-06-23 09:08:03.710,2026-06-22 00:00:00.000,2026-06-22 00:00:00.000,XB0048.06/26,XB0048.06/26,0,"",""
FB00051,A0200003700087PX,TP20,SPM131,DCM07,1540.00,2180.00,1010.00,tấm,"1800051200001456846001",A0200001456846WO,A0200000401102WO,WB2604-0011,NFD35-H50 TRẮNG,NFD35-H50H50,NFD35-H50,H50,"",B24,NFD35-H50H50,3.3908,1.0000,3.3908,1.0000,0.0000,0.00,"",79076,79023,0,JANG IN-JI-260402-4/JANG IN-JI-260525-2-12/6,"","",0.00,1367.00,2026-04-10 16:27:57.650,2026-06-06 15:01:06.517,2026-05-31 00:00:00.000,2026-06-06 00:00:00.000,TONKHO,XB0017.06/26,0,"",""
FB00051,A0200003700086PX,TP20,SPM131,DCM07,1440.00,2180.00,850.00,tấm,"1800051200001456975001",A0200001456975WO,A0200000401240WO,WB2604-0012,NFD35-H50 TRẮNG,NFD35-H50H50,NFD35-H50,H50,"",A2,NFD35-H50H50,2.6683,1.0000,2.6683,1.0000,0.0000,0.00,"",79076,79023,0,JANG IN-JI-260525-2-12/6,"","",0.00,1367.00,2026-04-10 16:32:19.687,2026-06-06 15:01:06.473,2026-05-31 00:00:00.000,2026-06-06 00:00:00.000,TONKHO,XB0017.06/26,0,"",""
FB00051,A0200003700085PX,TP20,SPM131,DCM07,1610.00,2020.00,1040.00,tấm,"1800051200001467309001",A0200001467309WO,A0200000404678WO,WB2606-0006,NFD35-H50 TRẮNG,NFD35-H50H50,NFD35-H50,H50,"","970",NFD35-H50H50,3.3820,1.0000,3.3820,1.0000,0.0000,0.00,"",79076,79023,0,JANG IN-JI-260529-1,"",SX THEO DON HANG,0.00,5.00,2026-06-06 10:20:37.983,2026-06-06 15:01:06.433,2026-06-06 00:00:00.000,2026-06-06 00:00:00.000,KK0005.06/26,XB0017.06/26,0,"",""
FB00051,A0200003701996PX,TP20,SPM131,DCM07,2050.00,2020.00,1040.00,tấm,"1800051200001467310001",A0200001467310WO,A0200000404678WO,WB2606-0006,NFD35-H50 TRẮNG,NFD35-H50H50,NFD35-H50,H50,"","960",NFD35-H50H50,4.3070,1.0000,4.3070,1.0000,0.0000,0.00,"",79076,79023,0,JANG IN-JI-260604,"",SX THEO DON HANG,0.00,287.00,2026-06-06 10:20:38.043,2026-06-18 09:38:37.677,2026-06-06 00:00:00.000,2026-06-18 00:00:00.000,KK0005.06/26,XB0040.06/26,0,"",""
FB00051,A0200003700303PX,TP20,SPM131,DCM07,2050.00,2020.00,1040.00,tấm,"1800051200001467310002",A0200001467310WO,A0200000404678WO,WB2606-0006,NFD35-H50 TRẮNG,NFD35-H50H50,NFD35-H50,H50,"","970",NFD35-H50H50,4.3070,1.0000,4.3070,1.0000,0.0000,0.00,"",79076,79023,0,JANG IN-JI-260604,"",SX THEO DON HANG,0.00,76.00,2026-06-06 10:20:38.027,2026-06-09 14:10:29.780,2026-06-06 00:00:00.000,2026-06-09 00:00:00.000,KK0005.06/26,XB0022.06/26,0,"",""
FB00051,A0200003700084PX,TP20,SPM131,DCM07,2040.00,2020.00,1040.00,tấm,"1800051200001467311001",A0200001467311WO,A0200000404678WO,WB2606-0006,NFD35-H50 TRẮNG,NFD35-H50H50,NFD35-H50,H50,"","940",NFD35-H50H50,4.2860,1.0000,4.2860,1.0000,0.0000,0.00,"",79076,79023,0,JANG IN-JI-260604,"",SX THEO DON HANG,0.00,5.00,2026-06-06 10:20:38.060,2026-06-06 15:01:05.173,2026-06-06 00:00:00.000,2026-06-06 00:00:00.000,KK0005.06/26,XB0017.06/26,0,"",""
FB00051,A0200003702199PX,TP20,SPM131,DCM07,1640.00,2020.00,1040.00,tấm,"1800051200001467312001",A0200001467312WO,A0200000404678WO,WB2606-0006,NFD35-H50 TRẮNG,NFD35-H50H50,NFD35-H50,H50,"","900",NFD35-H50H50,3.4450,1.0000,3.4450,1.0000,0.0000,0.00,"",79076,79023,0,JANG IN-JI-260604,"",SX THEO DON HANG,0.00,311.00,2026-06-06 10:20:38.080,2026-06-19 09:51:32.960,2026-06-06 00:00:00.000,2026-06-18 00:00:00.000,KK0005.06/26,XB0040.06/26,0,"",""
FB00051,A0200003708244PX,TP20,SPM131,DCM07,1970.00,2050.00,1040.00,tấm,"1800051200001471868001",A0200001471868WO,A0200000406123WO,WB2606-0034,NFD35-H50 TRẮNG,NFD35-H50H50,NFD35-H50,H50,"",B1-4,NFD35-H50H50,4.2000,1.0000,4.2000,1.0000,0.0000,0.00,"",79076,79023,0,JANG IN-JI-260626,"",SX THEO ĐƠN HÀNG,0.00,245.00,2026-06-30 09:03:35.510,2026-07-10 14:08:35.260,2026-06-30 00:00:00.000,2026-07-10 00:00:00.000,KK0021.06/26,XB0024.07/26,0,"",""
FB00051,A0200003709752PX,TP20,SPM131,DCM07,1960.00,2050.00,980.00,tấm,"1800051200001471868002",A0200001471868WO,A0200000406123WO,WB2606-0034,NFD35-H50 TRẮNG,NFD35-H50H50,NFD35-H50,H50,"",B1-4,NFD35-H50H50,3.9380,1.0000,3.9380,1.0000,0.0000,0.00,"",79076,79023,0,JANG IN-JI-260626,"",SX THEO ĐƠN HÀNG,0.00,410.00,2026-06-30 09:03:35.490,2026-07-17 11:51:28.123,2026-06-30 00:00:00.000,2026-07-17 00:00:00.000,KK0021.06/26,XB0038.07/26,0,"",""
FB00051,A0200003705288PN,TP20,SPM131,DCM07,1950.00,2050.00,1050.00,tấm,"1800051200001471868003",A0200001471868WO,A0200000406123WO,WB2606-0034,NFD35-H50 TRẮNG,NFD35-H50H50,NFD35-H50,H50,"",B1-4,NFD35-H50H50,4.1970,1.0000,0.0000,0.0000,4.1970,1.00,"",79076,79023,0,JANG IN-JI-260626,"",SX THEO ĐƠN HÀNG,0.00,552.00,2026-06-30 09:03:35.507,,2026-06-30 00:00:00.000,,KK0021.06/26,,0,"",""
FB00051,A0200003705286PN,TP20,SPM131,DCM07,1000.00,2050.00,970.00,tấm,"1800051200001471933001",A0200001471933WO,A0200000406167WO,WB2606-0035,NFD35-H50 TRẮNG,NFD35-H50H50,NFD35-H50,H50,"",B1-4,NFD35-H50H50,1.9890,1.0000,0.0000,0.0000,1.9890,1.00,"",79076,79023,0,"","",SX THEO ĐƠN HÀNG,0.00,552.00,2026-06-30 09:03:35.473,,2026-06-30 00:00:00.000,,KK0021.06/26,,0,"",""
FB00053,A0200003702838PX,TP20,SPM092,DCM11,850.00,2050.00,900.00,tấm,"1800053200001437586001",A0200001437586WO,A0200000394317WO,WB2601-0008,NFD40-H70 CAM,NFD40-H70H70,NFD40-H70,H70,"",A4,NFD40-H70H70,1.5683,1.0000,1.5683,1.0000,0.0000,0.00,"",79078,79023,0,"","","",0.00,3956.00,2026-01-08 14:29:50.203,2026-06-22 10:22:34.577,2026-05-31 00:00:00.000,2026-06-20 00:00:00.000,TONKHO,XB0045.06/26,0,"",""
FB00053,A0200003706518PX,TP20,SPM092,DCM11,2190.00,2050.00,900.00,tấm,"1800053200001451056001",A0200001451056WO,A0200000398354WO,WB2603-0015,NFD40-H70 CAM,NFD40-H70H70,NFD40-H70,H70,"",A6,NFD40-H70H70,4.0406,1.0000,4.0406,1.0000,0.0000,0.00,"",79078,79023,0,WO2603-093,"","",0.00,2592.00,2026-03-17 13:16:43.677,2026-07-03 13:38:56.147,2026-05-31 00:00:00.000,2026-07-03 00:00:00.000,TONKHO,XB0006.07/26,0,"",""
FB00053,A0200003706380PX,TP20,SPM092,DCM11,2210.00,2050.00,900.00,tấm,"1800053200001451056002",A0200001451056WO,A0200000398354WO,WB2603-0015,NFD40-H70 CAM,NFD40-H70H70,NFD40-H70,H70,"",A6,NFD40-H70H70,4.0775,1.0000,4.0775,1.0000,0.0000,0.00,"",79078,79023,0,WO2603-093,"","",0.00,2588.00,2026-03-17 13:16:43.673,2026-07-03 09:49:01.830,2026-05-31 00:00:00.000,2026-07-03 00:00:00.000,TONKHO,XB0006.07/26,0,"",""
FB00053,A0200003708608PX,TP20,SPM092,DCM11,1630.00,2040.00,940.00,tấm,"1800053200001467023001",A0200001467023WO,A0200000404619WO,WB2606-0004,NFD40-H70 CAM,NFD40-H70H70,NFD40-H70,H70,"","910",NFD40-H70H70,3.1260,1.0000,3.1260,1.0000,0.0000,0.00,"",79078,79023,0,WO2606-14+15,"",SX THEO DON HANG,0.00,910.00,2026-06-05 11:18:43.050,2026-07-13 09:15:56.860,2026-06-05 00:00:00.000,2026-07-13 00:00:00.000,KK0004.06/26,XB0027.07/26,0,"",""
FB00053,A0200003703996PX,TP20,SPM092,DCM11,1630.00,2040.00,940.00,tấm,"1800053200001467023002",A0200001467023WO,A0200000404619WO,WB2606-0004,NFD40-H70 CAM,NFD40-H70H70,NFD40-H70,H70,"","930",NFD40-H70H70,3.1260,1.0000,3.1260,1.0000,0.0000,0.00,"",79078,79023,0,WO2606-14+15,"",SX THEO DON HANG,0.00,480.00,2026-06-05 11:18:43.017,2026-06-25 11:13:08.840,2026-06-05 00:00:00.000,2026-06-25 00:00:00.000,KK0004.06/26,XB0053.06/26,0,"",""
FB00053,A0200003699902PX,TP20,SPM092,DCM11,1630.00,2040.00,940.00,tấm,"1800053200001467023003",A0200001467023WO,A0200000404619WO,WB2606-0004,NFD40-H70 CAM,NFD40-H70H70,NFD40-H70,H70,"","930",NFD40-H70H70,3.1260,1.0000,3.1260,1.0000,0.0000,0.00,"",79078,79023,0,WO2606-14+15,"",SX THEO DON HANG,0.00,22.00,2026-06-05 11:18:43.033,2026-06-06 09:43:48.550,2026-06-05 00:00:00.000,2026-06-06 00:00:00.000,KK0004.06/26,XB0016.06/26,0,"",""
FB00053,A0200003708609PX,TP20,SPM092,DCM11,1830.00,2040.00,940.00,tấm,"1800053200001467024001",A0200001467024WO,A0200000404619WO,WB2606-0004,NFD40-H70 CAM,NFD40-H70H70,NFD40-H70,H70,"","940",NFD40-H70H70,3.5090,1.0000,3.5090,1.0000,0.0000,0.00,"",79078,79023,0,WO2606-14+15,"",SX THEO DON HANG,0.00,910.00,2026-06-05 11:18:42.997,2026-07-13 09:15:56.867,2026-06-05 00:00:00.000,2026-07-13 00:00:00.000,KK0004.06/26,XB0027.07/26,0,"",""
FB00053,A0200003706029PX,TP20,SPM092,DCM11,1830.00,2040.00,940.00,tấm,"1800053200001467024002",A0200001467024WO,A0200000404619WO,WB2606-0004,NFD40-H70 CAM,NFD40-H70H70,NFD40-H70,H70,"","940",NFD40-H70H70,3.5090,1.0000,3.5090,1.0000,0.0000,0.00,"",79078,79023,0,WO2606-14+15,"",SX THEO DON HANG,0.00,624.00,2026-06-05 11:18:42.967,2026-07-01 11:13:40.173,2026-06-05 00:00:00.000,2026-07-01 00:00:00.000,KK0004.06/26,XB0001.07/26,0,"",""
FB00053,A0200003711766PX,TP24NEM,SPM092,DCM11,1830.00,2040.00,940.00,tấm,"1800053200001467024003",A0200001458940WO,A0200000401865WO,WB2604-0029,NFD40-H70 CAM,NFD40-H70H70,NFD40-H70,H70,"","940",NFD40-H70H70,0.0000,0.0000,3.5090,1.0000,-3.5090,-1.00,"",79078,79023,0,WO2606-14+15,"","",0.00,,,2026-07-22 16:06:03.340,,2026-07-22 00:00:00.000,,XB0052.07/26,0,"",""
FB00053,A0200003709323PX,TP20,SPM092,DCM11,1830.00,2040.00,940.00,tấm,"1800053200001467024003",A0200001467024WO,A0200000404619WO,WB2606-0004,NFD40-H70 CAM,NFD40-H70H70,NFD40-H70,H70,"","940",NFD40-H70H70,7.0180,2.0000,3.5090,1.0000,3.5090,1.00,"",79078,79023,0,WO2606-14+15,"",SX THEO DON HANG,0.00,965.00,2026-06-05 11:18:42.983,2026-07-15 16:19:47.783,2026-07-15 00:00:00.000,2026-07-15 00:00:00.000,XB0033.07/26,XB0033.07/26,0,"",""
FB00053,A0200003700565PX,TP20,SPM092,DCM11,1860.00,2040.00,940.00,tấm,"1800053200001467199001",A0200001467199WO,A0200000404643WO,WB2606-0005,NFD40-H70 CAM,NFD40-H70H70,NFD40-H70,H70,"","940",NFD40-H70H70,3.5670,1.0000,3.5670,1.0000,0.0000,0.00,"",79078,79023,0,"","",SX THEO DON HANG,0.00,141.00,2026-06-05 11:18:42.923,2026-06-11 08:55:19.837,2026-06-05 00:00:00.000,2026-06-11 00:00:00.000,KK0004.06/26,XB0025.06/26,0,"",""
FB00053,A0200003699891PX,TP20,SPM092,DCM11,1860.00,2040.00,940.00,tấm,"1800053200001467199002",A0200001467199WO,A0200000404643WO,WB2606-0005,NFD40-H70 CAM,NFD40-H70H70,NFD40-H70,H70,"","870",NFD40-H70H70,3.5670,1.0000,3.5670,1.0000,0.0000,0.00,"",79078,79023,0,"","",SX THEO DON HANG,0.00,22.00,2026-06-05 11:18:42.910,2026-06-06 09:43:48.290,2026-06-05 00:00:00.000,2026-06-06 00:00:00.000,KK0004.06/26,XB0016.06/26,0,"",""
FB00055,A0200003700090PX,TP20,SPM133,DCM07,2250.00,2040.00,950.00,tấm,"1800055200001462480001",A0200001462480WO,A0200000403048WO,WB2605-0011,NFD42-H50 TRẮNG,NFD42-H50H50,NFD42-H50,H50,"",B5,NFD42-H50H50,4.3605,1.0000,4.3605,1.0000,0.0000,0.00,"",79080,79023,0,PHÁT TRIỂN-PT-T0526-04-MT-7,"","",0.00,601.00,2026-05-12 14:13:48.547,2026-06-06 15:01:06.610,2026-05-31 00:00:00.000,2026-06-06 00:00:00.000,TONKHO,XB0017.06/26,0,"",""
FB00055,A0200003702239PX,TP20,SPM133,DCM07,2200.00,2040.00,960.00,tấm,"1800055200001462482001",A0200001462482WO,A0200000403048WO,WB2605-0011,NFD42-H50 TRẮNG,NFD42-H50H50,NFD42-H50,H50,"",B5,NFD42-H50H50,4.3085,1.0000,4.3085,1.0000,0.0000,0.00,"",79080,79023,0,PHÁT TRIỂN-PT-T0526-04-MT-7/JANG IN-JI-260525-4-15/6,"","",0.00,911.00,2026-05-12 14:13:48.647,2026-06-19 13:04:03.540,2026-05-31 00:00:00.000,2026-06-19 00:00:00.000,TONKHO,XB0043.06/26,0,"",""
FB00055,A0200003707510PX,TP20,SPM133,DCM07,2070.00,2020.00,900.00,tấm,"1800055200001467313001",A0200001467313WO,A0200000404678WO,WB2606-0006,NFD42-H50 TRẮNG,NFD42-H50H50,NFD42-H50,H50,"","950",NFD42-H50H50,3.7630,1.0000,3.7630,1.0000,0.0000,0.00,"",79080,79023,0,PHÁT TRIỂN-PT-T0626-04-MT-Mút hột gà,"",SX THEO DON HANG,0.00,772.00,2026-06-06 10:20:36.543,2026-07-08 14:33:52.670,2026-06-06 00:00:00.000,2026-07-07 00:00:00.000,KK0005.06/26,XB0016.07/26,0,"",""
FB00055,A0200003700301PX,TP20,SPM133,DCM07,2190.00,2020.00,940.00,tấm,"1800055200001467314001",A0200001467314WO,A0200000404678WO,WB2606-0006,NFD42-H50 TRẮNG,NFD42-H50H50,NFD42-H50,H50,"","940",NFD42-H50H50,4.1580,1.0000,4.1580,1.0000,0.0000,0.00,"",79080,79023,0,PHÁT TRIỂN-PT-T0626-04-MT-3,"",SX THEO DON HANG,0.00,75.00,2026-06-06 10:20:37.823,2026-06-09 13:33:22.683,2026-06-06 00:00:00.000,2026-06-09 00:00:00.000,KK0005.06/26,XB0022.06/26,0,"",""
FB00055,A0200003700089PX,TP20,SPM133,DCM07,1510.00,2020.00,940.00,tấm,"1800055200001467315001",A0200001467315WO,A0200000404678WO,WB2606-0006,NFD42-H50 TRẮNG,NFD42-H50H50,NFD42-H50,H50,"","940",NFD42-H50H50,2.8670,1.0000,2.8670,1.0000,0.0000,0.00,"",79080,79023,0,PHÁT TRIỂN-PT-T0626-04-MT-1,"",SX THEO DON HANG,0.00,5.00,2026-06-06 10:20:37.840,2026-06-06 15:01:06.570,2026-06-06 00:00:00.000,2026-06-06 00:00:00.000,KK0005.06/26,XB0017.06/26,0,"",""
FB00055,A0200003700088PX,TP20,SPM133,DCM07,1800.00,2020.00,940.00,tấm,"1800055200001467316001",A0200001467316WO,A0200000404678WO,WB2606-0006,NFD42-H50 TRẮNG,NFD42-H50H50,NFD42-H50,H50,"","950",NFD42-H50H50,3.4180,1.0000,3.4180,1.0000,0.0000,0.00,"",79080,79023,0,PHÁT TRIỂN-PT-T0626-04-MT-1,"",SX THEO DON HANG,0.00,5.00,2026-06-06 10:20:37.853,2026-06-06 15:01:06.557,2026-06-06 00:00:00.000,2026-06-06 00:00:00.000,KK0005.06/26,XB0017.06/26,0,"",""
FB00055,A0200003707085PX,TP20,SPM133,DCM07,2250.00,2020.00,940.00,tấm,"1800055200001467317001",A0200001467317WO,A0200000404678WO,WB2606-0006,NFD42-H50 TRẮNG,NFD42-H50H50,NFD42-H50,H50,"","960",NFD42-H50H50,4.2720,1.0000,4.2720,1.0000,0.0000,0.00,"",79080,79023,0,PHÁT TRIỂN-PT-T0626-04-MT-1,"",SX THEO DON HANG,0.00,725.00,2026-06-06 10:20:37.870,2026-07-06 15:43:15.803,2026-06-06 00:00:00.000,2026-07-06 00:00:00.000,KK0005.06/26,XB0013.07/26,0,"",""
FB00055,A0200003701285PX,TP20,SPM133,DCM07,1860.00,2020.00,940.00,tấm,"1800055200001467318001",A0200001467318WO,A0200000404678WO,WB2606-0006,NFD42-H50 TRẮNG,NFD42-H50H50,NFD42-H50,H50,"","960",NFD42-H50H50,3.5320,1.0000,3.5320,1.0000,0.0000,0.00,"",79080,79023,0,PHÁT TRIỂN-PT-T0626-04-MT-1,"",SX THEO DON HANG,0.00,215.00,2026-06-06 10:20:37.887,2026-06-15 09:44:30.897,2026-06-06 00:00:00.000,2026-06-15 00:00:00.000,KK0005.06/26,XB0032.06/26,0,"",""
FB00055,A0200003702247PX,TP20,SPM133,DCM07,1540.00,2020.00,940.00,tấm,"1800055200001467574001",A0200001467574WO,A0200000404745WO,WB2606-0007,NFD42-H50 TRẮNG,NFD42-H50H50,NFD42-H50,H50,"","960",NFD42-H50H50,2.9240,1.0000,2.9240,1.0000,0.0000,0.00,"",79080,79023,0,"","",SX THEO DON HANG,0.00,315.00,2026-06-06 10:20:37.940,2026-06-19 13:16:12.460,2026-06-06 00:00:00.000,2026-06-19 00:00:00.000,KK0005.06/26,XB0043.06/26,0,"",""
FB00058,A0200003709329PX,TP20,SPM098,DCM24,1000.00,2070.00,800.00,tấm,"1800058200001399581001",A0200001399581WO,A0200000376163WO,WB2507-0029,NLF30-30N TRẮNG,NLF30-30N30N,NLF30-30N,"30N","","",NLF30-30N30N,3.3120,2.0000,1.6560,1.0000,1.6560,1.00,"",79083,79023,0,T,"",SX THEO ĐƠN HÀNG,0.00,338.00,2026-07-01 14:47:33.750,2026-07-15 16:19:47.883,2026-07-15 00:00:00.000,2026-07-15 00:00:00.000,XB0033.07/26,XB0033.07/26,0,"",""
FB00058,A0200003710555PX,TP20,SPM098,DCM24,880.00,2080.00,700.00,tấm,"1800058200001403460001",A0200001403460WO,A0200000378863WO,WB2508-0059,NLF30-30N TRẮNG,NLF30-30N30N,NLF30-30N,"30N","",XD,NLF30-30N30N,1.2813,1.0000,1.2813,1.0000,0.0000,0.00,"",79083,79023,0,MẤT TEM/GRH-070--Mousse tấm,"","",0.00,8377.00,2025-08-06 08:46:37.223,2026-07-21 09:56:22.453,2026-05-31 00:00:00.000,2026-07-21 00:00:00.000,TONKHO,XB0045.07/26,0,"",""
FB00058,A0200003703237PX,TP20,SPM098,DCM24,1250.00,2150.00,800.00,tấm,"1800058200001411869001",A0200001411869WO,A0200000381441WO,WB2509-0016,NLF30-30N TRẮNG,NLF30-30N30N,NLF30-30N,"30N","","",NLF30-30N30N,4.3000,2.0000,2.1500,1.0000,2.1500,1.00,"",79083,79023,0,"","",SX DU,0.00,17.00,2026-06-22 16:27:11.233,2026-06-23 09:08:03.720,2026-06-22 00:00:00.000,2026-06-22 00:00:00.000,XB0048.06/26,XB0048.06/26,0,"",""
FB00058,A0200003709804PX,TP20,SPM098,DCM24,1420.00,2070.00,760.00,tấm,"1800058200001455420001",A0200001455420WO,A0200000400735WO,WB2604-0001,NLF30-30N TRẮNG,NLF30-30N30N,NLF30-30N,"30N","","",NLF30-30N30N,4.4678,2.0000,2.2339,1.0000,2.2339,1.00,"",79083,79023,0,"","","",0.00,45.00,2026-07-15 15:32:37.930,2026-07-17 12:51:29.477,2026-07-15 00:00:00.000,2026-07-15 00:00:00.000,XB0033.07/26,XB0033.07/26,0,"",""
FB00058,A0200003711610PX,TP24NEM,SPM098,DCM24,1420.00,2070.00,760.00,tấm,"1800058200001455420001",A0200001458940WO,A0200000401865WO,WB2604-0029,NLF30-30N TRẮNG,NLF30-30N30N,NLF30-30N,"30N","","",NLF30-30N30N,0.0000,0.0000,2.2340,1.0000,-2.2340,-1.00,"",79083,79023,0,"","","",0.00,,,2026-07-22 11:29:48.653,,2026-07-22 00:00:00.000,,XB0051.07/26,0,"",""
FB00058,A0200003702031PX,TP20,SPM098,DCM24,1550.00,2060.00,780.00,tấm,"1800058200001458167003",A0200001458167WO,A0200000401575WO,WB2604-0018,NLF30-30N TRẮNG,NLF30-30N30N,NLF30-30N,"30N","",M7,NLF30-30N30N,2.4905,1.0000,2.4905,1.0000,0.0000,0.00,"",79083,79023,0,ASHT-882.R0--Mousse tấm/ASHT-886.R0--Mousse tấm,"","",0.00,1484.00,2026-04-17 14:16:17.350,2026-06-18 10:55:17.637,2026-05-31 00:00:00.000,2026-06-18 00:00:00.000,TONKHO,XB0039.06/26,0,"",""
FB00058,A0200003709803PX,TP20,SPM098,DCM24,1930.00,2060.00,780.00,tấm,"1800058200001458168001",A0200001458168WO,A0200000401575WO,WB2604-0018,NLF30-30N TRẮNG,NLF30-30N30N,NLF30-30N,"30N","","",NLF30-30N30N,6.2022,2.0000,3.1011,1.0000,3.1011,1.00,"",79083,79023,0,ASHT-882.R0--Mousse tấm/ASHT-886.R0--Mousse tấm,"","",0.00,45.00,2026-07-15 15:32:37.930,2026-07-17 12:51:29.473,2026-07-15 00:00:00.000,2026-07-15 00:00:00.000,XB0033.07/26,XB0033.07/26,0,"",""
FB00058,A0200003711611PX,TP24NEM,SPM098,DCM24,1930.00,2060.00,780.00,tấm,"1800058200001458168001",A0200001458940WO,A0200000401865WO,WB2604-0029,NLF30-30N TRẮNG,NLF30-30N30N,NLF30-30N,"30N","","",NLF30-30N30N,0.0000,0.0000,3.1010,1.0000,-3.1010,-1.00,"",79083,79023,0,ASHT-882.R0--Mousse tấm,"","",0.00,,,2026-07-22 11:29:49.860,,2026-07-22 00:00:00.000,,XB0051.07/26,0,"",""
FB00058,A0200003709807PX,TP20,SPM098,DCM24,1550.00,2060.00,700.00,tấm,"1800058200001458520001",A0200001458520WO,A0200000401714WO,WB2604-0022,NLF30-30N TRẮNG,NLF30-30N30N,NLF30-30N,"30N","","",NLF30-30N30N,4.4702,2.0000,2.2351,1.0000,2.2351,1.00,"",79083,79023,0,ASHT-886.R0--Mousse tấm,"","",0.00,45.00,2026-07-15 15:32:37.930,2026-07-17 12:51:29.490,2026-07-15 00:00:00.000,2026-07-15 00:00:00.000,XB0033.07/26,XB0033.07/26,0,"",""
FB00058,A0200003711612PX,TP24NEM,SPM098,DCM24,1550.00,2060.00,700.00,tấm,"1800058200001458520001",A0200001458940WO,A0200000401865WO,WB2604-0029,NLF30-30N TRẮNG,NLF30-30N30N,NLF30-30N,"30N","","",NLF30-30N30N,0.0000,0.0000,2.2350,1.0000,-2.2350,-1.00,"",79083,79023,0,"","","",0.00,,,2026-07-22 11:29:49.863,,2026-07-22 00:00:00.000,,XB0051.07/26,0,"",""
FB00058,A0200003701991PX,TP20,SPM098,DCM24,1600.00,2060.00,570.00,tấm,"1800058200001459457002",A0200001459457WO,A0200000402094WO,WB2604-0031,NLF30-30N TRẮNG,NLF30-30N30N,NLF30-30N,"30N","",M7,NLF30-30N30N,1.8787,1.0000,1.8787,1.0000,0.0000,0.00,"",79083,79023,0,ASHT-883.R0--Mousse tấm/ASHT-886.R0--Mousse tấm,"","",0.00,1196.00,2026-04-29 13:37:57.400,2026-06-18 09:35:01.800,2026-05-31 00:00:00.000,2026-06-18 00:00:00.000,TONKHO,XB0039.06/26,0,"",""
FB00058,A0200003701496PX,TP20,SPM098,DCM24,1550.00,2060.00,810.00,tấm,"1800058200001459461002",A0200001459461WO,A0200000402094WO,WB2604-0031,NLF30-30N TRẮNG,NLF30-30N30N,NLF30-30N,"30N","",M7,NLF30-30N30N,2.5863,1.0000,2.5863,1.0000,0.0000,0.00,"",79083,79023,0,ASHT-884.R0--Mousse tấm,"","",0.00,1148.00,2026-04-29 13:37:57.463,2026-06-16 09:01:44.320,2026-05-31 00:00:00.000,2026-06-16 00:00:00.000,TONKHO,XB0034.06/26,0,"",""
FB00058,A0200003701495PX,TP20,SPM098,DCM24,1580.00,2070.00,760.00,tấm,"1800058200001461202002",A0200001461202WO,A0200000402612WO,WB2605-0003,NLF30-30N TRẮNG,NLF30-30N30N,NLF30-30N,"30N","",M7,NLF30-30N30N,2.4857,1.0000,2.4857,1.0000,0.0000,0.00,"",79083,79023,0,NGD-017--Mousse tấm/ASHT-886.R0--Mousse tấm,"","",0.00,931.00,2026-05-08 14:18:33.713,2026-06-16 09:01:44.270,2026-05-31 00:00:00.000,2026-06-16 00:00:00.000,TONKHO,XB0034.06/26,0,"",""
FB00058,A0200003701497PX,TP20,SPM098,DCM24,1560.00,2060.00,770.00,tấm,"1800058200001463284002",A0200001463284WO,A0200000403217WO,WB2605-0015,NLF30-30N TRẮNG,NLF30-30N30N,NLF30-30N,"30N","",M7,NLF30-30N30N,2.4745,1.0000,2.4745,1.0000,0.0000,0.00,"",79083,79023,0,ASHT-886.R0--Mousse tấm,"","",0.00,767.00,2026-05-15 10:54:11.007,2026-06-16 09:01:44.327,2026-05-31 00:00:00.000,2026-06-16 00:00:00.000,TONKHO,XB0034.06/26,0,"",""
FB00058,A0200003701989PX,TP20,SPM098,DCM24,1970.00,2060.00,760.00,tấm,"1800058200001463285001",A0200001463285WO,A0200000403217WO,WB2605-0015,NLF30-30N TRẮNG,NLF30-30N30N,NLF30-30N,"30N","",M7,NLF30-30N30N,3.0842,1.0000,3.0842,1.0000,0.0000,0.00,"",79083,79023,0,ASHT-886.R0--Mousse tấm,"","",0.00,815.00,2026-05-15 10:54:11.113,2026-06-18 09:35:01.777,2026-05-31 00:00:00.000,2026-06-18 00:00:00.000,TONKHO,XB0039.06/26,0,"",""
FB00058,A0200003701990PX,TP20,SPM098,DCM24,1950.00,2060.00,760.00,tấm,"1800058200001463285002",A0200001463285WO,A0200000403217WO,WB2605-0015,NLF30-30N TRẮNG,NLF30-30N30N,NLF30-30N,"30N","",M7,NLF30-30N30N,3.0529,1.0000,3.0529,1.0000,0.0000,0.00,"",79083,79023,0,ASHT-886.R0--Mousse tấm,"","",0.00,815.00,2026-05-15 10:54:11.100,2026-06-18 09:35:01.787,2026-05-31 00:00:00.000,2026-06-18 00:00:00.000,TONKHO,XB0039.06/26,0,"",""
FB00058,A0200003701498PX,TP20,SPM098,DCM24,1970.00,2060.00,770.00,tấm,"1800058200001463286001",A0200001463286WO,A0200000403217WO,WB2605-0015,NLF30-30N TRẮNG,NLF30-30N30N,NLF30-30N,"30N","",M7,NLF30-30N30N,3.1248,1.0000,3.1248,1.0000,0.0000,0.00,"",79083,79023,0,ASHT-886.R0--Mousse tấm,"","",0.00,767.00,2026-05-15 10:54:11.020,2026-06-16 09:01:44.337,2026-05-31 00:00:00.000,2026-06-16 00:00:00.000,TONKHO,XB0034.06/26,0,"",""
FB00058,A0200003709805PX,TP20,SPM098,DCM24,1840.00,2060.00,800.00,tấm,"1800058200001463287001",A0200001463287WO,A0200000403217WO,WB2605-0015,NLF30-30N TRẮNG,NLF30-30N30N,NLF30-30N,"30N","","",NLF30-30N30N,6.0646,2.0000,3.0323,1.0000,3.0323,1.00,"",79083,79023,0,GRH-070--Mousse tấm,"","",0.00,45.00,2026-07-15 15:32:37.930,2026-07-17 12:51:29.480,2026-07-15 00:00:00.000,2026-07-15 00:00:00.000,XB0033.07/26,XB0033.07/26,0,"",""
FB00058,A0200003706384PX,TP20,SPM098,DCM24,2100.00,2060.00,800.00,tấm,"1800058200001463288001",A0200001463288WO,A0200000403217WO,WB2605-0015,NLF30-30N TRẮNG,NLF30-30N30N,NLF30-30N,"30N","",M7,NLF30-30N30N,3.4608,1.0000,3.4608,1.0000,0.0000,0.00,"",79083,79023,0,GRH-070--Mousse tấm,"","",0.00,1175.00,2026-05-15 10:54:11.083,2026-07-03 09:49:03.170,2026-05-31 00:00:00.000,2026-07-03 00:00:00.000,TONKHO,XB0006.07/26,0,"",""
FB00058,A0200003701992PX,TP20,SPM098,DCM24,1580.00,2070.00,720.00,tấm,"1800058200001463668001",A0200001463668WO,A0200000403343WO,WB2605-0018,NLF30-30N TRẮNG,NLF30-30N30N,NLF30-30N,"30N","",M7,NLF30-30N30N,2.3548,1.0000,2.3548,1.0000,0.0000,0.00,"",79083,79023,0,ASHT-886.R0--Mousse tấm,"","",0.00,742.00,2026-05-18 11:18:53.160,2026-06-18 09:35:01.837,2026-05-31 00:00:00.000,2026-06-18 00:00:00.000,TONKHO,XB0039.06/26,0,"",""
FB00058,A0200003701500PX,TP20,SPM098,DCM24,1970.00,2070.00,750.00,tấm,"1800058200001465650001",A0200001465650WO,A0200000404101WO,WB2605-0035,NLF30-30N TRẮNG,NLF30-30N30N,NLF30-30N,"30N","",M7,NLF30-30N30N,3.0584,1.0000,3.0584,1.0000,0.0000,0.00,"",79083,79023,0,ASHT-886.R0--Mousse tấm,"","",0.00,403.00,2026-05-30 14:13:14.393,2026-06-16 09:01:44.360,2026-05-31 00:00:00.000,2026-06-16 00:00:00.000,TONKHO,XB0034.06/26,0,"",""
FB00058,A0200003711613PX,TP24NEM,SPM098,DCM24,1950.00,2070.00,750.00,tấm,"1800058200001465650002",A0200001458940WO,A0200000401865WO,WB2604-0029,NLF30-30N TRẮNG,NLF30-30N30N,NLF30-30N,"30N","","",NLF30-30N30N,0.0000,0.0000,3.0270,1.0000,-3.0270,-1.00,"",79083,79023,0,ASHT-886.R0--Mousse tấm,"","",0.00,,,2026-07-22 11:29:49.867,,2026-07-22 00:00:00.000,,XB0051.07/26,0,"",""
FB00058,A0200003709806PX,TP20,SPM098,DCM24,1950.00,2070.00,750.00,tấm,"1800058200001465650002",A0200001465650WO,A0200000404101WO,WB2605-0035,NLF30-30N TRẮNG,NLF30-30N30N,NLF30-30N,"30N","","",NLF30-30N30N,6.0548,2.0000,3.0274,1.0000,3.0274,1.00,"",79083,79023,0,ASHT-886.R0--Mousse tấm,"","",0.00,45.00,2026-07-15 15:32:37.930,2026-07-17 12:51:29.487,2026-07-15 00:00:00.000,2026-07-15 00:00:00.000,XB0033.07/26,XB0033.07/26,0,"",""
FB00058,A0200003701499PX,TP20,SPM098,DCM24,1970.00,2070.00,780.00,tấm,"1800058200001465650003",A0200001465650WO,A0200000404101WO,WB2605-0035,NLF30-30N TRẮNG,NLF30-30N30N,NLF30-30N,"30N","",M7,NLF30-30N30N,3.1808,1.0000,3.1808,1.0000,0.0000,0.00,"",79083,79023,0,ASHT-886.R0--Mousse tấm,"","",0.00,403.00,2026-05-30 14:13:14.410,2026-06-16 09:01:44.350,2026-05-31 00:00:00.000,2026-06-16 00:00:00.000,TONKHO,XB0034.06/26,0,"",""
FB00058,A0200003711384PX,TP20,SPM098,DCM24,1980.00,2060.00,790.00,tấm,"1800058200001472993001",A0200001458940WO,A0200000401865WO,WB2604-0029,NLF30-30N TRẮNG,NLF30-30N30N,NLF30-30N,"30N","",M7,NLF30-30N30N,0.0000,0.0000,3.2220,1.0000,-3.2220,-1.00,"",79083,79023,0,ASHT-890.R0--Mousse tấm,"","",0.00,,,2026-07-22 10:55:20.140,,2026-07-22 00:00:00.000,,XB0048.07/26,0,"",""
FB00058,A0200003707909PN,TP20,SPM098,DCM24,1980.00,2060.00,790.00,tấm,"1800058200001472993001",A0200001472993WO,A0200000406462WO,WB2607-0003,NLF30-30N TRẮNG,NLF30-30N30N,NLF30-30N,"30N","",M7,NLF30-30N30N,3.2220,1.0000,0.0000,0.0000,3.2220,1.00,"",79083,79023,0,ASHT-890.R0--Mousse tấm,"",SX THEO ĐƠN HÀNG,0.00,332.00,2026-07-09 13:46:20.643,,2026-07-09 00:00:00.000,,KK0006.07/26,,0,"",""
FB00058,A0200003711382PX,TP20,SPM098,DCM24,1550.00,2060.00,780.00,tấm,"1800058200001472994001",A0200001458940WO,A0200000401865WO,WB2604-0029,NLF30-30N TRẮNG,NLF30-30N30N,NLF30-30N,"30N","",M7,NLF30-30N30N,0.0000,0.0000,2.4910,1.0000,-2.4910,-1.00,"",79083,79023,0,ASHT-890.R0--Mousse tấm,"","",0.00,,,2026-07-22 10:55:20.123,,2026-07-22 00:00:00.000,,XB0048.07/26,0,"",""
FB00058,A0200003707911PN,TP20,SPM098,DCM24,1550.00,2060.00,780.00,tấm,"1800058200001472994001",A0200001472994WO,A0200000406462WO,WB2607-0003,NLF30-30N TRẮNG,NLF30-30N30N,NLF30-30N,"30N","",M7,NLF30-30N30N,2.4910,1.0000,0.0000,0.0000,2.4910,1.00,"",79083,79023,0,ASHT-890.R0--Mousse tấm,"",SX THEO ĐƠN HÀNG,0.00,332.00,2026-07-09 13:46:20.650,,2026-07-09 00:00:00.000,,KK0006.07/26,,0,"",""
FB00058,A0200003711383PX,TP20,SPM098,DCM24,1600.00,2060.00,740.00,tấm,"1800058200001472994002",A0200001458940WO,A0200000401865WO,WB2604-0029,NLF30-30N TRẮNG,NLF30-30N30N,NLF30-30N,"30N","",M7,NLF30-30N30N,0.0000,0.0000,2.4390,1.0000,-2.4390,-1.00,"",79083,79023,0,ASHT-890.R0--Mousse tấm,"","",0.00,,,2026-07-22 10:55:20.133,,2026-07-22 00:00:00.000,,XB0048.07/26,0,"",""
FB00058,A0200003707910PN,TP20,SPM098,DCM24,1600.00,2060.00,740.00,tấm,"1800058200001472994002",A0200001472994WO,A0200000406462WO,WB2607-0003,NLF30-30N TRẮNG,NLF30-30N30N,NLF30-30N,"30N","",M7,NLF30-30N30N,2.4390,1.0000,0.0000,0.0000,2.4390,1.00,"",79083,79023,0,ASHT-890.R0--Mousse tấm,"",SX THEO ĐƠN HÀNG,0.00,332.00,2026-07-09 13:46:20.647,,2026-07-09 00:00:00.000,,KK0006.07/26,,0,"",""
FB00061,A0200003703239PX,TP20,SPM093,DCM25,1390.00,2050.00,500.00,tấm,"1800061200001112730002","","","",NMF48-50N TRẮNG,NMF48-50N50N,NMF48-50N,"50N","",M5,NMF48-50N50N,2.8496,2.0000,1.4248,1.0000,1.4248,1.00,"",79086,79023,0,"","",SX DU,0.00,17.00,2026-06-22 16:27:11.233,2026-06-23 09:08:03.730,2026-06-22 00:00:00.000,2026-06-22 00:00:00.000,XB0048.06/26,XB0048.06/26,0,"",""
FB00061,A0200003703244PX,TP20,SPM093,DCM25,2200.00,2050.00,500.00,tấm,"1800061200001112731001","","","",NMF48-50N TRẮNG,NMF48-50N50N,NMF48-50N,"50N","",M6,NMF48-50N50N,4.5100,2.0000,2.2550,1.0000,2.2550,1.00,"",79086,79023,0,Dự trù,"",SX DU,0.00,17.00,2026-06-22 16:27:11.233,2026-06-23 09:08:03.760,2026-06-22 00:00:00.000,2026-06-22 00:00:00.000,XB0048.06/26,XB0048.06/26,0,"",""
FB00061,A0200003703243PX,TP20,SPM093,DCM25,1380.00,2050.00,600.00,tấm,"1800061200001117505001","","","",NMF48-50N TRẮNG,NMF48-50N50N,NMF48-50N,"50N","",M4,NMF48-50N50N,3.3948,2.0000,1.6974,1.0000,1.6974,1.00,"",79086,79023,0,Dự trù,"",SX DU,0.00,17.00,2026-06-22 16:27:11.233,2026-06-23 09:08:03.753,2026-06-22 00:00:00.000,2026-06-22 00:00:00.000,XB0048.06/26,XB0048.06/26,0,"",""
FB00061,A0200003703242PX,TP20,SPM093,DCM25,1390.00,2050.00,500.00,tấm,"1800061200001151313001","","","",NMF48-50N TRẮNG,NMF48-50N50N,NMF48-50N,"50N","",A2,NMF48-50N50N,2.8496,2.0000,1.4248,1.0000,1.4248,1.00,"",79086,79023,0,"","",SX DU,0.00,17.00,2026-06-22 16:27:11.233,2026-06-23 09:08:03.750,2026-06-22 00:00:00.000,2026-06-22 00:00:00.000,XB0048.06/26,XB0048.06/26,0,"",""
FB00061,A0200003703240PX,TP20,SPM093,DCM25,1390.00,1900.00,600.00,tấm,"1800061200001151313002","","","",NMF48-50N TRẮNG,NMF48-50N50N,NMF48-50N,"50N","",M3,NMF48-50N50N,3.1692,2.0000,1.5846,1.0000,1.5846,1.00,"",79086,79023,0,"","",SX DU,0.00,17.00,2026-06-22 16:27:11.233,2026-06-23 09:08:03.737,2026-06-22 00:00:00.000,2026-06-22 00:00:00.000,XB0048.06/26,XB0048.06/26,0,"",""
FB00061,A0200003703241PX,TP20,SPM093,DCM25,1390.00,1900.00,660.00,tấm,"1800061200001151314001","","","",NMF48-50N TRẮNG,NMF48-50N50N,NMF48-50N,"50N","",M3,NMF48-50N50N,3.4862,2.0000,1.7431,1.0000,1.7431,1.00,"",79086,79023,0,Dự trù,"",SX DU,0.00,17.00,2026-06-22 16:27:11.233,2026-06-23 09:08:03.743,2026-06-22 00:00:00.000,2026-06-22 00:00:00.000,XB0048.06/26,XB0048.06/26,0,"",""
FB00061,A0200003703238PX,TP20,SPM093,DCM25,1390.00,2050.00,500.00,tấm,"1800061200001211763001","","","",NMF48-50N TRẮNG,NMF48-50N50N,NMF48-50N,"50N","",M5,NMF48-50N50N,2.8496,2.0000,1.4248,1.0000,1.4248,1.00,"",79086,79023,0,Dự trù,"",SX DU,0.00,17.00,2026-06-22 16:27:11.233,2026-06-23 09:08:03.727,2026-06-22 00:00:00.000,2026-06-22 00:00:00.000,XB0048.06/26,XB0048.06/26,0,"",""
FB00062,A0200003704284PX,TP20,SPM080,DCM25,1850.00,2070.00,590.00,tấm,"1800062200001408993001",A0200001408993WO,A0200000380412WO,WB2508-0103,NMF60-50N TRẮNG,NMF60-50N50N,NMF60-50N,"50N","",M7,NMF60-50N50N,2.2594,1.0000,2.2594,1.0000,0.0000,0.00,"",79087,79023,0,SST-152--Mousse tấm/SST-171--Mousse tấm,"","",0.00,7203.00,2025-08-30 10:14:49.200,2026-06-26 13:53:43.467,2026-05-31 00:00:00.000,2026-06-26 00:00:00.000,TONKHO,XB0055.06/26,0,"",""
FB00062,A0200003706337PX,TP20,SPM080,DCM25,1560.00,2070.00,500.00,tấm,"1800062200001408994001",A0200001408994WO,A0200000380412WO,WB2508-0103,NMF60-50N TRẮNG,NMF60-50N50N,NMF60-50N,"50N","",M7,NMF60-50N50N,1.6146,1.0000,1.6146,1.0000,0.0000,0.00,"",79087,79023,0,SST-152--Mousse tấm/SST-169--Mousse tấm,"","",0.00,7348.00,2025-08-30 10:14:49.210,2026-07-02 14:37:45.747,2026-05-31 00:00:00.000,2026-06-26 00:00:00.000,TONKHO,XB0055.06/26,0,"",""
FB00062,A0200003703246PX,TP20,SPM080,DCM25,1120.00,2070.00,500.00,tấm,"1800062200001417897001",A0200001417897WO,A0200000387065WO,WB2510-0021,NMF60-50N TRẮNG,NMF60-50N50N,NMF60-50N,"50N","","",NMF60-50N50N,2.3184,2.0000,1.1592,1.0000,1.1592,1.00,"",79087,79023,0,"","",SX DU,0.00,17.00,2026-06-22 16:27:11.233,2026-06-23 09:08:03.797,2026-06-22 00:00:00.000,2026-06-22 00:00:00.000,XB0048.06/26,XB0048.06/26,0,"",""
FB00062,A0200003703245PX,TP20,SPM080,DCM25,1410.00,2070.00,590.00,tấm,"1800062200001448632001",A0200001448632WO,A0200000397591WO,WB2603-0002,NMF60-50N TRẮNG,NMF60-50N50N,NMF60-50N,"50N","","",NMF60-50N50N,3.4440,2.0000,1.7220,1.0000,1.7220,1.00,"",79087,79023,0,"","",SX DU,0.00,17.00,2026-06-22 16:27:11.233,2026-06-23 09:08:03.793,2026-06-22 00:00:00.000,2026-06-22 00:00:00.000,XB0048.06/26,XB0048.06/26,0,"",""
FB00062,A0200003704167PX,TP20,SPM080,DCM25,1840.00,2070.00,520.00,tấm,"1800062200001455779001",A0200001455779WO,A0200000400793WO,WB2604-0003,NMF60-50N TRẮNG,NMF60-50N50N,NMF60-50N,"50N","",M7,NMF60-50N50N,1.9806,1.0000,1.9806,1.0000,0.0000,0.00,"",79087,79023,0,SST-171--Mousse tấm,"","",0.00,2010.00,2026-04-03 15:14:04.877,2026-06-26 09:10:37.790,2026-05-31 00:00:00.000,2026-06-26 00:00:00.000,TONKHO,XB0055.06/26,0,"",""
FB00062,A0200003706338PX,TP20,SPM080,DCM25,1250.00,2070.00,560.00,tấm,"1800062200001465322001",A0200001465322WO,A0200000403973WO,WB2605-0032,NMF60-50N TRẮNG,NMF60-50N50N,NMF60-50N,"50N","",M7,NMF60-50N50N,1.4490,1.0000,1.4490,1.0000,0.0000,0.00,"",79087,79023,0,SST-171--Mousse tấm,"","",0.00,886.00,2026-05-26 16:00:35.943,2026-07-02 14:37:45.753,2026-05-31 00:00:00.000,2026-06-26 00:00:00.000,TONKHO,XB0055.06/26,0,"",""
FB00062,A0200003706339PX,TP20,SPM080,DCM25,1210.00,2070.00,590.00,tấm,"1800062200001465322002",A0200001465322WO,A0200000403973WO,WB2605-0032,NMF60-50N TRẮNG,NMF60-50N50N,NMF60-50N,"50N","",M7,NMF60-50N50N,1.4778,1.0000,1.4778,1.0000,0.0000,0.00,"",79087,79023,0,SST-171--Mousse tấm,"","",0.00,886.00,2026-05-26 16:00:35.960,2026-07-02 14:37:45.760,2026-05-31 00:00:00.000,2026-06-26 00:00:00.000,TONKHO,XB0055.06/26,0,"",""
FB00062,A0200003700167PX,TP20,SPM080,DCM25,1860.00,2070.00,580.00,tấm,"1800062200001465323001",A0200001465323WO,A0200000403973WO,WB2605-0032,NMF60-50N TRẮNG,NMF60-50N50N,NMF60-50N,"50N","",M7,NMF60-50N50N,2.2331,1.0000,2.2331,1.0000,0.0000,0.00,"",79087,79023,0,SST-171--Mousse tấm,"","",0.00,311.00,2026-05-26 16:00:35.980,2026-06-08 15:36:00.647,2026-05-31 00:00:00.000,2026-06-03 00:00:00.000,TONKHO,XB0009.06/26,0,"",""
FB00062,A0200003709330PX,TP20,SPM080,DCM25,1830.00,2070.00,500.00,tấm,"1800062200001465471001",A0200001465471WO,A0200000404034WO,WB2605-0033,NMF60-50N TRẮNG,NMF60-50N50N,NMF60-50N,"50N","","",NMF60-50N50N,3.7882,2.0000,1.8941,1.0000,1.8941,1.00,"",79087,79023,0,"","","",0.00,1.00,2026-07-15 15:32:37.930,2026-07-15 16:23:11.067,2026-07-15 00:00:00.000,2026-07-15 00:00:00.000,XB0033.07/26,XB0033.07/26,0,"",""
FB00062,A0200003704458PX,TP20,SPM080,DCM25,1810.00,2070.00,550.00,tấm,"1800062200001468142001",A0200001468142WO,A0200000404897WO,WB2606-0011,NMF60-50N TRẮNG,NMF60-50N50N,NMF60-50N,"50N","",M7,NMF60-50N50N,2.0610,1.0000,2.0610,1.0000,0.0000,0.00,"",79087,79023,0,SST-172--Mousse tấm,"",SX THEO DON HANG,0.00,358.00,2026-06-12 12:05:04.233,2026-06-27 10:27:54.790,2026-06-12 00:00:00.000,2026-06-27 00:00:00.000,KK0008.06/26,XB0057.06/26,0,"",""
FB00062,A0200003704163PX,TP20,SPM080,DCM25,1800.00,2070.00,550.00,tấm,"1800062200001468142002",A0200001468142WO,A0200000404897WO,WB2606-0011,NMF60-50N TRẮNG,NMF60-50N50N,NMF60-50N,"50N","",M7,NMF60-50N50N,2.0490,1.0000,2.0490,1.0000,0.0000,0.00,"",79087,79023,0,SST-172--Mousse tấm,"",SX THEO DON HANG,0.00,333.00,2026-06-12 12:05:04.217,2026-06-26 09:10:37.713,2026-06-12 00:00:00.000,2026-06-26 00:00:00.000,KK0008.06/26,XB0055.06/26,0,"",""
FB00063,A0200003703250PX,TP20,SPM081,DCM25,1090.00,2070.00,470.00,tấm,"1800063200001357433001","","","",NMF65-50N TRẮNG,NMF65-50N50N,NMF65-50N,"50N","","",NMF65-50N50N,2.1210,2.0000,1.0605,1.0000,1.0605,1.00,"",79088,79023,0,SST-171--Mousse tấm,"",SX DU,0.00,17.00,2026-06-22 16:27:11.233,2026-06-23 09:08:03.863,2026-06-22 00:00:00.000,2026-06-22 00:00:00.000,XB0048.06/26,XB0048.06/26,0,"",""
FB00063,A0200003703249PX,TP20,SPM081,DCM25,750.00,2070.00,480.00,tấm,"1800063200001360089001","","","",NMF65-50N TRẮNG,NMF65-50N50N,NMF65-50N,"50N","","",NMF65-50N50N,1.4904,2.0000,0.7452,1.0000,0.7452,1.00,"",79088,79023,0,"","",SX DU,0.00,17.00,2026-06-22 16:27:11.233,2026-06-23 09:08:03.847,2026-06-22 00:00:00.000,2026-06-22 00:00:00.000,XB0048.06/26,XB0048.06/26,0,"",""
FB00063,A0200003709331PX,TP20,SPM081,DCM25,1200.00,2070.00,610.00,tấm,"1800063200001391044001",A0200001391044WO,A0200000373669WO,WB2506-0005,NMF65-50N TRẮNG,NMF65-50N50N,NMF65-50N,"50N","","",NMF65-50N50N,3.0304,2.0000,1.5152,1.0000,1.5152,1.00,"",79088,79023,0,SST-144-RL,Lem màu,"",0.00,1.00,2026-07-15 15:32:37.930,2026-07-15 16:23:11.103,2026-07-15 00:00:00.000,2026-07-15 00:00:00.000,XB0033.07/26,XB0033.07/26,0,"",""
FB00063,A0200003703251PX,TP20,SPM081,DCM25,1110.00,2070.00,560.00,tấm,"1800063200001397900001",A0200001397900WO,A0200000375594WO,WB2507-0012,NMF65-50N TRẮNG,NMF65-50N50N,NMF65-50N,"50N","","",NMF65-50N50N,2.5734,2.0000,1.2867,1.0000,1.2867,1.00,"",79088,79023,0,T,"",SX DU,0.00,17.00,2026-06-22 16:27:11.233,2026-06-23 09:08:03.867,2026-06-22 00:00:00.000,2026-06-22 00:00:00.000,XB0048.06/26,XB0048.06/26,0,"",""
FB00063,A0200003703247PX,TP20,SPM081,DCM25,1000.00,2060.00,480.00,tấm,"1800063200001434336001",A0200001434336WO,A0200000393389WO,WB2512-0035,NMF65-50N TRẮNG,NMF65-50N50N,NMF65-50N,"50N","","",NMF65-50N50N,1.9776,2.0000,0.9888,1.0000,0.9888,1.00,"",79088,79023,0,BOSUNGTEM-12-24,"",SX DU,0.00,17.00,2026-06-22 16:27:11.233,2026-06-23 09:08:03.813,2026-06-22 00:00:00.000,2026-06-22 00:00:00.000,XB0048.06/26,XB0048.06/26,0,"",""
FB00063,A0200003703248PX,TP20,SPM081,DCM25,740.00,2060.00,500.00,tấm,"1800063200001434337001",A0200001434337WO,A0200000393389WO,WB2512-0035,NMF65-50N TRẮNG,NMF65-50N50N,NMF65-50N,"50N","","",NMF65-50N50N,1.5244,2.0000,0.7622,1.0000,0.7622,1.00,"",79088,79023,0,BOSUNGTEM-12-24,"",SX DU,0.00,17.00,2026-06-22 16:27:11.233,2026-06-23 09:08:03.830,2026-06-22 00:00:00.000,2026-06-22 00:00:00.000,XB0048.06/26,XB0048.06/26,0,"",""
FB00063,A0200003708844PX,TP20,SPM081,DCM25,1200.00,2070.00,570.00,tấm,"1800063200001435344001",A0200001435344WO,A0200000393759WO,WB2512-0045,NMF65-50N TRẮNG,NMF65-50N50N,NMF65-50N,"50N","",M7,NMF65-50N50N,1.4159,1.0000,1.4159,1.0000,0.0000,0.00,"",79088,79023,0,LEM MÀU,"","",0.00,4701.00,2025-12-30 13:10:34.550,2026-07-14 10:00:53.360,2026-05-31 00:00:00.000,2026-07-14 00:00:00.000,TONKHO,XB0029.07/26,0,"",""
FB00063,A0200003708843PX,TP20,SPM081,DCM25,1210.00,2070.00,570.00,tấm,"1800063200001439163001",A0200001439163WO,A0200000394742WO,WB2601-0016,NMF65-50N TRẮNG,NMF65-50N50N,NMF65-50N,"50N","",M7,NMF65-50N50N,1.4277,1.0000,1.4277,1.0000,0.0000,0.00,"",79088,79023,0,LEM MÀU,"","",0.00,4319.00,2026-01-15 11:24:18.577,2026-07-14 10:00:53.347,2026-05-31 00:00:00.000,2026-07-14 00:00:00.000,TONKHO,XB0029.07/26,0,"",""
FB00063,A0200003708842PX,TP20,SPM081,DCM25,1830.00,2070.00,570.00,tấm,"1800063200001441854002",A0200001441854WO,A0200000395685WO,WB2601-0034,NMF65-50N TRẮNG,NMF65-50N50N,NMF65-50N,"50N","",M7,NMF65-50N50N,2.1592,1.0000,2.1592,1.0000,0.0000,0.00,"",79088,79023,0,SST-163--Mousse tấm/LEM MÀU,"","",0.00,4003.00,2026-01-28 15:49:56.927,2026-07-14 10:00:53.297,2026-05-31 00:00:00.000,2026-07-14 00:00:00.000,TONKHO,XB0029.07/26,0,"",""
FB00063,A0200003698787PN,TP20,SPM081,DCM25,1530.00,2070.00,590.00,tấm,"1800063200001460358002",A0200001460358WO,A0200000402322WO,WB2604-0037,NMF65-50N TRẮNG,NMF65-50N50N,NMF65-50N,"50N","",M7,NMF65-50N50N,1.8686,1.0000,1.8686,1.0000,0.0000,0.00,"",79088,79023,0,SST-169--Mousse tấm/SST-171--Mousse tấm,"","",0.00,811.00,2026-04-29 13:37:57.817,2026-06-02 08:17:45.893,2026-05-31 00:00:00.000,2026-06-02 00:00:00.000,TONKHO,XB0006.06/26,0,"",""
FB00063,A0200003698833PN,TP20,SPM081,DCM25,1220.00,2070.00,560.00,tấm,"1800063200001465324001",A0200001465324WO,A0200000403973WO,WB2605-0032,NMF65-50N TRẮNG,NMF65-50N50N,NMF65-50N,"50N","",M7,NMF65-50N50N,1.4142,1.0000,1.4142,1.0000,0.0000,0.00,"",79088,79023,0,SST-171--Mousse tấm,"","",0.00,160.00,2026-05-26 16:00:36.317,2026-06-02 08:17:45.640,2026-05-31 00:00:00.000,2026-06-02 00:00:00.000,TONKHO,XB0006.06/26,0,"",""
FB00063,A0200003700292PX,TP20,SPM081,DCM25,1200.00,2070.00,560.00,tấm,"1800063200001465324002",A0200001465324WO,A0200000403973WO,WB2605-0032,NMF65-50N TRẮNG,NMF65-50N50N,NMF65-50N,"50N","",M7,NMF65-50N50N,1.3910,1.0000,1.3910,1.0000,0.0000,0.00,"",79088,79023,0,SST-171--Mousse tấm,"","",0.00,331.00,2026-05-26 16:00:36.267,2026-06-09 11:09:59.980,2026-05-31 00:00:00.000,2026-06-02 00:00:00.000,TONKHO,XB0006.06/26,0,"",""
FB00063,A0200003698831PN,TP20,SPM081,DCM25,1230.00,2070.00,550.00,tấm,"1800063200001465324003",A0200001465324WO,A0200000403973WO,WB2605-0032,NMF65-50N TRẮNG,NMF65-50N50N,NMF65-50N,"50N","",M7,NMF65-50N50N,1.4004,1.0000,1.4004,1.0000,0.0000,0.00,"",79088,79023,0,SST-171--Mousse tấm,"","",0.00,160.00,2026-05-26 16:00:36.350,2026-06-02 08:17:45.627,2026-05-31 00:00:00.000,2026-06-02 00:00:00.000,TONKHO,XB0006.06/26,0,"",""
FB00063,A0200003698834PN,TP20,SPM081,DCM25,1210.00,2070.00,560.00,tấm,"1800063200001465325001",A0200001465325WO,A0200000403973WO,WB2605-0032,NMF65-50N TRẮNG,NMF65-50N50N,NMF65-50N,"50N","",M7,NMF65-50N50N,1.4026,1.0000,1.4026,1.0000,0.0000,0.00,"",79088,79023,0,SST-171--Mousse tấm,"","",0.00,160.00,2026-05-26 16:00:36.300,2026-06-02 08:17:45.650,2026-05-31 00:00:00.000,2026-06-02 00:00:00.000,TONKHO,XB0006.06/26,0,"",""
FB00063,A0200003700293PX,TP20,SPM081,DCM25,1220.00,2070.00,560.00,tấm,"1800063200001465325002",A0200001465325WO,A0200000403973WO,WB2605-0032,NMF65-50N TRẮNG,NMF65-50N50N,NMF65-50N,"50N","",M7,NMF65-50N50N,1.4142,1.0000,1.4142,1.0000,0.0000,0.00,"",79088,79023,0,SST-171--Mousse tấm,"","",0.00,331.00,2026-05-26 16:00:36.283,2026-06-09 11:09:59.983,2026-05-31 00:00:00.000,2026-06-02 00:00:00.000,TONKHO,XB0006.06/26,0,"",""
FB00063,A0200003698832PN,TP20,SPM081,DCM25,1210.00,2070.00,570.00,tấm,"1800063200001465325003",A0200001465325WO,A0200000403973WO,WB2605-0032,NMF65-50N TRẮNG,NMF65-50N50N,NMF65-50N,"50N","",M7,NMF65-50N50N,1.4277,1.0000,1.4277,1.0000,0.0000,0.00,"",79088,79023,0,SST-171--Mousse tấm,"","",0.00,160.00,2026-05-26 16:00:36.330,2026-06-02 08:17:45.633,2026-05-31 00:00:00.000,2026-06-02 00:00:00.000,TONKHO,XB0006.06/26,0,"",""
FB00063,A0200003700168PX,TP20,SPM081,DCM25,1840.00,2070.00,550.00,tấm,"1800063200001465326001",A0200001465326WO,A0200000403973WO,WB2605-0032,NMF65-50N TRẮNG,NMF65-50N50N,NMF65-50N,"50N","",M7,NMF65-50N50N,2.0948,1.0000,2.0948,1.0000,0.0000,0.00,"",79088,79023,0,SST-171--Mousse tấm,"","",0.00,311.00,2026-05-26 16:00:36.220,2026-06-08 15:36:00.657,2026-05-31 00:00:00.000,2026-06-03 00:00:00.000,TONKHO,XB0009.06/26,0,"",""
FB00063,A0200003700169PX,TP20,SPM081,DCM25,1830.00,2070.00,560.00,tấm,"1800063200001465326002",A0200001465326WO,A0200000403973WO,WB2605-0032,NMF65-50N TRẮNG,NMF65-50N50N,NMF65-50N,"50N","",M7,NMF65-50N50N,2.1213,1.0000,2.1213,1.0000,0.0000,0.00,"",79088,79023,0,SST-171--Mousse tấm,"","",0.00,311.00,2026-05-26 16:00:36.233,2026-06-08 15:36:00.663,2026-05-31 00:00:00.000,2026-06-03 00:00:00.000,TONKHO,XB0009.06/26,0,"",""
FB00063,A0200003700170PX,TP20,SPM081,DCM25,1860.00,2070.00,560.00,tấm,"1800063200001465326003",A0200001465326WO,A0200000403973WO,WB2605-0032,NMF65-50N TRẮNG,NMF65-50N50N,NMF65-50N,"50N","",M7,NMF65-50N50N,2.1561,1.0000,2.1561,1.0000,0.0000,0.00,"",79088,79023,0,SST-171--Mousse tấm,"","",0.00,311.00,2026-05-26 16:00:36.250,2026-06-08 15:36:00.673,2026-05-31 00:00:00.000,2026-06-03 00:00:00.000,TONKHO,XB0009.06/26,0,"",""
FB00063,A0200003700171PX,TP20,SPM081,DCM25,1860.00,2070.00,570.00,tấm,"1800063200001465326004",A0200001465326WO,A0200000403973WO,WB2605-0032,NMF65-50N TRẮNG,NMF65-50N50N,NMF65-50N,"50N","",M7,NMF65-50N50N,2.1946,1.0000,2.1946,1.0000,0.0000,0.00,"",79088,79023,0,SST-171--Mousse tấm,"","",0.00,311.00,2026-05-26 16:00:36.363,2026-06-08 15:36:00.680,2026-05-31 00:00:00.000,2026-06-03 00:00:00.000,TONKHO,XB0009.06/26,0,"",""
FB00063,A0200003704283PX,TP20,SPM081,DCM25,1840.00,2070.00,560.00,tấm,"1800063200001465326005",A0200001465326WO,A0200000403973WO,WB2605-0032,NMF65-50N TRẮNG,NMF65-50N50N,NMF65-50N,"50N","",M7,NMF65-50N50N,2.1329,1.0000,2.1329,1.0000,0.0000,0.00,"",79088,79023,0,SST-171--Mousse tấm,"","",0.00,741.00,2026-05-26 16:00:36.203,2026-06-26 13:53:43.140,2026-05-31 00:00:00.000,2026-06-26 00:00:00.000,TONKHO,XB0055.06/26,0,"",""
FB00063,A0200003698854PN,TP20,SPM081,DCM25,1520.00,2070.00,570.00,tấm,"1800063200001465327001",A0200001465327WO,A0200000403973WO,WB2605-0032,NMF65-50N TRẮNG,NMF65-50N50N,NMF65-50N,"50N","",M7,NMF65-50N50N,1.7934,1.0000,1.7935,1.0000,-0.0001,0.00,"",79088,79023,0,SST-171--Mousse tấm,"","",0.00,160.00,2026-05-26 16:00:36.153,2026-06-02 08:17:45.663,2026-05-31 00:00:00.000,2026-06-02 00:00:00.000,TONKHO,XB0006.06/26,0,"",""
FB00063,A0200003698855PN,TP20,SPM081,DCM25,1530.00,2070.00,570.00,tấm,"1800063200001465327002",A0200001465327WO,A0200000403973WO,WB2605-0032,NMF65-50N TRẮNG,NMF65-50N50N,NMF65-50N,"50N","",M7,NMF65-50N50N,1.8052,1.0000,1.8053,1.0000,-0.0001,0.00,"",79088,79023,0,SST-171--Mousse tấm,"","",0.00,160.00,2026-05-26 16:00:36.170,2026-06-02 08:17:45.670,2026-05-31 00:00:00.000,2026-06-02 00:00:00.000,TONKHO,XB0006.06/26,0,"",""
FB00063,A0200003698852PN,TP20,SPM081,DCM25,1530.00,2070.00,570.00,tấm,"1800063200001465327003",A0200001465327WO,A0200000403973WO,WB2605-0032,NMF65-50N TRẮNG,NMF65-50N50N,NMF65-50N,"50N","",M7,NMF65-50N50N,1.8052,1.0000,1.8053,1.0000,-0.0001,0.00,"",79088,79023,0,SST-171--Mousse tấm,"","",0.00,160.00,2026-05-26 16:00:36.187,2026-06-02 08:17:45.657,2026-05-31 00:00:00.000,2026-06-02 00:00:00.000,TONKHO,XB0006.06/26,0,"",""
FB00063,A0200003698856PN,TP20,SPM081,DCM25,1520.00,2070.00,580.00,tấm,"1800063200001465327004",A0200001465327WO,A0200000403973WO,WB2605-0032,NMF65-50N TRẮNG,NMF65-50N50N,NMF65-50N,"50N","",M7,NMF65-50N50N,1.8249,1.0000,1.8249,1.0000,0.0000,0.00,"",79088,79023,0,SST-171--Mousse tấm,"","",0.00,160.00,2026-05-26 16:00:36.123,2026-06-02 08:17:45.687,2026-05-31 00:00:00.000,2026-06-02 00:00:00.000,TONKHO,XB0006.06/26,0,"",""
FB00063,A0200003698857PN,TP20,SPM081,DCM25,1530.00,2070.00,570.00,tấm,"1800063200001465327005",A0200001465327WO,A0200000403973WO,WB2605-0032,NMF65-50N TRẮNG,NMF65-50N50N,NMF65-50N,"50N","",M7,NMF65-50N50N,1.8052,1.0000,1.8053,1.0000,-0.0001,0.00,"",79088,79023,0,SST-171--Mousse tấm,"","",0.00,160.00,2026-05-26 16:00:36.140,2026-06-02 08:17:45.680,2026-05-31 00:00:00.000,2026-06-02 00:00:00.000,TONKHO,XB0006.06/26,0,"",""
FB00063,A0200003698858PN,TP20,SPM081,DCM25,1250.00,2070.00,580.00,tấm,"1800063200001465328001",A0200001465328WO,A0200000403973WO,WB2605-0032,NMF65-50N TRẮNG,NMF65-50N50N,NMF65-50N,"50N","",M7,NMF65-50N50N,1.5008,1.0000,1.5008,1.0000,0.0000,0.00,"",79088,79023,0,SST-171--Mousse tấm,"","",0.00,160.00,2026-05-26 16:00:36.090,2026-06-02 08:17:45.693,2026-05-31 00:00:00.000,2026-06-02 00:00:00.000,TONKHO,XB0006.06/26,0,"",""
FB00063,A0200003698859PN,TP20,SPM081,DCM25,1230.00,2070.00,580.00,tấm,"1800063200001465328002",A0200001465328WO,A0200000403973WO,WB2605-0032,NMF65-50N TRẮNG,NMF65-50N50N,NMF65-50N,"50N","",M7,NMF65-50N50N,1.4767,1.0000,1.4767,1.0000,0.0000,0.00,"",79088,79023,0,SST-171--Mousse tấm,"","",0.00,160.00,2026-05-26 16:00:36.107,2026-06-02 08:17:45.700,2026-05-31 00:00:00.000,2026-06-02 00:00:00.000,TONKHO,XB0006.06/26,0,"",""
FB00063,A0200003698862PN,TP20,SPM081,DCM25,1860.00,2070.00,580.00,tấm,"1800063200001465329001",A0200001465329WO,A0200000403973WO,WB2605-0032,NMF65-50N TRẮNG,NMF65-50N50N,NMF65-50N,"50N","",M7,NMF65-50N50N,2.2331,1.0000,2.2331,1.0000,0.0000,0.00,"",79088,79023,0,SST-171--Mousse tấm,"","",0.00,160.00,2026-05-26 16:00:36.020,2026-06-02 08:17:45.737,2026-05-31 00:00:00.000,2026-06-02 00:00:00.000,TONKHO,XB0006.06/26,0,"",""
FB00063,A0200003698863PN,TP20,SPM081,DCM25,1860.00,2070.00,580.00,tấm,"1800063200001465329002",A0200001465329WO,A0200000403973WO,WB2605-0032,NMF65-50N TRẮNG,NMF65-50N50N,NMF65-50N,"50N","",M7,NMF65-50N50N,2.2331,1.0000,2.2331,1.0000,0.0000,0.00,"",79088,79023,0,SST-171--Mousse tấm,"","",0.00,160.00,2026-05-26 16:00:36.037,2026-06-02 08:17:45.727,2026-05-31 00:00:00.000,2026-06-02 00:00:00.000,TONKHO,XB0006.06/26,0,"",""
FB00063,A0200003698860PN,TP20,SPM081,DCM25,1860.00,2070.00,580.00,tấm,"1800063200001465330001",A0200001465330WO,A0200000403973WO,WB2605-0032,NMF65-50N TRẮNG,NMF65-50N50N,NMF65-50N,"50N","",M7,NMF65-50N50N,2.2331,1.0000,2.2331,1.0000,0.0000,0.00,"",79088,79023,0,SST-171--Mousse tấm,"","",0.00,160.00,2026-05-26 16:00:36.057,2026-06-02 08:17:45.710,2026-05-31 00:00:00.000,2026-06-02 00:00:00.000,TONKHO,XB0006.06/26,0,"",""
FB00063,A0200003698861PN,TP20,SPM081,DCM25,1870.00,2070.00,580.00,tấm,"1800063200001465330002",A0200001465330WO,A0200000403973WO,WB2605-0032,NMF65-50N TRẮNG,NMF65-50N50N,NMF65-50N,"50N","",M7,NMF65-50N50N,2.2451,1.0000,2.2451,1.0000,0.0000,0.00,"",79088,79023,0,SST-171--Mousse tấm,"","",0.00,160.00,2026-05-26 16:00:36.073,2026-06-02 08:17:45.717,2026-05-31 00:00:00.000,2026-06-02 00:00:00.000,TONKHO,XB0006.06/26,0,"",""
FB00063,A0200003700291PX,TP20,SPM081,DCM25,1200.00,2070.00,580.00,tấm,"1800063200001465331001",A0200001465331WO,A0200000403973WO,WB2605-0032,NMF65-50N TRẮNG,NMF65-50N50N,NMF65-50N,"50N","",M7,NMF65-50N50N,1.4407,1.0000,1.4407,1.0000,0.0000,0.00,"",79088,79023,0,SST-171--Mousse tấm,"","",0.00,331.00,2026-05-26 16:00:36.003,2026-06-09 11:09:59.957,2026-05-31 00:00:00.000,2026-06-02 00:00:00.000,TONKHO,XB0006.06/26,0,"",""
FB00063,A0200003704166PX,TP20,SPM081,DCM25,1800.00,2070.00,550.00,tấm,"1800063200001468141001",A0200001468141WO,A0200000404897WO,WB2606-0011,NMF65-50N TRẮNG,NMF65-50N50N,NMF65-50N,"50N","",M7,NMF65-50N50N,2.0490,1.0000,2.0490,1.0000,0.0000,0.00,"",79088,79023,0,SST-172--Mousse tấm,"",SX THEO DON HANG,0.00,333.00,2026-06-12 12:05:04.250,2026-06-26 09:10:37.747,2026-06-12 00:00:00.000,2026-06-26 00:00:00.000,KK0008.06/26,XB0055.06/26,0,"",""
FB00063,A0200003704459PX,TP20,SPM081,DCM25,1800.00,2070.00,550.00,tấm,"1800063200001468141002",A0200001468141WO,A0200000404897WO,WB2606-0011,NMF65-50N TRẮNG,NMF65-50N50N,NMF65-50N,"50N","",M7,NMF65-50N50N,2.0490,1.0000,2.0490,1.0000,0.0000,0.00,"",79088,79023,0,SST-172--Mousse tấm,"",SX THEO DON HANG,0.00,358.00,2026-06-12 12:05:04.203,2026-06-27 10:27:54.807,2026-06-12 00:00:00.000,2026-06-27 00:00:00.000,KK0008.06/26,XB0057.06/26,0,"",""
FB00063,A0200003708855PX,TP20,SPM081,DCM25,1860.00,2070.00,600.00,tấm,"1800063200001472989001",A0200001472989WO,A0200000406462WO,WB2607-0003,NMF65-50N TRẮNG,NMF65-50N50N,NMF65-50N,"50N","",M7,NMF65-50N50N,2.3100,1.0000,2.3100,1.0000,0.0000,0.00,"",79088,79023,0,SST-173--Mousse tấm,"",SX THEO ĐƠN HÀNG,0.00,139.00,2026-07-08 15:07:56.917,2026-07-14 10:00:53.620,2026-07-08 00:00:00.000,2026-07-14 00:00:00.000,KK0005.07/26,XB0029.07/26,0,"",""
FB00063,A0200003708859PX,TP20,SPM081,DCM25,1210.00,2070.00,600.00,tấm,"1800063200001472990001",A0200001472990WO,A0200000406462WO,WB2607-0003,NMF65-50N TRẮNG,NMF65-50N50N,NMF65-50N,"50N","",M7,NMF65-50N50N,1.5030,1.0000,1.5030,1.0000,0.0000,0.00,"",79088,79023,0,SST-173--Mousse tấm,"",SX THEO ĐƠN HÀNG,0.00,139.00,2026-07-08 15:07:56.897,2026-07-14 10:00:53.697,2026-07-08 00:00:00.000,2026-07-14 00:00:00.000,KK0005.07/26,XB0029.07/26,0,"",""
FB00063,A0200003708860PX,TP20,SPM081,DCM25,1210.00,2070.00,590.00,tấm,"1800063200001472990002",A0200001472990WO,A0200000406462WO,WB2607-0003,NMF65-50N TRẮNG,NMF65-50N50N,NMF65-50N,"50N","",M7,NMF65-50N50N,1.4780,1.0000,1.4780,1.0000,0.0000,0.00,"",79088,79023,0,SST-173--Mousse tấm,"",SX THEO ĐƠN HÀNG,0.00,139.00,2026-07-08 15:07:56.893,2026-07-14 10:00:53.713,2026-07-08 00:00:00.000,2026-07-14 00:00:00.000,KK0005.07/26,XB0029.07/26,0,"",""
FB00063,A0200003708862PX,TP20,SPM081,DCM25,1220.00,2070.00,600.00,tấm,"1800063200001472990003",A0200001472990WO,A0200000406462WO,WB2607-0003,NMF65-50N TRẮNG,NMF65-50N50N,NMF65-50N,"50N","",M7,NMF65-50N50N,1.5150,1.0000,1.5150,1.0000,0.0000,0.00,"",79088,79023,0,SST-173--Mousse tấm,"",SX THEO ĐƠN HÀNG,0.00,139.00,2026-07-08 15:07:56.900,2026-07-14 10:00:53.743,2026-07-08 00:00:00.000,2026-07-14 00:00:00.000,KK0005.07/26,XB0029.07/26,0,"",""
FB00063,A0200003708861PX,TP20,SPM081,DCM25,1200.00,2070.00,600.00,tấm,"1800063200001472990004",A0200001472990WO,A0200000406462WO,WB2607-0003,NMF65-50N TRẮNG,NMF65-50N50N,NMF65-50N,"50N","",M7,NMF65-50N50N,1.4900,1.0000,1.4900,1.0000,0.0000,0.00,"",79088,79023,0,SST-173--Mousse tấm,"",SX THEO ĐƠN HÀNG,0.00,139.00,2026-07-08 15:07:56.907,2026-07-14 10:00:53.730,2026-07-08 00:00:00.000,2026-07-14 00:00:00.000,KK0005.07/26,XB0029.07/26,0,"",""
FB00063,A0200003708857PX,TP20,SPM081,DCM25,1220.00,2070.00,590.00,tấm,"1800063200001472990005",A0200001472990WO,A0200000406462WO,WB2607-0003,NMF65-50N TRẮNG,NMF65-50N50N,NMF65-50N,"50N","",M7,NMF65-50N50N,1.4900,1.0000,1.4900,1.0000,0.0000,0.00,"",79088,79023,0,SST-173--Mousse tấm,"",SX THEO ĐƠN HÀNG,0.00,139.00,2026-07-08 15:07:56.887,2026-07-14 10:00:53.663,2026-07-08 00:00:00.000,2026-07-14 00:00:00.000,KK0005.07/26,XB0029.07/26,0,"",""
FB00063,A0200003708858PX,TP20,SPM081,DCM25,1210.00,2070.00,580.00,tấm,"1800063200001472990006",A0200001472990WO,A0200000406462WO,WB2607-0003,NMF65-50N TRẮNG,NMF65-50N50N,NMF65-50N,"50N","",M7,NMF65-50N50N,1.4530,1.0000,1.4530,1.0000,0.0000,0.00,"",79088,79023,0,SST-173--Mousse tấm,"",SX THEO ĐƠN HÀNG,0.00,139.00,2026-07-08 15:07:56.883,2026-07-14 10:00:53.680,2026-07-08 00:00:00.000,2026-07-14 00:00:00.000,KK0005.07/26,XB0029.07/26,0,"",""
FB00063,A0200003708853PX,TP20,SPM081,DCM25,1850.00,2070.00,570.00,tấm,"1800063200001472991001",A0200001472991WO,A0200000406462WO,WB2607-0003,NMF65-50N TRẮNG,NMF65-50N50N,NMF65-50N,"50N","",M7,NMF65-50N50N,2.1830,1.0000,2.1830,1.0000,0.0000,0.00,"",79088,79023,0,SST-173--Mousse tấm,"",SX THEO ĐƠN HÀNG,0.00,139.00,2026-07-08 15:07:56.873,2026-07-14 10:00:53.540,2026-07-08 00:00:00.000,2026-07-14 00:00:00.000,KK0005.07/26,XB0029.07/26,0,"",""
FB00063,A0200003708856PX,TP20,SPM081,DCM25,1860.00,2070.00,570.00,tấm,"1800063200001472991002",A0200001472991WO,A0200000406462WO,WB2607-0003,NMF65-50N TRẮNG,NMF65-50N50N,NMF65-50N,"50N","",M7,NMF65-50N50N,2.1950,1.0000,2.1950,1.0000,0.0000,0.00,"",79088,79023,0,SST-173--Mousse tấm,"",SX THEO ĐƠN HÀNG,0.00,139.00,2026-07-08 15:07:56.880,2026-07-14 10:00:53.647,2026-07-08 00:00:00.000,2026-07-14 00:00:00.000,KK0005.07/26,XB0029.07/26,0,"",""
FB00063,A0200003708854PX,TP20,SPM081,DCM25,1850.00,2070.00,860.00,tấm,"1800063200001472991003",A0200001472991WO,A0200000406462WO,WB2607-0003,NMF65-50N TRẮNG,NMF65-50N50N,NMF65-50N,"50N","",M7,NMF65-50N50N,3.2930,1.0000,3.2930,1.0000,0.0000,0.00,"",79088,79023,0,SST-173--Mousse tấm,"",SX THEO ĐƠN HÀNG,0.00,139.00,2026-07-08 15:07:56.867,2026-07-14 10:00:53.557,2026-07-08 00:00:00.000,2026-07-14 00:00:00.000,KK0005.07/26,XB0029.07/26,0,"",""
FB00063,A0200003708849PX,TP20,SPM081,DCM25,1860.00,2070.00,550.00,tấm,"1800063200001472991004",A0200001472991WO,A0200000406462WO,WB2607-0003,NMF65-50N TRẮNG,NMF65-50N50N,NMF65-50N,"50N","",M7,NMF65-50N50N,2.1180,1.0000,2.1180,1.0000,0.0000,0.00,"",79088,79023,0,SST-173--Mousse tấm,"",SX THEO ĐƠN HÀNG,0.00,139.00,2026-07-08 15:07:56.847,2026-07-14 10:00:53.437,2026-07-08 00:00:00.000,2026-07-14 00:00:00.000,KK0005.07/26,XB0029.07/26,0,"",""
FB00063,A0200003708846PX,TP20,SPM081,DCM25,1850.00,2070.00,550.00,tấm,"1800063200001472991005",A0200001472991WO,A0200000406462WO,WB2607-0003,NMF65-50N TRẮNG,NMF65-50N50N,NMF65-50N,"50N","",M7,NMF65-50N50N,2.1060,1.0000,2.1060,1.0000,0.0000,0.00,"",79088,79023,0,SST-173--Mousse tấm,"",SX THEO ĐƠN HÀNG,0.00,139.00,2026-07-08 15:07:56.820,2026-07-14 10:00:53.400,2026-07-08 00:00:00.000,2026-07-14 00:00:00.000,KK0005.07/26,XB0029.07/26,0,"",""
FB00063,A0200003708848PX,TP20,SPM081,DCM25,1850.00,2070.00,550.00,tấm,"1800063200001472991006",A0200001472991WO,A0200000406462WO,WB2607-0003,NMF65-50N TRẮNG,NMF65-50N50N,NMF65-50N,"50N","",M7,NMF65-50N50N,2.1060,1.0000,2.1060,1.0000,0.0000,0.00,"",79088,79023,0,SST-173--Mousse tấm,"",SX THEO ĐƠN HÀNG,0.00,139.00,2026-07-08 15:07:56.830,2026-07-14 10:00:53.427,2026-07-08 00:00:00.000,2026-07-14 00:00:00.000,KK0005.07/26,XB0029.07/26,0,"",""
FB00063,A0200003708851PX,TP20,SPM081,DCM25,1860.00,2070.00,550.00,tấm,"1800063200001472991007",A0200001472991WO,A0200000406462WO,WB2607-0003,NMF65-50N TRẮNG,NMF65-50N50N,NMF65-50N,"50N","",M7,NMF65-50N50N,2.1180,1.0000,2.1180,1.0000,0.0000,0.00,"",79088,79023,0,SST-173--Mousse tấm,"",SX THEO ĐƠN HÀNG,0.00,139.00,2026-07-08 15:07:56.863,2026-07-14 10:00:53.480,2026-07-08 00:00:00.000,2026-07-14 00:00:00.000,KK0005.07/26,XB0029.07/26,0,"",""
FB00063,A0200003708850PX,TP20,SPM081,DCM25,1860.00,2070.00,550.00,tấm,"1800063200001472991008",A0200001472991WO,A0200000406462WO,WB2607-0003,NMF65-50N TRẮNG,NMF65-50N50N,NMF65-50N,"50N","",M7,NMF65-50N50N,2.1180,1.0000,2.1180,1.0000,0.0000,0.00,"",79088,79023,0,SST-173--Mousse tấm,"",SX THEO ĐƠN HÀNG,0.00,139.00,2026-07-08 15:07:56.840,2026-07-14 10:00:53.470,2026-07-08 00:00:00.000,2026-07-14 00:00:00.000,KK0005.07/26,XB0029.07/26,0,"",""
FB00063,A0200003708841PX,TP20,SPM081,DCM25,1860.00,2070.00,550.00,tấm,"1800063200001472991009",A0200001472991WO,A0200000406462WO,WB2607-0003,NMF65-50N TRẮNG,NMF65-50N50N,NMF65-50N,"50N","",M7,NMF65-50N50N,2.1180,1.0000,2.1180,1.0000,0.0000,0.00,"",79088,79023,0,SST-173--Mousse tấm,"",SX THEO ĐƠN HÀNG,0.00,139.00,2026-07-08 15:07:56.813,2026-07-14 10:00:50.953,2026-07-08 00:00:00.000,2026-07-14 00:00:00.000,KK0005.07/26,XB0029.07/26,0,"",""
FB00063,A0200003708845PX,TP20,SPM081,DCM25,1860.00,2070.00,550.00,tấm,"1800063200001472991010",A0200001472991WO,A0200000406462WO,WB2607-0003,NMF65-50N TRẮNG,NMF65-50N50N,NMF65-50N,"50N","",M7,NMF65-50N50N,2.1180,1.0000,2.1180,1.0000,0.0000,0.00,"",79088,79023,0,SST-173--Mousse tấm,"",SX THEO ĐƠN HÀNG,0.00,139.00,2026-07-08 15:07:56.823,2026-07-14 10:00:53.383,2026-07-08 00:00:00.000,2026-07-14 00:00:00.000,KK0005.07/26,XB0029.07/26,0,"",""
FB00063,A0200003708852PX,TP20,SPM081,DCM25,1860.00,2070.00,550.00,tấm,"1800063200001472991011",A0200001472991WO,A0200000406462WO,WB2607-0003,NMF65-50N TRẮNG,NMF65-50N50N,NMF65-50N,"50N","",M7,NMF65-50N50N,2.1180,1.0000,2.1180,1.0000,0.0000,0.00,"",79088,79023,0,SST-173--Mousse tấm,"",SX THEO ĐƠN HÀNG,0.00,139.00,2026-07-08 15:07:56.857,2026-07-14 10:00:53.527,2026-07-08 00:00:00.000,2026-07-14 00:00:00.000,KK0005.07/26,XB0029.07/26,0,"",""
FB00063,A0200003708847PX,TP20,SPM081,DCM25,1860.00,2070.00,550.00,tấm,"1800063200001472991012",A0200001472991WO,A0200000406462WO,WB2607-0003,NMF65-50N TRẮNG,NMF65-50N50N,NMF65-50N,"50N","",M7,NMF65-50N50N,2.1180,1.0000,2.1180,1.0000,0.0000,0.00,"",79088,79023,0,SST-173--Mousse tấm,"",SX THEO ĐƠN HÀNG,0.00,139.00,2026-07-08 15:07:56.837,2026-07-14 10:00:53.413,2026-07-08 00:00:00.000,2026-07-14 00:00:00.000,KK0005.07/26,XB0029.07/26,0,"",""
FB00065,A0200003700458PX,TP20,SPM137,DCM16,1620.00,2040.00,1110.00,tấm,"1800065200001453694001",A0200001453694WO,A0200000399214WO,WB2603-0031,IFD22-H75 TRẮNG,IFD22-H75H75,IFD22-H75,H75,"",B4,IFD22-H75H75,3.6683,1.0000,3.6683,1.0000,0.0000,0.00,"",79614,79023,0,MINH DƯƠNG CHU LAI-MDCL-PO 01-04-6/5,"","",0.00,1826.00,2026-03-26 12:54:49.407,2026-06-10 14:39:45.350,2026-05-31 00:00:00.000,2026-06-10 00:00:00.000,TONKHO,XB0024.06/26,0,"",""
FB00065,A0200003700457PX,TP20,SPM137,DCM16,2020.00,2240.00,1090.00,tấm,"1800065200001454762001",A0200001454762WO,A0200000399468WO,WB2603-0036,IFD22-H75 TRẮNG,IFD22-H75H75,IFD22-H75,H75,"",A6,IFD22-H75H75,4.9320,1.0000,4.9320,1.0000,0.0000,0.00,"",79614,79023,0,ĐÔNG NAM-ĐMH-HV-32-1,"","",0.00,1708.00,2026-03-31 10:19:07.583,2026-06-10 14:39:45.340,2026-05-31 00:00:00.000,2026-06-10 00:00:00.000,TONKHO,XB0024.06/26,0,"",""
FB00065,A0200003700456PX,TP20,SPM137,DCM16,1760.00,2240.00,1090.00,tấm,"1800065200001454763001",A0200001454763WO,A0200000399468WO,WB2603-0036,IFD22-H75 TRẮNG,IFD22-H75H75,IFD22-H75,H75,"",A6,IFD22-H75H75,4.2972,1.0000,4.2972,1.0000,0.0000,0.00,"",79614,79023,0,ĐÔNG NAM-ĐMH-HV-38,"","",0.00,1708.00,2026-03-31 10:19:07.590,2026-06-10 14:39:45.303,2026-05-31 00:00:00.000,2026-06-10 00:00:00.000,TONKHO,XB0024.06/26,0,"",""
FB00065,A0200003705959PN,TP20,SPM137,DCM16,2110.00,2180.00,980.00,tấm,"1800065200001472031001",A0200001472031WO,A0200000406203WO,WB2606-0036,IFD22-H75 TRẮNG,IFD22-H75H75,IFD22-H75,H75,"",B1,IFD22-H75H75,4.5080,1.0000,0.0000,0.0000,4.5080,1.00,"",79614,79023,0,MINH DƯƠNG-MD-PO2606B030,"",SX THEO ĐƠN HÀNG,0.00,527.00,2026-07-01 10:30:41.740,,2026-06-30 00:00:00.000,,KK0001.07/26,,0,"",""
FB00065,A0200003706387PX,TP20,SPM137,DCM16,2220.00,2180.00,1050.00,tấm,"1800065200001472032001",A0200001472032WO,A0200000406203WO,WB2606-0036,IFD22-H75 TRẮNG,IFD22-H75H75,IFD22-H75,H75,"",B1,IFD22-H75H75,5.0820,1.0000,5.0820,1.0000,0.0000,0.00,"",79614,79023,0,MINH DƯƠNG-MD-PO2606B030,"",SX THEO ĐƠN HÀNG,0.00,48.00,2026-07-01 10:30:41.723,2026-07-03 10:16:12.607,2026-06-30 00:00:00.000,2026-07-03 00:00:00.000,KK0001.07/26,XB0007.07/26,0,"",""
FB00065,A0200003706386PX,TP20,SPM137,DCM16,1850.00,2180.00,1060.00,tấm,"1800065200001472033001",A0200001472033WO,A0200000406203WO,WB2606-0036,IFD22-H75 TRẮNG,IFD22-H75H75,IFD22-H75,H75,"",B1,IFD22-H75H75,4.2750,1.0000,4.2750,1.0000,0.0000,0.00,"",79614,79023,0,MINH DƯƠNG-MD-PO2606B032,"",SX THEO ĐƠN HÀNG,0.00,48.00,2026-07-01 10:30:41.720,2026-07-03 10:16:11.327,2026-06-30 00:00:00.000,2026-07-03 00:00:00.000,KK0001.07/26,XB0007.07/26,0,"",""
FB00065,A0200003706058PX,TP20,SPM137,DCM16,2140.00,2180.00,1090.00,tấm,"1800065200001472034001",A0200001472034WO,A0200000406203WO,WB2606-0036,IFD22-H75 TRẮNG,IFD22-H75H75,IFD22-H75,H75,"",B1,IFD22-H75H75,5.0850,1.0000,5.0850,1.0000,0.0000,0.00,"",79614,79023,0,MINH DƯƠNG-MD-PO2606B051,"",SX THEO ĐƠN HÀNG,0.00,4.00,2026-07-01 10:30:41.717,2026-07-01 14:26:15.513,2026-06-30 00:00:00.000,2026-07-01 00:00:00.000,KK0001.07/26,XB0002.07/26,0,"",""
FB00065,A0200003705955PN,TP20,SPM137,DCM16,1420.00,2180.00,1070.00,tấm,"1800065200001472118001",A0200001472118WO,A0200000406224WO,WB2606-0037,IFD22-H75 TRẮNG,IFD22-H75H75,IFD22-H75,H75,"",B1,IFD22-H75H75,3.3120,1.0000,0.0000,0.0000,3.3120,1.00,"",79614,79023,0,"","",SX DƯ,0.00,527.00,2026-07-01 10:30:40.440,,2026-06-30 00:00:00.000,,KK0001.07/26,,0,"",""
FB00065,A0200003707657PN,TP20,SPM137,DCM16,2270.00,2090.00,1180.00,tấm,"1800065200001473165001",A0200001473165WO,A0200000406532WO,WB2607-0004,IFD22-H75 TRẮNG,IFD22-H75H75,IFD22-H75,H75,"",B12,IFD22-H75H75,5.5980,1.0000,0.0000,0.0000,5.5980,1.00,"",79614,79023,0,QUỐC DŨNG-QD-0107,"",SX THEO ĐƠN HÀNG,0.00,354.00,2026-07-08 15:07:57.067,,2026-07-08 00:00:00.000,,KK0005.07/26,,0,"",""
FB00065,A0200003708613PX,TP20,SPM137,DCM16,2150.00,2090.00,1160.00,tấm,"1800065200001473166001",A0200001473166WO,A0200000406532WO,WB2607-0004,IFD22-H75 TRẮNG,IFD22-H75H75,IFD22-H75,H75,"",B12,IFD22-H75H75,5.2120,1.0000,5.2120,1.0000,0.0000,0.00,"",79614,79023,0,QUỐC DŨNG-QD-0107,"",SX THEO ĐƠN HÀNG,0.00,115.00,2026-07-08 15:07:56.967,2026-07-13 10:20:26.283,2026-07-08 00:00:00.000,2026-07-11 00:00:00.000,KK0005.07/26,XB0026.07/26,0,"",""
FB00065,A0200003708615PX,TP20,SPM137,DCM16,1870.00,2090.00,1180.00,tấm,"1800065200001473167001",A0200001473167WO,A0200000406532WO,WB2607-0004,IFD22-H75 TRẮNG,IFD22-H75H75,IFD22-H75,H75,"",B12,IFD22-H75H75,4.6120,1.0000,4.6120,1.0000,0.0000,0.00,"",79614,79023,0,QUỐC DŨNG-QD-0107,"",SX THEO ĐƠN HÀNG,0.00,115.00,2026-07-08 15:07:56.963,2026-07-13 10:20:27.583,2026-07-08 00:00:00.000,2026-07-11 00:00:00.000,KK0005.07/26,XB0026.07/26,0,"",""
FB00065,A0200003707645PN,TP20,SPM137,DCM16,2170.00,2090.00,1180.00,tấm,"1800065200001473168001",A0200001473168WO,A0200000406532WO,WB2607-0004,IFD22-H75 TRẮNG,IFD22-H75H75,IFD22-H75,H75,"",B12,IFD22-H75H75,5.3520,1.0000,5.3520,1.0000,0.0000,0.00,"",79614,79023,0,MINH DƯƠNG-MD-PO2606B070,"",SX THEO ĐƠN HÀNG,0.00,0.00,2026-07-08 15:07:56.947,2026-07-08 15:06:41.553,2026-07-08 00:00:00.000,2026-07-08 00:00:00.000,KK0005.07/26,XB0019.07/26,0,"",""
FB00065,A0200003707644PN,TP20,SPM137,DCM16,2190.00,2090.00,1170.00,tấm,"1800065200001473169001",A0200001473169WO,A0200000406532WO,WB2607-0004,IFD22-H75 TRẮNG,IFD22-H75H75,IFD22-H75,H75,"",B12,IFD22-H75H75,5.3550,1.0000,5.3550,1.0000,0.0000,0.00,"",79614,79023,0,MINH DƯƠNG-MD-PO2606B070,"",SX THEO ĐƠN HÀNG,0.00,0.00,2026-07-08 15:07:56.943,2026-07-08 15:06:41.477,2026-07-08 00:00:00.000,2026-07-08 00:00:00.000,KK0005.07/26,XB0019.07/26,0,"",""
FB00065,A0200003707643PN,TP20,SPM137,DCM16,2220.00,2090.00,1150.00,tấm,"1800065200001473170001",A0200001473170WO,A0200000406532WO,WB2607-0004,IFD22-H75 TRẮNG,IFD22-H75H75,IFD22-H75,H75,"",B12,IFD22-H75H75,5.3360,1.0000,0.0000,0.0000,5.3360,1.00,"",79614,79023,0,MINH DƯƠNG-MD-PO2606B070,"",SX THEO ĐƠN HÀNG,0.00,354.00,2026-07-08 15:07:56.940,,2026-07-08 00:00:00.000,,KK0005.07/26,,0,"",""
FB00065,A0200003707658PN,TP20,SPM137,DCM16,1740.00,2090.00,1140.00,tấm,"1800065200001473346001",A0200001473346WO,A0200000406600WO,WB2607-0005,IFD22-H75 TRẮNG,IFD22-H75H75,IFD22-H75,H75,"",B12,IFD22-H75H75,4.1460,1.0000,0.0000,0.0000,4.1460,1.00,"",79614,79023,0,"","",SX DƯ,0.00,354.00,2026-07-08 15:07:57.083,,2026-07-08 00:00:00.000,,KK0005.07/26,,0,"",""
FB00074,A0200003710047PX,TP20,"","",1360.00,1930.00,790.00,tấm,"1800074200001419292001",A0200001419292WO,A0200000387562WO,WB2510-0034,GAM36-50N,"","","","",XD,"",2.0736,1.0000,2.0736,1.0000,0.0000,0.00,"",89438,79023,0,ASHT-871.R0--Mousse tấm/GRV-001--Mousse tấm,"","",0.00,6431.00,2025-10-23 15:09:39.603,2026-07-18 14:17:38.783,2026-05-31 00:00:00.000,2026-07-17 00:00:00.000,TONKHO,XB0037.07/26,0,"",""
FB00074,A0200003710048PX,TP20,"","",1580.00,2060.00,800.00,tấm,"1800074200001434335001",A0200001434335WO,A0200000393389WO,WB2512-0035,GAM36-50N,"","","","",XD,"",2.6038,1.0000,2.6038,1.0000,0.0000,0.00,"",89438,79023,0,RÁCH/RÁCH,Rách,"",0.00,4895.00,2025-12-26 15:28:25.557,2026-07-18 14:17:38.797,2026-05-31 00:00:00.000,2026-07-17 00:00:00.000,TONKHO,XB0037.07/26,0,"",""
FB00074,A0200003703061PX,TP20,"","",1670.00,2050.00,790.00,tấm,"1800074200001441846001",A0200001441846WO,A0200000395685WO,WB2601-0034,GAM36-50N,"","","","","","",5.4092,2.0000,2.7046,1.0000,2.7046,1.00,"",89438,79023,0,HÀNG TKN/GRV-001--Mousse tấm,"",SX DU,0.00,0.00,2026-06-22 16:27:11.233,2026-06-22 16:27:26.030,2026-06-22 00:00:00.000,2026-06-22 00:00:00.000,XB0048.06/26,XB0048.06/26,0,"",""
FB00074,A0200003709346PX,TP20,"","",1850.00,2050.00,810.00,tấm,"1800074200001441847001",A0200001441847WO,A0200000395685WO,WB2601-0034,GAM36-50N,"","","","","","",6.1438,2.0000,3.0719,1.0000,3.0719,1.00,"",89438,79023,0,HÀNG TKN/GRH-070--Mousse tấm,"","",0.00,1.00,2026-07-15 15:32:37.930,2026-07-15 16:31:55.340,2026-07-15 00:00:00.000,2026-07-15 00:00:00.000,XB0033.07/26,XB0033.07/26,0,"",""
FB00074,A0200003703060PX,TP20,"","",2300.00,2050.00,810.00,tấm,"1800074200001441848001",A0200001441848WO,A0200000395685WO,WB2601-0034,GAM36-50N,"","","","","","",7.6384,2.0000,3.8192,1.0000,3.8192,1.00,"",89438,79023,0,HÀNG TKN,"",SX DU,0.00,0.00,2026-06-22 16:27:11.233,2026-06-22 16:27:26.027,2026-06-22 00:00:00.000,2026-06-22 00:00:00.000,XB0048.06/26,XB0048.06/26,0,"",""
FB00082,A0200003711118PX,TP20,"","",800.00,2060.00,800.00,tấm,"1800082200001300434001","","","",IEF25-H70 VÀNG,"","","","",B32,"",2.6368,2.0000,1.3184,1.0000,1.3184,1.00,"",85174,79023,0,Đổ dư 4/3,"",SX DU,0.00,0.00,2026-07-22 09:54:27.340,2026-07-22 09:54:28.290,2026-06-22 00:00:00.000,2026-06-22 00:00:00.000,XB0064.06/26,XB0064.06/26,0,"",""
FB00091,A0200003709760PX,TP20,SPM146,DCM07,1200.00,2070.00,800.00,tấm,"1800091200001347768001","","","",CAM40-50N ĐEN,CAM40-50NH50,CAM40-50N,H50,"","",CAM40-50NH50,3.9744,2.0000,1.9872,1.0000,1.9872,1.00,"",86352,79023,0,SST-128-RL/ASHT-882.R0--Mousse tấm,"","",0.00,45.00,2026-07-15 15:32:37.930,2026-07-17 12:51:29.013,2026-07-15 00:00:00.000,2026-07-15 00:00:00.000,XB0033.07/26,XB0033.07/26,0,"",""
FB00091,A0200003701962PX,TP20,SPM146,DCM07,1410.00,2060.00,760.00,tấm,"1800091200001425485001",A0200001425485WO,A0200000390376WO,WB2511-0016,CAM40-50N ĐEN,CAM40-50NH50,CAM40-50N,H50,"",M7,CAM40-50NH50,2.2075,1.0000,2.2075,1.0000,0.0000,0.00,"",86352,79023,0,SST-157--Mousse tấm/ASHT-886.R0--Mousse tấm,"","",0.00,5182.00,2025-11-13 17:18:15.903,2026-06-17 15:44:01.247,2026-05-31 00:00:00.000,2026-06-17 00:00:00.000,TONKHO,XB0038.06/26,0,"",""
FB00091,A0200003709260PX,TP20,SPM146,DCM07,1560.00,2060.00,690.00,tấm,"1800091200001434339001",A0200001434339WO,A0200000393389WO,WB2512-0035,CAM40-50N ĐEN,CAM40-50NH50,CAM40-50N,H50,"","",CAM40-50NH50,4.4348,2.0000,2.2174,1.0000,2.2174,1.00,"",86352,79023,0,BOSUNGTEM-12-24/Mềm +rách,Mút mềm+rách,"",0.00,1.00,2026-07-15 15:32:37.930,2026-07-15 16:06:57.557,2026-07-15 00:00:00.000,2026-07-15 00:00:00.000,XB0033.07/26,XB0033.07/26,0,"",""
FB00091,A0200003709994PX,TP20,SPM146,DCM07,1850.00,2060.00,840.00,tấm,"1800091200001453932001",A0200001453932WO,A0200000399273WO,WB2603-0032,CAM40-50N ĐEN,CAM40-50NH50,CAM40-50N,H50,"",M7,CAM40-50NH50,3.2012,1.0000,3.2012,1.0000,0.0000,0.00,"",86352,79023,0,SST-168--Mousse tấm/SST-170--Mousse tấm,"","",0.00,2616.00,2026-03-31 10:08:49.760,2026-07-18 10:25:11.593,2026-05-31 00:00:00.000,2026-07-17 00:00:00.000,TONKHO,XB0036.07/26,0,"",""
FB00091,A0200003709420PX,TP20,SPM146,DCM07,1850.00,2060.00,840.00,tấm,"1800091200001453932002",A0200001453932WO,A0200000399273WO,WB2603-0032,CAM40-50N ĐEN,CAM40-50NH50,CAM40-50N,H50,"",M7,CAM40-50NH50,3.2012,1.0000,3.2012,1.0000,0.0000,0.00,"",86352,79023,0,SST-168--Mousse tấm,"","",0.00,2568.00,2026-03-31 10:08:49.767,2026-07-16 10:50:55.520,2026-05-31 00:00:00.000,2026-07-16 00:00:00.000,TONKHO,XB0034.07/26,0,"",""
FB00091,A0200003706340PX,TP20,SPM146,DCM07,1940.00,2070.00,830.00,tấm,"1800091200001454756001",A0200001454756WO,A0200000399465WO,WB2603-0035,CAM40-50N ĐEN,CAM40-50NH50,CAM40-50N,H50,"",M7,CAM40-50NH50,3.3331,1.0000,3.3331,1.0000,0.0000,0.00,"",86352,79023,0,ASHT-882.R0--Mousse tấm,"","",0.00,2236.00,2026-03-31 10:23:36.773,2026-07-02 14:37:45.793,2026-05-31 00:00:00.000,2026-06-26 00:00:00.000,TONKHO,XB0055.06/26,0,"",""
FB00091,A0200003701501PX,TP20,SPM146,DCM07,1360.00,2060.00,790.00,tấm,"1800091200001465590001",A0200001465590WO,A0200000404049WO,WB2605-0034,CAM40-50N ĐEN,CAM40-50NH50,CAM40-50N,H50,"",M7,CAM40-50NH50,2.2133,1.0000,2.2133,1.0000,0.0000,0.00,"",86352,79023,0,ASHT-886.R0--Mousse tấm,"","",0.00,474.00,2026-05-27 15:58:11.527,2026-06-16 09:01:44.367,2026-05-31 00:00:00.000,2026-06-16 00:00:00.000,TONKHO,XB0034.06/26,0,"",""
FB00091,A0200003701502PX,TP20,SPM146,DCM07,1360.00,2060.00,790.00,tấm,"1800091200001465590002",A0200001465590WO,A0200000404049WO,WB2605-0034,CAM40-50N ĐEN,CAM40-50NH50,CAM40-50N,H50,"",M7,CAM40-50NH50,2.2133,1.0000,2.2133,1.0000,0.0000,0.00,"",86352,79023,0,ASHT-886.R0--Mousse tấm,"","",0.00,474.00,2026-05-27 15:58:11.540,2026-06-16 09:01:44.380,2026-05-31 00:00:00.000,2026-06-16 00:00:00.000,TONKHO,XB0034.06/26,0,"",""
FB00091,A0200003701489PX,TP20,SPM146,DCM07,1550.00,2060.00,820.00,tấm,"1800091200001465591001",A0200001465591WO,A0200000404049WO,WB2605-0034,CAM40-50N ĐEN,CAM40-50NH50,CAM40-50N,H50,"",M7,CAM40-50NH50,2.6183,1.0000,2.6183,1.0000,0.0000,0.00,"",86352,79023,0,ASHT-886.R0--Mousse tấm,"","",0.00,474.00,2026-05-27 15:58:11.473,2026-06-16 09:01:44.157,2026-05-31 00:00:00.000,2026-06-16 00:00:00.000,TONKHO,XB0034.06/26,0,"",""
FB00091,A0200003701491PX,TP20,SPM146,DCM07,1550.00,2060.00,820.00,tấm,"1800091200001465591002",A0200001465591WO,A0200000404049WO,WB2605-0034,CAM40-50N ĐEN,CAM40-50NH50,CAM40-50N,H50,"",M7,CAM40-50NH50,2.6183,1.0000,2.6183,1.0000,0.0000,0.00,"",86352,79023,0,ASHT-886.R0--Mousse tấm,"","",0.00,474.00,2026-05-27 15:58:11.490,2026-06-16 09:01:44.173,2026-05-31 00:00:00.000,2026-06-16 00:00:00.000,TONKHO,XB0034.06/26,0,"",""
FB00091,A0200003701490PX,TP20,SPM146,DCM07,1560.00,2060.00,820.00,tấm,"1800091200001465591003",A0200001465591WO,A0200000404049WO,WB2605-0034,CAM40-50N ĐEN,CAM40-50NH50,CAM40-50N,H50,"",M7,CAM40-50NH50,2.6352,1.0000,2.6352,1.0000,0.0000,0.00,"",86352,79023,0,ASHT-886.R0--Mousse tấm,"","",0.00,474.00,2026-05-27 15:58:11.450,2026-06-16 09:01:44.163,2026-05-31 00:00:00.000,2026-06-16 00:00:00.000,TONKHO,XB0034.06/26,0,"",""
FB00091,A0200003701492PX,TP20,SPM146,DCM07,1540.00,2060.00,820.00,tấm,"1800091200001465591004",A0200001465591WO,A0200000404049WO,WB2605-0034,CAM40-50N ĐEN,CAM40-50NH50,CAM40-50N,H50,"",M7,CAM40-50NH50,2.6014,1.0000,2.6014,1.0000,0.0000,0.00,"",86352,79023,0,ASHT-886.R0--Mousse tấm,"","",0.00,474.00,2026-05-27 15:58:11.510,2026-06-16 09:01:44.183,2026-05-31 00:00:00.000,2026-06-16 00:00:00.000,TONKHO,XB0034.06/26,0,"",""
FB00091,A0200003701724PX,TP20,SPM146,DCM07,1540.00,2060.00,800.00,tấm,"1800091200001465591005",A0200001465591WO,A0200000404049WO,WB2605-0034,CAM40-50N ĐEN,CAM40-50NH50,CAM40-50N,H50,"",M7,CAM40-50NH50,2.5379,1.0000,2.5379,1.0000,0.0000,0.00,"",86352,79023,0,ASHT-886.R0--Mousse tấm,"","",0.00,500.00,2026-05-27 15:58:11.373,2026-06-17 11:07:45.697,2026-05-31 00:00:00.000,2026-06-17 00:00:00.000,TONKHO,XB0038.06/26,0,"",""
FB00091,A0200003701487PX,TP20,SPM146,DCM07,1940.00,2060.00,820.00,tấm,"1800091200001465592001",A0200001465592WO,A0200000404049WO,WB2605-0034,CAM40-50N ĐEN,CAM40-50NH50,CAM40-50N,H50,"",M7,CAM40-50NH50,3.2770,1.0000,3.2771,1.0000,-0.0001,0.00,"",86352,79023,0,ASHT-886.R0--Mousse tấm,"","",0.00,474.00,2026-05-27 15:58:11.423,2026-06-16 09:01:44.133,2026-05-31 00:00:00.000,2026-06-16 00:00:00.000,TONKHO,XB0034.06/26,0,"",""
FB00091,A0200003701488PX,TP20,SPM146,DCM07,1960.00,2060.00,820.00,tấm,"1800091200001465592002",A0200001465592WO,A0200000404049WO,WB2605-0034,CAM40-50N ĐEN,CAM40-50NH50,CAM40-50N,H50,"",M7,CAM40-50NH50,3.3108,1.0000,3.3108,1.0000,0.0000,0.00,"",86352,79023,0,ASHT-886.R0--Mousse tấm,"","",0.00,474.00,2026-05-27 15:58:11.393,2026-06-16 09:01:44.147,2026-05-31 00:00:00.000,2026-06-16 00:00:00.000,TONKHO,XB0034.06/26,0,"",""
FB00091,A0200003701725PX,TP20,SPM146,DCM07,1980.00,2060.00,810.00,tấm,"1800091200001466181001",A0200001466181WO,A0200000404285WO,WB2605-0038,CAM40-50N ĐEN,CAM40-50NH50,CAM40-50N,H50,"",M7,CAM40-50NH50,3.3038,1.0000,3.3038,1.0000,0.0000,0.00,"",86352,79023,0,"","","",0.00,429.00,2026-05-30 14:13:14.550,2026-06-17 11:07:45.720,2026-05-31 00:00:00.000,2026-06-17 00:00:00.000,TONKHO,XB0038.06/26,0,"",""
FB00091,A0200003705382PX,TP20,SPM146,DCM07,1550.00,2060.00,850.00,tấm,"1800091200001468143001",A0200001468143WO,A0200000404897WO,WB2606-0011,CAM40-50N ĐEN,CAM40-50NH50,CAM40-50N,H50,"",M7,CAM40-50NH50,2.7140,1.0000,2.7140,1.0000,0.0000,0.00,"",86352,79023,0,ASHT-887.R0--Mousse tấm,"",SX THEO DON HANG,0.00,409.00,2026-06-13 09:01:17.627,2026-06-30 10:19:06.703,2026-06-13 00:00:00.000,2026-06-30 00:00:00.000,KK0009.06/26,XB0063.06/26,0,"",""
FB00091,A0200003705381PX,TP20,SPM146,DCM07,1560.00,2060.00,850.00,tấm,"1800091200001468143002",A0200001468143WO,A0200000404897WO,WB2606-0011,CAM40-50N ĐEN,CAM40-50NH50,CAM40-50N,H50,"",M7,CAM40-50NH50,2.7320,1.0000,2.7320,1.0000,0.0000,0.00,"",86352,79023,0,ASHT-887.R0--Mousse tấm,"",SX THEO DON HANG,0.00,409.00,2026-06-13 09:01:17.610,2026-06-30 10:19:06.693,2026-06-13 00:00:00.000,2026-06-30 00:00:00.000,KK0009.06/26,XB0063.06/26,0,"",""
FB00091,A0200003705380PX,TP20,SPM146,DCM07,1550.00,2060.00,850.00,tấm,"1800091200001468143003",A0200001468143WO,A0200000404897WO,WB2606-0011,CAM40-50N ĐEN,CAM40-50NH50,CAM40-50N,H50,"",M7,CAM40-50NH50,2.7140,1.0000,2.7140,1.0000,0.0000,0.00,"",86352,79023,0,ASHT-887.R0--Mousse tấm,"",SX THEO DON HANG,0.00,409.00,2026-06-13 09:01:17.593,2026-06-30 10:19:06.687,2026-06-13 00:00:00.000,2026-06-30 00:00:00.000,KK0009.06/26,XB0063.06/26,0,"",""
FB00091,A0200003701273PX,TP20,SPM146,DCM07,1970.00,2060.00,850.00,tấm,"1800091200001468144001",A0200001468144WO,A0200000404897WO,WB2606-0011,CAM40-50N ĐEN,CAM40-50NH50,CAM40-50N,H50,"",M7,CAM40-50NH50,3.4490,1.0000,3.4490,1.0000,0.0000,0.00,"",86352,79023,0,ASHT-883.FOAM BLOCK--Mousse block,"",SX THEO DON HANG,0.00,47.00,2026-06-13 09:01:17.690,2026-06-15 08:47:04.813,2026-06-13 00:00:00.000,2026-06-15 00:00:00.000,KK0009.06/26,XB0032.06/26,0,"",""
FB00091,A0200003701275PX,TP20,SPM146,DCM07,1940.00,2060.00,840.00,tấm,"1800091200001468144002",A0200001468144WO,A0200000404897WO,WB2606-0011,CAM40-50N ĐEN,CAM40-50NH50,CAM40-50N,H50,"",M7,CAM40-50NH50,3.3570,1.0000,3.3570,1.0000,0.0000,0.00,"",86352,79023,0,ASHT-883.FOAM BLOCK--Mousse block,"",SX THEO DON HANG,0.00,47.00,2026-06-13 09:01:17.660,2026-06-15 08:47:04.840,2026-06-13 00:00:00.000,2026-06-15 00:00:00.000,KK0009.06/26,XB0032.06/26,0,"",""
FB00091,A0200003701276PX,TP20,SPM146,DCM07,1970.00,2060.00,850.00,tấm,"1800091200001468144003",A0200001468144WO,A0200000404897WO,WB2606-0011,CAM40-50N ĐEN,CAM40-50NH50,CAM40-50N,H50,"",M7,CAM40-50NH50,3.4490,1.0000,3.4490,1.0000,0.0000,0.00,"",86352,79023,0,ASHT-883.FOAM BLOCK--Mousse block,"",SX THEO DON HANG,0.00,47.00,2026-06-13 09:01:17.643,2026-06-15 08:47:04.857,2026-06-13 00:00:00.000,2026-06-15 00:00:00.000,KK0009.06/26,XB0032.06/26,0,"",""
FB00091,A0200003701274PX,TP20,SPM146,DCM07,1970.00,2060.00,850.00,tấm,"1800091200001468144004",A0200001468144WO,A0200000404897WO,WB2606-0011,CAM40-50N ĐEN,CAM40-50NH50,CAM40-50N,H50,"",M7,CAM40-50NH50,3.4490,1.0000,3.4490,1.0000,0.0000,0.00,"",86352,79023,0,ASHT-883.FOAM BLOCK--Mousse block,"",SX THEO DON HANG,0.00,47.00,2026-06-13 09:01:17.677,2026-06-15 08:47:04.827,2026-06-13 00:00:00.000,2026-06-15 00:00:00.000,KK0009.06/26,XB0032.06/26,0,"",""
FB00091,A0200003701270PX,TP20,SPM146,DCM07,1970.00,2060.00,850.00,tấm,"1800091200001468144005",A0200001468144WO,A0200000404897WO,WB2606-0011,CAM40-50N ĐEN,CAM40-50NH50,CAM40-50N,H50,"",M7,CAM40-50NH50,3.4490,1.0000,3.4490,1.0000,0.0000,0.00,"",86352,79023,0,ASHT-883.FOAM BLOCK--Mousse block,"",SX THEO DON HANG,0.00,47.00,2026-06-13 09:01:17.723,2026-06-15 08:47:04.770,2026-06-13 00:00:00.000,2026-06-15 00:00:00.000,KK0009.06/26,XB0032.06/26,0,"",""
FB00091,A0200003701272PX,TP20,SPM146,DCM07,1960.00,2060.00,850.00,tấm,"1800091200001468144006",A0200001468144WO,A0200000404897WO,WB2606-0011,CAM40-50N ĐEN,CAM40-50NH50,CAM40-50N,H50,"",M7,CAM40-50NH50,3.4320,1.0000,3.4320,1.0000,0.0000,0.00,"",86352,79023,0,ASHT-883.FOAM BLOCK--Mousse block,"",SX THEO DON HANG,0.00,47.00,2026-06-13 09:01:17.707,2026-06-15 08:47:04.800,2026-06-13 00:00:00.000,2026-06-15 00:00:00.000,KK0009.06/26,XB0032.06/26,0,"",""
FB00091,A0200003701271PX,TP20,SPM146,DCM07,1960.00,2060.00,850.00,tấm,"1800091200001468144007",A0200001468144WO,A0200000404897WO,WB2606-0011,CAM40-50N ĐEN,CAM40-50NH50,CAM40-50N,H50,"",M7,CAM40-50NH50,3.4320,1.0000,3.4320,1.0000,0.0000,0.00,"",86352,79023,0,ASHT-883.FOAM BLOCK--Mousse block,"",SX THEO DON HANG,0.00,47.00,2026-06-13 09:01:17.737,2026-06-15 08:47:04.783,2026-06-13 00:00:00.000,2026-06-15 00:00:00.000,KK0009.06/26,XB0032.06/26,0,"",""
FB00091,A0200003701269PX,TP20,SPM146,DCM07,1960.00,2060.00,840.00,tấm,"1800091200001468144008",A0200001468144WO,A0200000404897WO,WB2606-0011,CAM40-50N ĐEN,CAM40-50NH50,CAM40-50N,H50,"",M7,CAM40-50NH50,3.3920,1.0000,3.3920,1.0000,0.0000,0.00,"",86352,79023,0,ASHT-883.FOAM BLOCK--Mousse block,"",SX THEO DON HANG,0.00,47.00,2026-06-13 09:01:17.753,2026-06-15 08:47:04.760,2026-06-13 00:00:00.000,2026-06-15 00:00:00.000,KK0009.06/26,XB0032.06/26,0,"",""
FB00091,A0200003701268PX,TP20,SPM146,DCM07,1990.00,2060.00,840.00,tấm,"1800091200001468144009",A0200001468144WO,A0200000404897WO,WB2606-0011,CAM40-50N ĐEN,CAM40-50NH50,CAM40-50N,H50,"",M7,CAM40-50NH50,3.4430,1.0000,3.4430,1.0000,0.0000,0.00,"",86352,79023,0,ASHT-883.FOAM BLOCK--Mousse block,"",SX THEO DON HANG,0.00,47.00,2026-06-13 09:01:17.770,2026-06-15 08:47:04.743,2026-06-13 00:00:00.000,2026-06-15 00:00:00.000,KK0009.06/26,XB0032.06/26,0,"",""
FB00091,A0200003709011PX,TP20,SPM146,DCM07,1570.00,2060.00,730.00,tấm,"1800091200001468482001",A0200001468482WO,A0200000405046WO,WB2606-0013,CAM40-50N ĐEN,CAM40-50NH50,CAM40-50N,H50,"",M7,CAM40-50NH50,2.3610,1.0000,2.3610,1.0000,0.0000,0.00,"",86352,79023,0,"","",SX THEO DON HANG,0.00,699.00,2026-06-15 12:45:00.030,2026-07-14 15:37:03.263,2026-06-15 00:00:00.000,2026-07-14 00:00:00.000,KK0010.06/26,XB0029.07/26,0,"",""
FB00091,A0200003706341PX,TP20,SPM146,DCM07,1970.00,2050.00,690.00,tấm,"1800091200001469288001",A0200001469288WO,A0200000405264WO,WB2606-0019,CAM40-50N ĐEN,CAM40-50NH50,CAM40-50N,H50,"",M7,CAM40-50NH50,2.7870,1.0000,2.7870,1.0000,0.0000,0.00,"",86352,79023,0,ASHT-888.FOAM BLOCK--Mousse block,"",SX THEO ĐƠN HÀNG,0.00,313.00,2026-06-19 13:02:46.343,2026-07-02 14:37:45.813,2026-06-19 00:00:00.000,2026-06-26 00:00:00.000,KK0013.06/26,XB0055.06/26,0,"",""
FB00091,A0200003703406PX,TP20,SPM146,DCM07,1950.00,2050.00,900.00,tấm,"1800091200001469288002",A0200001469288WO,A0200000405264WO,WB2606-0019,CAM40-50N ĐEN,CAM40-50NH50,CAM40-50N,H50,"",M7,CAM40-50NH50,3.5980,1.0000,3.5980,1.0000,0.0000,0.00,"",86352,79023,0,ASHT-888.FOAM BLOCK--Mousse block,"",SX THEO ĐƠN HÀNG,0.00,98.00,2026-06-19 13:02:47.567,2026-06-23 15:29:19.900,2026-06-19 00:00:00.000,2026-06-23 00:00:00.000,KK0013.06/26,XB0051.06/26,0,"",""
FB00091,A0200003703408PX,TP20,SPM146,DCM07,1960.00,2050.00,900.00,tấm,"1800091200001469288003",A0200001469288WO,A0200000405264WO,WB2606-0019,CAM40-50N ĐEN,CAM40-50NH50,CAM40-50N,H50,"",M7,CAM40-50NH50,3.6160,1.0000,3.6160,1.0000,0.0000,0.00,"",86352,79023,0,ASHT-888.FOAM BLOCK--Mousse block,"",SX THEO ĐƠN HÀNG,0.00,98.00,2026-06-19 13:02:47.557,2026-06-23 15:29:19.917,2026-06-19 00:00:00.000,2026-06-23 00:00:00.000,KK0013.06/26,XB0051.06/26,0,"",""
FB00091,A0200003703409PX,TP20,SPM146,DCM07,1950.00,2050.00,860.00,tấm,"1800091200001469288004",A0200001469288WO,A0200000405264WO,WB2606-0019,CAM40-50N ĐEN,CAM40-50NH50,CAM40-50N,H50,"",M7,CAM40-50NH50,3.4380,1.0000,3.4380,1.0000,0.0000,0.00,"",86352,79023,0,ASHT-888.FOAM BLOCK--Mousse block,"",SX THEO ĐƠN HÀNG,0.00,98.00,2026-06-19 13:02:47.560,2026-06-23 15:29:19.927,2026-06-19 00:00:00.000,2026-06-23 00:00:00.000,KK0013.06/26,XB0051.06/26,0,"",""
FB00091,A0200003709259PX,TP20,SPM146,DCM07,1960.00,2050.00,900.00,tấm,"1800091200001469288005",A0200001469288WO,A0200000405264WO,WB2606-0019,CAM40-50N ĐEN,CAM40-50NH50,CAM40-50N,H50,"",M7,CAM40-50NH50,7.2320,2.0000,3.6160,1.0000,3.6160,1.00,"",86352,79023,0,ASHT-888.FOAM BLOCK--Mousse block,"",SX THEO ĐƠN HÀNG,0.00,627.00,2026-06-19 13:02:47.580,2026-07-15 16:06:57.520,2026-07-15 00:00:00.000,2026-07-15 00:00:00.000,XB0033.07/26,XB0033.07/26,0,"",RedColor
FB00091,A0200003703407PX,TP20,SPM146,DCM07,1970.00,2050.00,900.00,tấm,"1800091200001469288006",A0200001469288WO,A0200000405264WO,WB2606-0019,CAM40-50N ĐEN,CAM40-50NH50,CAM40-50N,H50,"",M7,CAM40-50NH50,3.6350,1.0000,3.6350,1.0000,0.0000,0.00,"",86352,79023,0,ASHT-888.FOAM BLOCK--Mousse block,"",SX THEO ĐƠN HÀNG,0.00,98.00,2026-06-19 13:02:47.563,2026-06-23 15:29:19.910,2026-06-19 00:00:00.000,2026-06-23 00:00:00.000,KK0013.06/26,XB0051.06/26,0,"",""
FB00091,A0200003703404PX,TP20,SPM146,DCM07,1950.00,2050.00,900.00,tấm,"1800091200001469288007",A0200001469288WO,A0200000405264WO,WB2606-0019,CAM40-50N ĐEN,CAM40-50NH50,CAM40-50N,H50,"",M7,CAM40-50NH50,3.5980,1.0000,3.5980,1.0000,0.0000,0.00,"",86352,79023,0,ASHT-888.FOAM BLOCK--Mousse block,"",SX THEO ĐƠN HÀNG,0.00,98.00,2026-06-19 13:02:47.573,2026-06-23 15:29:19.870,2026-06-19 00:00:00.000,2026-06-23 00:00:00.000,KK0013.06/26,XB0051.06/26,0,"",""
FB00091,A0200003703405PX,TP20,SPM146,DCM07,1980.00,2050.00,900.00,tấm,"1800091200001469288008",A0200001469288WO,A0200000405264WO,WB2606-0019,CAM40-50N ĐEN,CAM40-50NH50,CAM40-50N,H50,"",M7,CAM40-50NH50,3.6530,1.0000,3.6530,1.0000,0.0000,0.00,"",86352,79023,0,ASHT-888.FOAM BLOCK--Mousse block,"",SX THEO ĐƠN HÀNG,0.00,98.00,2026-06-19 13:02:47.570,2026-06-23 15:29:19.893,2026-06-19 00:00:00.000,2026-06-23 00:00:00.000,KK0013.06/26,XB0051.06/26,0,"",""
FB00091,A0200003709258PX,TP20,SPM146,DCM07,1960.00,2050.00,870.00,tấm,"1800091200001469288009",A0200001469288WO,A0200000405264WO,WB2606-0019,CAM40-50N ĐEN,CAM40-50NH50,CAM40-50N,H50,"",M7,CAM40-50NH50,6.9920,2.0000,3.4960,1.0000,3.4960,1.00,"",86352,79023,0,ASHT-888.FOAM BLOCK--Mousse block,"",SX THEO ĐƠN HÀNG,0.00,627.00,2026-06-19 13:02:47.583,2026-07-15 16:06:57.517,2026-07-15 00:00:00.000,2026-07-15 00:00:00.000,XB0033.07/26,XB0033.07/26,0,"",RedColor
FB00092,A0200003703045PX,TP20,"","",1450.00,2060.00,750.00,tấm,"1800092200001383900001",A0200001383900WO,A0200000371128WO,WB2504-0040,CAM36-50N,"","","","","","",4.4806,2.0000,2.2403,1.0000,2.2403,1.00,"",100437,79023,0,T,"",SX DU,0.00,0.00,2026-06-22 16:27:11.233,2026-06-22 16:27:25.847,2026-06-22 00:00:00.000,2026-06-22 00:00:00.000,XB0048.06/26,XB0048.06/26,0,"",""
FB00092,A0200003709254PX,TP20,"","",1960.00,2070.00,790.00,tấm,"1800092200001399587003",A0200001399587WO,A0200000376165WO,WB2507-0030,CAM36-50N,"","","","","","",6.4104,2.0000,3.2052,1.0000,3.2052,1.00,"",100437,79023,0,ASHT-860.R0-MV-Mousse tấm/Chai chỉ cắt tấm,Chai ,"",0.00,1.00,2026-07-15 15:32:37.930,2026-07-15 16:06:57.467,2026-07-15 00:00:00.000,2026-07-15 00:00:00.000,XB0033.07/26,XB0033.07/26,0,"",""
FB00092,A0200003709255PX,TP20,"","",1960.00,2070.00,790.00,tấm,"1800092200001399587005",A0200001399587WO,A0200000376165WO,WB2507-0030,CAM36-50N,"","","","","","",6.4104,2.0000,3.2052,1.0000,3.2052,1.00,"",100437,79023,0,ASHT-860.R0-MV-Mousse tấm/Chai chỉ cắt tấm,Chai ,"",0.00,1.00,2026-07-15 15:32:37.930,2026-07-15 16:06:57.470,2026-07-15 00:00:00.000,2026-07-15 00:00:00.000,XB0033.07/26,XB0033.07/26,0,"",""
FB00092,A0200003706385PX,TP20,"","",1960.00,2070.00,790.00,tấm,"1800092200001399587008",A0200001399587WO,A0200000376165WO,WB2507-0030,CAM36-50N,"","","","",M7,"",3.2052,1.0000,3.2052,1.0000,0.0000,0.00,"",100437,79023,0,ASHT-860.R0-MV-Mousse tấm/Chai chỉ cắt tấm,"","",0.00,8396.00,2025-07-18 13:22:47.143,2026-07-03 09:49:03.210,2026-05-31 00:00:00.000,2026-07-03 00:00:00.000,TONKHO,XB0006.07/26,0,"",""
FB00092,A0200003703044PX,TP20,"","",1650.00,2070.00,780.00,tấm,"1800092200001400317001",A0200001400317WO,A0200000376282WO,WB2507-0032,CAM36-50N,"","","","","","",5.3282,2.0000,2.6641,1.0000,2.6641,1.00,"",100437,79023,0,Q/GRH-068--Mousse tấm,"",SX DU,0.00,0.00,2026-06-22 16:27:11.233,2026-06-22 16:27:25.843,2026-06-22 00:00:00.000,2026-06-22 00:00:00.000,XB0048.06/26,XB0048.06/26,0,"",""
FB00092,A0200003709758PX,TP20,"","",1960.00,2070.00,790.00,tấm,"1800092200001420041001",A0200001420041WO,A0200000387809WO,WB2510-0037,CAM36-50N,"","","","","","",6.4104,2.0000,3.2052,1.0000,3.2052,1.00,"",100437,79023,0,ASHT-872-B.R0--Mousse tấm,"","",0.00,45.00,2026-07-15 15:32:37.930,2026-07-17 12:51:28.973,2026-07-15 00:00:00.000,2026-07-15 00:00:00.000,XB0033.07/26,XB0033.07/26,0,"",""
FB00092,A0200003703042PX,TP20,"","",970.00,2070.00,600.00,tấm,"1800092200001422021001",A0200001422021WO,A0200000389394WO,WB2510-0042,CAM36-50N,"","","","","","",2.4094,2.0000,1.2047,1.0000,1.2047,1.00,"",100437,79023,0,"","",SX DU,0.00,0.00,2026-06-22 16:27:11.233,2026-06-22 16:27:25.813,2026-06-22 00:00:00.000,2026-06-22 00:00:00.000,XB0048.06/26,XB0048.06/26,0,"",""
FB00092,A0200003703043PX,TP20,"","",1360.00,2060.00,700.00,tấm,"1800092200001434340001",A0200001434340WO,A0200000393389WO,WB2512-0035,CAM36-50N,"","","","","","",3.9222,2.0000,1.9611,1.0000,1.9611,1.00,"",100437,79023,0,BOSUNGTEM-12-24,"",SX DU,0.00,0.00,2026-06-22 16:27:11.233,2026-06-22 16:27:25.827,2026-06-22 00:00:00.000,2026-06-22 00:00:00.000,XB0048.06/26,XB0048.06/26,0,"",""
FB00093,A0200003709765PX,TP20,"","",1000.00,2080.00,700.00,tấm,"1800093200001417895001",A0200001417895WO,A0200000387065WO,WB2510-0021,GAM36-30N,"","","","","","",2.9120,2.0000,1.4560,1.0000,1.4560,1.00,"",100455,79023,0,T,"","",0.00,45.00,2026-07-15 15:32:37.930,2026-07-17 12:51:29.103,2026-07-15 00:00:00.000,2026-07-15 00:00:00.000,XB0033.07/26,XB0033.07/26,0,"",""
FB00093,A0200003709762PX,TP20,"","",1990.00,2060.00,880.00,tấm,"1800093200001429109003",A0200001429109WO,A0200000391633WO,WB2512-0001,GAM36-30N,"","","","","","",7.2150,2.0000,3.6075,1.0000,3.6075,1.00,"",100455,79023,0,ASHT-877.R0--Mousse tấm,"","",0.00,45.00,2026-07-15 15:32:37.930,2026-07-17 12:51:29.047,2026-07-15 00:00:00.000,2026-07-15 00:00:00.000,XB0033.07/26,XB0033.07/26,0,"",""
FB00093,A0200003711615PX,TP24NEM,"","",1990.00,2060.00,880.00,tấm,"1800093200001429109003",A0200001458940WO,A0200000401865WO,WB2604-0029,GAM36-30N,"","","","","","",0.0000,0.0000,3.6070,1.0000,-3.6070,-1.00,"",100455,79023,0,ASHT-877.R0--Mousse tấm,"","",0.00,,,2026-07-22 11:29:49.900,,2026-07-22 00:00:00.000,,XB0051.07/26,0,"",""
FB00093,A0200003709761PX,TP20,"","",1950.00,2060.00,880.00,tấm,"1800093200001429110002",A0200001429110WO,A0200000391633WO,WB2512-0001,GAM36-30N,"","","","","","",7.0700,2.0000,3.5350,1.0000,3.5350,1.00,"",100455,79023,0,ASHT-876.R0--Mousse tấm/GRH-070--Mousse tấm,"","",0.00,45.00,2026-07-15 15:32:37.930,2026-07-17 12:51:29.043,2026-07-15 00:00:00.000,2026-07-15 00:00:00.000,XB0033.07/26,XB0033.07/26,0,"",""
FB00093,A0200003711614PX,TP24NEM,"","",1950.00,2060.00,880.00,tấm,"1800093200001429110002",A0200001458940WO,A0200000401865WO,WB2604-0029,GAM36-30N,"","","","","","",0.0000,0.0000,3.5350,1.0000,-3.5350,-1.00,"",100455,79023,0,ASHT-876.R0--Mousse tấm,"","",0.00,,,2026-07-22 11:29:49.897,,2026-07-22 00:00:00.000,,XB0051.07/26,0,"",""
FB00093,A0200003709763PX,TP20,"","",2250.00,2060.00,780.00,tấm,"1800093200001430590001",A0200001430590WO,A0200000391633WO,WB2512-0001,GAM36-30N,"","","","","","",7.2306,2.0000,3.6153,1.0000,3.6153,1.00,"",100455,79023,0,ĐỔ DƯ/GRH-068--Mousse tấm,"","",0.00,45.00,2026-07-15 15:32:37.930,2026-07-17 12:51:29.073,2026-07-15 00:00:00.000,2026-07-15 00:00:00.000,XB0033.07/26,XB0033.07/26,0,"",""
FB00093,A0200003709764PX,TP20,"","",1370.00,2060.00,710.00,tấm,"1800093200001430591001",A0200001430591WO,A0200000391633WO,WB2512-0001,GAM36-30N,"","","","","","",4.0076,2.0000,2.0038,1.0000,2.0038,1.00,"",100455,79023,0,ĐỔ DƯ,"","",0.00,45.00,2026-07-15 15:32:37.930,2026-07-17 12:51:29.077,2026-07-15 00:00:00.000,2026-07-15 00:00:00.000,XB0033.07/26,XB0033.07/26,0,"",""
FB00093,A0200003711385PX,TP20,"","",1540.00,2060.00,850.00,tấm,"1800093200001470972001",A0200001458940WO,A0200000401865WO,WB2604-0029,GAM36-30N,"","","","",M7,"",0.0000,0.0000,2.6970,1.0000,-2.6970,-1.00,"",100455,79023,0,ASHT-890.R0--Mousse tấm,"","",0.00,,,2026-07-22 10:55:20.170,,2026-07-22 00:00:00.000,,XB0048.07/26,0,"",""
FB00093,A0200003705272PN,TP20,"","",1540.00,2060.00,850.00,tấm,"1800093200001470972001",A0200001470972WO,A0200000405830WO,WB2606-0029,GAM36-30N,"","","","",M7,"",2.6970,1.0000,0.0000,0.0000,2.6970,1.00,"",100455,79023,0,ASHT-890.R0--Mousse tấm,"",SX THEO ĐƠN HÀNG,0.00,570.00,2026-06-29 15:45:48.840,,2026-06-29 00:00:00.000,,KK0020.06/26,,0,"",""
FB00093,A0200003711386PX,TP20,"","",1520.00,2060.00,850.00,tấm,"1800093200001470972002",A0200001458940WO,A0200000401865WO,WB2604-0029,GAM36-30N,"","","","",M7,"",0.0000,0.0000,2.6620,1.0000,-2.6620,-1.00,"",100455,79023,0,ASHT-890.R0--Mousse tấm,"","",0.00,,,2026-07-22 10:55:20.177,,2026-07-22 00:00:00.000,,XB0048.07/26,0,"",""
FB00093,A0200003705273PN,TP20,"","",1520.00,2060.00,850.00,tấm,"1800093200001470972002",A0200001470972WO,A0200000405830WO,WB2606-0029,GAM36-30N,"","","","",M7,"",2.6620,1.0000,0.0000,0.0000,2.6620,1.00,"",100455,79023,0,ASHT-890.R0--Mousse tấm,"",SX THEO ĐƠN HÀNG,0.00,570.00,2026-06-29 15:45:48.843,,2026-06-29 00:00:00.000,,KK0020.06/26,,0,"",""
FB00093,A0200003711389PX,TP20,"","",1540.00,2060.00,760.00,tấm,"1800093200001470972003",A0200001458940WO,A0200000401865WO,WB2604-0029,GAM36-30N,"","","","",M7,"",0.0000,0.0000,2.4110,1.0000,-2.4110,-1.00,"",100455,79023,0,ASHT-890.R0--Mousse tấm,"","",0.00,,,2026-07-22 10:55:20.200,,2026-07-22 00:00:00.000,,XB0048.07/26,0,"",""
FB00093,A0200003705276PN,TP20,"","",1540.00,2060.00,760.00,tấm,"1800093200001470972003",A0200001470972WO,A0200000405830WO,WB2606-0029,GAM36-30N,"","","","",M7,"",2.4110,1.0000,0.0000,0.0000,2.4110,1.00,"",100455,79023,0,ASHT-890.R0--Mousse tấm,"",SX THEO ĐƠN HÀNG,0.00,570.00,2026-06-29 15:45:48.853,,2026-06-29 00:00:00.000,,KK0020.06/26,,0,"",""
FB00093,A0200003711388PX,TP20,"","",1940.00,2060.00,850.00,tấm,"1800093200001470973001",A0200001458940WO,A0200000401865WO,WB2604-0029,GAM36-30N,"","","","",M7,"",0.0000,0.0000,3.3970,1.0000,-3.3970,-1.00,"",100455,79023,0,ASHT-890.R0--Mousse tấm,"","",0.00,,,2026-07-22 10:55:20.193,,2026-07-22 00:00:00.000,,XB0048.07/26,0,"",""
FB00093,A0200003705275PN,TP20,"","",1940.00,2060.00,850.00,tấm,"1800093200001470973001",A0200001470973WO,A0200000405830WO,WB2606-0029,GAM36-30N,"","","","",M7,"",3.3970,1.0000,0.0000,0.0000,3.3970,1.00,"",100455,79023,0,ASHT-890.R0--Mousse tấm,"",SX THEO ĐƠN HÀNG,0.00,570.00,2026-06-29 15:45:48.850,,2026-06-29 00:00:00.000,,KK0020.06/26,,0,"",""
FB00093,A0200003711387PX,TP20,"","",1940.00,2060.00,830.00,tấm,"1800093200001470973002",A0200001458940WO,A0200000401865WO,WB2604-0029,GAM36-30N,"","","","",M7,"",0.0000,0.0000,3.3170,1.0000,-3.3170,-1.00,"",100455,79023,0,ASHT-890.R0--Mousse tấm,"","",0.00,,,2026-07-22 10:55:20.183,,2026-07-22 00:00:00.000,,XB0048.07/26,0,"",""
FB00093,A0200003705274PN,TP20,"","",1940.00,2060.00,830.00,tấm,"1800093200001470973002",A0200001470973WO,A0200000405830WO,WB2606-0029,GAM36-30N,"","","","",M7,"",3.3170,1.0000,0.0000,0.0000,3.3170,1.00,"",100455,79023,0,ASHT-890.R0--Mousse tấm,"",SX THEO ĐƠN HÀNG,0.00,570.00,2026-06-29 15:45:48.847,,2026-06-29 00:00:00.000,,KK0020.06/26,,0,"",""
FB00095,A0200003710045PX,TP20,"","",2100.00,2050.00,800.00,tấm,"1800095200001443670001",A0200001443670WO,A0200000396149WO,WB2601-0041,GAM30-50N,"","","","",M7,"",3.4440,1.0000,3.4440,1.0000,0.0000,0.00,"",89439,79023,0,Tem ghi GAM30-50N,"","",0.00,3989.00,2026-02-02 09:17:06.670,2026-07-18 14:17:38.750,2026-05-31 00:00:00.000,2026-07-17 00:00:00.000,TONKHO,XB0037.07/26,0,"",""
FB00095,A0200003705280PX,TP20,"","",2110.00,2060.00,870.00,tấm,"1800095200001470974001",A0200001470974WO,A0200000405830WO,WB2606-0029,GAM30-50N,"","","","",M7,"",3.7820,1.0000,3.7820,1.0000,0.0000,0.00,"",89439,79023,0,MINH HẠO-MH 13-1/6/26-Memory,"",SX THEO ĐƠN HÀNG,0.00,0.00,2026-06-29 15:45:48.810,2026-06-29 15:54:30.770,2026-06-29 00:00:00.000,2026-06-29 00:00:00.000,KK0020.06/26,XB0062.06/26,0,"",""
FB00095,A0200003705281PX,TP20,"","",2090.00,2060.00,850.00,tấm,"1800095200001470974002",A0200001470974WO,A0200000405830WO,WB2606-0029,GAM30-50N,"","","","",M7,"",3.6600,1.0000,3.6600,1.0000,0.0000,0.00,"",89439,79023,0,MINH HẠO-MH 13-1/6/26-Memory,"",SX THEO ĐƠN HÀNG,0.00,0.00,2026-06-29 15:45:48.813,2026-06-29 15:54:30.830,2026-06-29 00:00:00.000,2026-06-29 00:00:00.000,KK0020.06/26,XB0062.06/26,0,"",""
FB00095,A0200003705277PX,TP20,"","",2100.00,2060.00,740.00,tấm,"1800095200001470975001",A0200001470975WO,A0200000405830WO,WB2606-0029,GAM30-50N,"","","","",M7,"",3.2010,1.0000,3.2010,1.0000,0.0000,0.00,"",89439,79023,0,MINH HẠO-MH 13-1/6/26-Memory,"",SX THEO ĐƠN HÀNG,0.00,0.00,2026-06-29 15:45:48.783,2026-06-29 15:54:29.220,2026-06-29 00:00:00.000,2026-06-29 00:00:00.000,KK0020.06/26,XB0062.06/26,0,"",""
FB00095,A0200003705278PX,TP20,"","",2110.00,2060.00,780.00,tấm,"1800095200001470976001",A0200001470976WO,A0200000405830WO,WB2606-0029,GAM30-50N,"","","","",M7,"",3.3900,1.0000,3.3900,1.0000,0.0000,0.00,"",89439,79023,0,MINH HẠO-MH 13-1/6/26-Memory,"",SX THEO ĐƠN HÀNG,0.00,0.00,2026-06-29 15:45:48.803,2026-06-29 15:54:30.483,2026-06-29 00:00:00.000,2026-06-29 00:00:00.000,KK0020.06/26,XB0062.06/26,0,"",""
FB00095,A0200003709676PX,TP20,"","",2110.00,2060.00,830.00,tấm,"1800095200001470976002",A0200001470976WO,A0200000405830WO,WB2606-0029,GAM30-50N,"","","","",M7,"",3.6080,1.0000,3.6080,1.0000,0.0000,0.00,"",89439,79023,0,MINH HẠO-MH 13-1/6/26-Memory,"",SX THEO ĐƠN HÀNG,0.00,427.00,2026-06-29 15:45:48.807,2026-07-17 10:17:28.433,2026-06-29 00:00:00.000,2026-07-17 00:00:00.000,KK0020.06/26,XB0037.07/26,0,"",""
FB00095,A0200003709677PX,TP20,"","",2100.00,2060.00,680.00,tấm,"1800095200001471934001",A0200001471934WO,A0200000406167WO,WB2606-0035,GAM30-50N,"","","","",M7,"",2.9420,1.0000,2.9420,1.0000,0.0000,0.00,"",89439,79023,0,"","",SX DƯ,0.00,409.00,2026-06-30 09:03:35.447,2026-07-17 10:17:28.443,2026-06-30 00:00:00.000,2026-07-17 00:00:00.000,KK0021.06/26,XB0037.07/26,0,"",""
FB00095,A0200003709675PX,TP20,"","",2130.00,2060.00,700.00,tấm,"1800095200001471935001",A0200001471935WO,A0200000406167WO,WB2606-0035,GAM30-50N,"","","","",M7,"",3.0710,1.0000,3.0710,1.0000,0.0000,0.00,"",89439,79023,0,"","",SX DƯ,0.00,409.00,2026-06-30 09:03:35.440,2026-07-17 10:17:28.413,2026-06-30 00:00:00.000,2026-07-17 00:00:00.000,KK0021.06/26,XB0037.07/26,0,"",""
FB00095,A0200003711767PN,TP20,"","",2100.00,2100.00,900.00,tấm,"1800095200001475917001",A0200001458940WO,A0200000401865WO,WB2604-0029,GAM30-50N,"","","","",M7,"",3.9690,1.0000,0.0000,0.0000,3.9690,1.00,"",89439,79023,0,MINH HẠO-MH 8-1.7.26 MT-3-GAM,"",SX THEO ĐƠN HÀNG,0.00,17.00,2026-07-22 16:10:46.310,,2026-07-22 00:00:00.000,,KK0017.07/26,,0,"",""
FB00095,A0200003711768PN,TP20,"","",2100.00,2100.00,800.00,tấm,"1800095200001475917002",A0200001458940WO,A0200000401865WO,WB2604-0029,GAM30-50N,"","","","",M7,"",3.5280,1.0000,0.0000,0.0000,3.5280,1.00,"",89439,79023,0,MINH HẠO-MH 8-1.7.26 MT-3-GAM,"",SX THEO ĐƠN HÀNG,0.00,17.00,2026-07-22 16:10:46.317,,2026-07-22 00:00:00.000,,KK0017.07/26,,0,"",""
FB00102,A0200003711003PX,TP20,"","",1340.00,2040.00,940.00,tấm,"1800100200001350546001","","","",IEF32-H55,"","","","","","",5.1392,2.0000,2.5696,1.0000,2.5696,1.00,"",90781,79023,0,Nứt,Nứt,"",0.00,0.00,2026-07-22 09:48:33.690,2026-07-22 09:48:34.523,2026-07-15 00:00:00.000,2026-07-15 00:00:00.000,XB0047.07/26,XB0047.07/26,0,"",""
FB00102,A0200003711002PX,TP20,"","",2140.00,1960.00,600.00,tấm,"1800100200001368190001",A0200001368190WO,A0200000364679WO,WB2502-0004,IEF32-H55,"","","","","","",5.0332,2.0000,2.5166,1.0000,2.5166,1.00,"",90781,79023,0,Nứt,Nứt,"",0.00,0.00,2026-07-22 09:48:33.690,2026-07-22 09:48:34.480,2026-07-15 00:00:00.000,2026-07-15 00:00:00.000,XB0047.07/26,XB0047.07/26,0,"",""
FB00104,A0200003704000PX,TP20,"","",2210.00,1990.00,1120.00,tấm,"1800102200001447879002",A0200001447879WO,A0200000397355WO,WB2602-0023,IFD26-H55,"","","","",B25,"",4.9256,1.0000,4.9257,1.0000,-0.0001,0.00,"",99311,79023,0,BINH BFC-BFC-5393HVS0025,"","",0.00,2762.00,2026-03-02 09:38:45.917,2026-06-25 11:14:20.750,2026-05-31 00:00:00.000,2026-06-25 00:00:00.000,TONKHO,XB0054.06/26,0,"",""
FB00104,A0200003703999PX,TP20,"","",2040.00,1990.00,1120.00,tấm,"1800102200001447880002",A0200001447880WO,A0200000397355WO,WB2602-0023,IFD26-H55,"","","","",B25,"",4.5468,1.0000,4.5468,1.0000,0.0000,0.00,"",99311,79023,0,BINH BFC-BFC-5393HVS0025/BINH BFC-BFC-5560HVS0025-21/5,"","",0.00,2762.00,2026-03-02 09:38:45.893,2026-06-25 11:14:20.730,2026-05-31 00:00:00.000,2026-06-25 00:00:00.000,TONKHO,XB0054.06/26,0,"",""
FB00105,A0200003699506PX,TP20,"","",1840.00,2050.00,860.00,tấm,"1800105200001375685001",A0200001375685WO,A0200000368373WO,WB2503-0050,GAM25-50N,"","","","",XD,"",3.2439,1.0000,3.2439,1.0000,0.0000,0.00,"",99683,79023,0,Dự trù TKN+Ecom,"","",0.00,10658.00,2025-03-17 12:44:02.563,2026-06-04 14:08:44.767,2026-05-31 00:00:00.000,2026-06-04 00:00:00.000,TONKHO,XB0012.06/26,0,"",""
FB00105,A0200003703057PX,TP20,"","",1830.00,2050.00,860.00,tấm,"1800105200001375685005",A0200001375685WO,A0200000368373WO,WB2503-0050,GAM25-50N,"","","","","","",6.4526,2.0000,3.2263,1.0000,3.2263,1.00,"",99683,79023,0,Dự trù TKN+Ecom,"",SX DU,0.00,0.00,2026-06-22 16:27:11.233,2026-06-22 16:27:25.990,2026-06-22 00:00:00.000,2026-06-22 00:00:00.000,XB0048.06/26,XB0048.06/26,0,"",""
FB00105,A0200003703056PX,TP20,"","",1000.00,2070.00,880.00,tấm,"1800105200001415287002",A0200001415287WO,A0200000386339WO,WB2510-0001,GAM25-50N,"","","","","","",3.6432,2.0000,1.8216,1.0000,1.8216,1.00,"",99683,79023,0,ASHT-881.R1--Mousse tấm,"",SX DU,0.00,0.00,2026-06-22 16:27:11.233,2026-06-22 16:27:25.983,2026-06-22 00:00:00.000,2026-06-22 00:00:00.000,XB0048.06/26,XB0048.06/26,0,"",""
FB00106,A0200003709253PX,TP20,"","",1560.00,2070.00,830.00,tấm,"1800106200001395676007",A0200001395676WO,A0200000374976WO,WB2506-0034,CAM36-30N,"","","","","","",5.3604,2.0000,2.6802,1.0000,2.6802,1.00,"",100454,79023,0,ASHT-856.R0-MV-RÁCH/RÁCH,Rách,"",0.00,1.00,2026-07-15 15:32:37.930,2026-07-15 16:06:56.177,2026-07-15 00:00:00.000,2026-07-15 00:00:00.000,XB0033.07/26,XB0033.07/26,0,"",""
FB00106,A0200003703254PX,TP20,"","",1400.00,2050.00,760.00,tấm,"1800106200001409342001",A0200001409342WO,A0200000380582WO,WB2509-0001,CAM36-30N,"","","","","","",4.3624,2.0000,2.1812,1.0000,2.1812,1.00,"",100454,79023,0,ASHT-866.R0--Mousse tấm,"",SX DU,0.00,17.00,2026-06-22 16:27:11.233,2026-06-23 09:08:03.923,2026-06-22 00:00:00.000,2026-06-22 00:00:00.000,XB0048.06/26,XB0048.06/26,0,"",""
FB00106,A0200003709338PX,TP20,"","",1840.00,2050.00,790.00,tấm,"1800106200001409343001",A0200001409343WO,A0200000380582WO,WB2509-0001,CAM36-30N,"","","","","","",5.9598,2.0000,2.9799,1.0000,2.9799,1.00,"",100454,79023,0,GRH-066--Mousse tấm/GRH-070--Mousse tấm,"","",0.00,1.00,2026-07-15 15:32:37.930,2026-07-15 16:31:55.223,2026-07-15 00:00:00.000,2026-07-15 00:00:00.000,XB0033.07/26,XB0033.07/26,0,"",""
FB00106,A0200003709248PX,TP20,"","",1960.00,2050.00,790.00,tấm,"1800106200001441843001",A0200001441843WO,A0200000395685WO,WB2601-0034,CAM36-30N,"","","","","","",6.3484,2.0000,3.1742,1.0000,3.1742,1.00,"",100454,79023,0,ASHT-877.R1--Mousse block,"","",0.00,0.00,2026-07-15 15:32:37.930,2026-07-15 15:32:38.603,2026-07-15 00:00:00.000,2026-07-15 00:00:00.000,XB0033.07/26,XB0033.07/26,0,"",""
FB00106,A0200003709249PX,TP20,"","",1990.00,2050.00,990.00,tấm,"1800106200001441843003",A0200001441843WO,A0200000395685WO,WB2601-0034,CAM36-30N,"","","","","","",8.0774,2.0000,4.0387,1.0000,4.0387,1.00,"",100454,79023,0,RÁCH SX TRẢ/RÁCH SX TRẢ,Rách,"",0.00,0.00,2026-07-15 15:32:37.930,2026-07-15 15:32:39.853,2026-07-15 00:00:00.000,2026-07-15 00:00:00.000,XB0033.07/26,XB0033.07/26,0,"",""
FB00106,A0200003703041PX,TP20,"","",1560.00,2050.00,800.00,tấm,"1800106200001442833001",A0200001442833WO,A0200000395915WO,WB2601-0036,CAM36-30N,"","","","","","",5.1168,2.0000,2.5584,1.0000,2.5584,1.00,"",100454,79023,0,"","",SX DU,0.00,0.00,2026-06-22 16:27:11.233,2026-06-22 16:27:24.573,2026-06-22 00:00:00.000,2026-06-22 00:00:00.000,XB0048.06/26,XB0048.06/26,0,"",""
FB00107,A0200003709286PX,TP20,"","",2150.00,2060.00,480.00,tấm,"1800107200001434338001",A0200001434338WO,A0200000393389WO,WB2512-0035,NAM36-50N,"","","","","","",4.2518,2.0000,2.1259,1.0000,2.1259,1.00,"",100456,79023,0,RÁCH/RÁCH,Rách,"",0.00,1.00,2026-07-15 15:32:37.930,2026-07-15 16:06:57.907,2026-07-15 00:00:00.000,2026-07-15 00:00:00.000,XB0033.07/26,XB0033.07/26,0,"",""
FB00108,A0200003700568PX,TP20,SPM556,DCM08,2140.00,2040.00,980.00,tấm,"1800108200001455968001",A0200001455968WO,A0200000400830WO,WB2604-0005,IFD18-H55,IFD18-H55H55,IFD18-H55,H55,"",B8,IFD18-H55H55,4.2783,1.0000,4.2783,1.0000,0.0000,0.00,"",101648,79023,0,JANG IN-JI-260525-4-15/6,"","",0.00,1632.00,2026-04-04 11:59:32.197,2026-06-11 11:10:25.297,2026-05-31 00:00:00.000,2026-06-10 00:00:00.000,TONKHO,XB0024.06/26,0,"",""
FB00108,A0200003700445PX,TP20,SPM556,DCM08,1810.00,2150.00,980.00,tấm,"1800108200001461417001",A0200001461417WO,A0200000402723WO,WB2605-0004,IFD18-H55,IFD18-H55H55,IFD18-H55,H55,"",A5,IFD18-H55H55,3.8137,1.0000,3.8137,1.0000,0.0000,0.00,"",101648,79023,0,"","","",0.00,792.00,2026-05-08 14:18:33.030,2026-06-10 14:39:45.017,2026-05-31 00:00:00.000,2026-06-10 00:00:00.000,TONKHO,XB0024.06/26,0,"",""
FB00108,A0200003699500PX,TP20,SPM556,DCM08,2230.00,1910.00,1200.00,tấm,"1800108200001463426001",A0200001463426WO,A0200000403258WO,WB2605-0016,IFD18-H55,IFD18-H55H55,IFD18-H55,H55,"",B11,IFD18-H55H55,5.1112,1.0000,5.1112,1.0000,0.0000,0.00,"",101648,79023,0,HÀ KHANG-HK-PO DT,"","",0.00,484.00,2026-05-15 10:54:12.137,2026-06-04 14:05:11.707,2026-05-31 00:00:00.000,2026-06-04 00:00:00.000,TONKHO,XB0011.06/26,0,"",""
FB00108,A0200003699477PX,TP20,SPM556,DCM08,2350.00,1910.00,940.00,tấm,"1800108200001463665001",A0200001463665WO,A0200000403342WO,WB2605-0017,IFD18-H55,IFD18-H55H55,IFD18-H55,H55,"",A6,IFD18-H55H55,4.2192,1.0000,4.2192,1.0000,0.0000,0.00,"",101648,79023,0,"","","",0.00,408.00,2026-05-18 11:18:53.040,2026-06-04 11:07:38.900,2026-05-31 00:00:00.000,2026-06-04 00:00:00.000,TONKHO,XB0011.06/26,0,"",""
FB00108,A0200003700681PX,TP20,SPM556,DCM08,2270.00,2140.00,1120.00,tấm,"1800108200001467296001",A0200001467296WO,A0200000404678WO,WB2606-0006,IFD18-H55,IFD18-H55H55,IFD18-H55,H55,"","1050",IFD18-H55H55,5.4410,1.0000,5.4410,1.0000,0.0000,0.00,"",101648,79023,0,HẢIĐĂNG-HĐ-0406-3,"",SX THEO DON HANG,0.00,125.00,2026-06-06 10:20:38.437,2026-06-11 15:12:48.670,2026-06-06 00:00:00.000,2026-06-11 00:00:00.000,KK0005.06/26,XB0026.06/26,0,"",""
FB00108,A0200003700680PX,TP20,SPM556,DCM08,2270.00,2140.00,1120.00,tấm,"1800108200001467296002",A0200001467296WO,A0200000404678WO,WB2606-0006,IFD18-H55,IFD18-H55H55,IFD18-H55,H55,"","1090",IFD18-H55H55,5.4410,1.0000,5.4410,1.0000,0.0000,0.00,"",101648,79023,0,HẢIĐĂNG-HĐ-0406-3,"",SX THEO DON HANG,0.00,125.00,2026-06-06 10:20:38.417,2026-06-11 15:12:48.660,2026-06-06 00:00:00.000,2026-06-11 00:00:00.000,KK0005.06/26,XB0026.06/26,0,"",""
FB00108,A0200003701025PX,TP20,SPM556,DCM08,2270.00,2140.00,1120.00,tấm,"1800108200001467296003",A0200001467296WO,A0200000404678WO,WB2606-0006,IFD18-H55,IFD18-H55H55,IFD18-H55,H55,"","1120",IFD18-H55H55,5.4410,1.0000,5.4410,1.0000,0.0000,0.00,"",101648,79023,0,HẢIĐĂNG-HĐ-0406-3,"",SX THEO DON HANG,0.00,147.00,2026-06-06 10:20:38.473,2026-06-12 13:59:20.433,2026-06-06 00:00:00.000,2026-06-12 00:00:00.000,KK0005.06/26,XB0028.06/26,0,"",""
FB00108,A0200003700462PX,TP20,SPM556,DCM08,2270.00,2140.00,1120.00,tấm,"1800108200001467297001",A0200001467297WO,A0200000404678WO,WB2606-0006,IFD18-H55,IFD18-H55H55,IFD18-H55,H55,"","1090",IFD18-H55H55,5.4410,1.0000,5.4410,1.0000,0.0000,0.00,"",101648,79023,0,HẢIĐĂNG-HĐ-0406-2,"",SX THEO DON HANG,0.00,101.00,2026-06-06 10:20:38.453,2026-06-10 15:02:35.397,2026-06-06 00:00:00.000,2026-06-10 00:00:00.000,KK0005.06/26,XB0024.06/26,0,"",""
FB00108,A0200003701024PX,TP20,SPM556,DCM08,2270.00,2140.00,1120.00,tấm,"1800108200001467297002",A0200001467297WO,A0200000404678WO,WB2606-0006,IFD18-H55,IFD18-H55H55,IFD18-H55,H55,"","1130",IFD18-H55H55,5.4410,1.0000,5.4410,1.0000,0.0000,0.00,"",101648,79023,0,HẢIĐĂNG-HĐ-0406-2,"",SX THEO DON HANG,0.00,147.00,2026-06-06 10:20:38.490,2026-06-12 13:59:20.423,2026-06-06 00:00:00.000,2026-06-12 00:00:00.000,KK0005.06/26,XB0028.06/26,0,"",""
FB00108,A0200003700448PX,TP20,SPM556,DCM08,2270.00,2140.00,1120.00,tấm,"1800108200001467297003",A0200001467297WO,A0200000404678WO,WB2606-0006,IFD18-H55,IFD18-H55H55,IFD18-H55,H55,"","1110",IFD18-H55H55,5.4410,1.0000,5.4410,1.0000,0.0000,0.00,"",101648,79023,0,HẢIĐĂNG-HĐ-0406-2,"",SX THEO DON HANG,0.00,100.00,2026-06-06 10:20:38.540,2026-06-10 14:39:45.077,2026-06-06 00:00:00.000,2026-06-10 00:00:00.000,KK0005.06/26,XB0024.06/26,0,"",""
FB00108,A0200003701023PX,TP20,SPM556,DCM08,2270.00,2140.00,1120.00,tấm,"1800108200001467298001",A0200001467298WO,A0200000404678WO,WB2606-0006,IFD18-H55,IFD18-H55H55,IFD18-H55,H55,"","1130",IFD18-H55H55,5.4410,1.0000,5.4410,1.0000,0.0000,0.00,"",101648,79023,0,HẢIĐĂNG-HĐ-0406-1,"",SX THEO DON HANG,0.00,147.00,2026-06-06 10:20:38.523,2026-06-12 13:59:20.410,2026-06-06 00:00:00.000,2026-06-12 00:00:00.000,KK0005.06/26,XB0028.06/26,0,"",""
FB00108,A0200003700682PX,TP20,SPM556,DCM08,2270.00,2140.00,1120.00,tấm,"1800108200001467298002",A0200001467298WO,A0200000404678WO,WB2606-0006,IFD18-H55,IFD18-H55H55,IFD18-H55,H55,"","1130",IFD18-H55H55,5.4410,1.0000,5.4410,1.0000,0.0000,0.00,"",101648,79023,0,HẢIĐĂNG-HĐ-0406-1,"",SX THEO DON HANG,0.00,125.00,2026-06-06 10:20:38.507,2026-06-11 15:12:48.680,2026-06-06 00:00:00.000,2026-06-11 00:00:00.000,KK0005.06/26,XB0026.06/26,0,"",""
FB00108,A0200003701027PX,TP20,SPM556,DCM08,2150.00,2140.00,1120.00,tấm,"1800108200001467299001",A0200001467299WO,A0200000404678WO,WB2606-0006,IFD18-H55,IFD18-H55H55,IFD18-H55,H55,"","1100",IFD18-H55H55,5.1530,1.0000,5.1530,1.0000,0.0000,0.00,"",101648,79023,0,HẢIĐĂNG-HĐ-0406-3,"",SX THEO DON HANG,0.00,147.00,2026-06-06 10:20:38.603,2026-06-12 13:59:20.457,2026-06-06 00:00:00.000,2026-06-12 00:00:00.000,KK0005.06/26,XB0028.06/26,0,"",""
FB00108,A0200003700684PX,TP20,SPM556,DCM08,2150.00,2140.00,1120.00,tấm,"1800108200001467299002",A0200001467299WO,A0200000404678WO,WB2606-0006,IFD18-H55,IFD18-H55H55,IFD18-H55,H55,"","1110",IFD18-H55H55,5.1530,1.0000,5.1530,1.0000,0.0000,0.00,"",101648,79023,0,HẢIĐĂNG-HĐ-0406-3,"",SX THEO DON HANG,0.00,125.00,2026-06-06 10:20:38.573,2026-06-11 15:12:48.717,2026-06-06 00:00:00.000,2026-06-11 00:00:00.000,KK0005.06/26,XB0026.06/26,0,"",""
FB00108,A0200003700446PX,TP20,SPM556,DCM08,2150.00,2140.00,1120.00,tấm,"1800108200001467299003",A0200001467299WO,A0200000404678WO,WB2606-0006,IFD18-H55,IFD18-H55H55,IFD18-H55,H55,"","1110",IFD18-H55H55,5.1530,1.0000,5.1530,1.0000,0.0000,0.00,"",101648,79023,0,HẢIĐĂNG-HĐ-0406-3,"",SX THEO DON HANG,0.00,100.00,2026-06-06 10:20:38.590,2026-06-10 14:39:45.057,2026-06-06 00:00:00.000,2026-06-10 00:00:00.000,KK0005.06/26,XB0024.06/26,0,"",""
FB00108,A0200003700449PX,TP20,SPM556,DCM08,2150.00,2140.00,1120.00,tấm,"1800108200001467299004",A0200001467299WO,A0200000404678WO,WB2606-0006,IFD18-H55,IFD18-H55H55,IFD18-H55,H55,"","1110",IFD18-H55H55,5.1530,1.0000,5.1530,1.0000,0.0000,0.00,"",101648,79023,0,HẢIĐĂNG-HĐ-0406-3,"",SX THEO DON HANG,0.00,100.00,2026-06-06 10:20:38.557,2026-06-10 14:39:45.087,2026-06-06 00:00:00.000,2026-06-10 00:00:00.000,KK0005.06/26,XB0024.06/26,0,"",""
FB00108,A0200003701029PX,TP20,SPM556,DCM08,2150.00,2140.00,1120.00,tấm,"1800108200001467299005",A0200001467299WO,A0200000404678WO,WB2606-0006,IFD18-H55,IFD18-H55H55,IFD18-H55,H55,"","1100",IFD18-H55H55,5.1530,1.0000,5.1530,1.0000,0.0000,0.00,"",101648,79023,0,HẢIĐĂNG-HĐ-0406-3,"",SX THEO DON HANG,0.00,147.00,2026-06-06 10:20:38.637,2026-06-12 13:59:20.480,2026-06-06 00:00:00.000,2026-06-12 00:00:00.000,KK0005.06/26,XB0028.06/26,0,"",""
FB00108,A0200003700679PX,TP20,SPM556,DCM08,2150.00,2140.00,1120.00,tấm,"1800108200001467300001",A0200001467300WO,A0200000404678WO,WB2606-0006,IFD18-H55,IFD18-H55H55,IFD18-H55,H55,"","1130",IFD18-H55H55,5.1530,1.0000,5.1530,1.0000,0.0000,0.00,"",101648,79023,0,HẢIĐĂNG-HĐ-0406-2,"",SX THEO DON HANG,0.00,125.00,2026-06-06 10:20:38.733,2026-06-11 15:12:48.650,2026-06-06 00:00:00.000,2026-06-11 00:00:00.000,KK0005.06/26,XB0026.06/26,0,"",""
FB00108,A0200003701028PX,TP20,SPM556,DCM08,2150.00,2140.00,1120.00,tấm,"1800108200001467300002",A0200001467300WO,A0200000404678WO,WB2606-0006,IFD18-H55,IFD18-H55H55,IFD18-H55,H55,"","1100",IFD18-H55H55,5.1530,1.0000,5.1530,1.0000,0.0000,0.00,"",101648,79023,0,HẢIĐĂNG-HĐ-0406-2,"",SX THEO DON HANG,0.00,147.00,2026-06-06 10:20:38.650,2026-06-12 13:59:20.467,2026-06-06 00:00:00.000,2026-06-12 00:00:00.000,KK0005.06/26,XB0028.06/26,0,"",""
FB00108,A0200003701026PX,TP20,SPM556,DCM08,2150.00,2140.00,1120.00,tấm,"1800108200001467300003",A0200001467300WO,A0200000404678WO,WB2606-0006,IFD18-H55,IFD18-H55H55,IFD18-H55,H55,"","1100",IFD18-H55H55,5.1530,1.0000,5.1530,1.0000,0.0000,0.00,"",101648,79023,0,HẢIĐĂNG-HĐ-0406-2,"",SX THEO DON HANG,0.00,147.00,2026-06-06 10:20:38.620,2026-06-12 13:59:20.443,2026-06-06 00:00:00.000,2026-06-12 00:00:00.000,KK0005.06/26,XB0028.06/26,0,"",""
FB00108,A0200003708929PX,TP20,SPM556,DCM08,2150.00,2140.00,1120.00,tấm,"1800108200001467300004",A0200001467300WO,A0200000404678WO,WB2606-0006,IFD18-H55,IFD18-H55H55,IFD18-H55,H55,"","1070",IFD18-H55H55,5.1530,1.0000,5.1530,1.0000,0.0000,0.00,"",101648,79023,0,HẢIĐĂNG-HĐ-0406-2,"",SX THEO DON HANG,0.00,917.00,2026-06-06 10:20:38.703,2026-07-14 15:05:23.910,2026-06-06 00:00:00.000,2026-07-13 00:00:00.000,KK0005.06/26,XB0028.07/26,0,"",""
FB00108,A0200003700678PX,TP20,SPM556,DCM08,2150.00,2140.00,1120.00,tấm,"1800108200001467301001",A0200001467301WO,A0200000404678WO,WB2606-0006,IFD18-H55,IFD18-H55H55,IFD18-H55,H55,"","1140",IFD18-H55H55,5.1530,1.0000,5.1530,1.0000,0.0000,0.00,"",101648,79023,0,HẢIĐĂNG-HĐ-0406-1,"",SX THEO DON HANG,0.00,125.00,2026-06-06 10:20:38.720,2026-06-11 15:12:48.640,2026-06-06 00:00:00.000,2026-06-11 00:00:00.000,KK0005.06/26,XB0026.06/26,0,"",""
FB00108,A0200003700683PX,TP20,SPM556,DCM08,2150.00,2140.00,1120.00,tấm,"1800108200001467301002",A0200001467301WO,A0200000404678WO,WB2606-0006,IFD18-H55,IFD18-H55H55,IFD18-H55,H55,"","1110",IFD18-H55H55,5.1530,1.0000,5.1530,1.0000,0.0000,0.00,"",101648,79023,0,HẢIĐĂNG-HĐ-0406-1,"",SX THEO DON HANG,0.00,125.00,2026-06-06 10:20:38.667,2026-06-11 15:12:48.700,2026-06-06 00:00:00.000,2026-06-11 00:00:00.000,KK0005.06/26,XB0026.06/26,0,"",""
FB00108,A0200003700010PX,TP20,SPM556,DCM08,2030.00,2140.00,1150.00,tấm,"1800108200001467302001",A0200001467302WO,A0200000404678WO,WB2606-0006,IFD18-H55,IFD18-H55H55,IFD18-H55,H55,"","1130",IFD18-H55H55,4.9960,1.0000,4.9960,1.0000,0.0000,0.00,"",101648,79023,0,AXO-AXO-PO 04-05,"",SX THEO DON HANG,0.00,1.00,2026-06-06 10:20:38.780,2026-06-06 11:23:48.397,2026-06-06 00:00:00.000,2026-06-05 00:00:00.000,KK0005.06/26,XB0015.06/26,0,"",""
FB00108,A0200003700012PX,TP20,SPM556,DCM08,1930.00,2140.00,1150.00,tấm,"1800108200001467303001",A0200001467303WO,A0200000404678WO,WB2606-0006,IFD18-H55,IFD18-H55H55,IFD18-H55,H55,"","1130",IFD18-H55H55,4.7500,1.0000,4.7500,1.0000,0.0000,0.00,"",101648,79023,0,AXO-AXO-PO 04-05,"",SX THEO DON HANG,0.00,1.00,2026-06-06 10:20:38.810,2026-06-06 11:23:48.427,2026-06-06 00:00:00.000,2026-06-05 00:00:00.000,KK0005.06/26,XB0015.06/26,0,"",""
FB00108,A0200003700011PX,TP20,SPM556,DCM08,1930.00,2140.00,1150.00,tấm,"1800108200001467303002",A0200001467303WO,A0200000404678WO,WB2606-0006,IFD18-H55,IFD18-H55H55,IFD18-H55,H55,"","1130",IFD18-H55H55,4.7500,1.0000,4.7500,1.0000,0.0000,0.00,"",101648,79023,0,AXO-AXO-PO 04-05,"",SX THEO DON HANG,0.00,1.00,2026-06-06 10:20:38.793,2026-06-06 11:23:48.413,2026-06-06 00:00:00.000,2026-06-05 00:00:00.000,KK0005.06/26,XB0015.06/26,0,"",""
FB00108,A0200003700013PX,TP20,SPM556,DCM08,1440.00,2140.00,1150.00,tấm,"1800108200001467304001",A0200001467304WO,A0200000404678WO,WB2606-0006,IFD18-H55,IFD18-H55H55,IFD18-H55,H55,"","1130",IFD18-H55H55,3.5440,1.0000,3.5440,1.0000,0.0000,0.00,"",101648,79023,0,AXO-AXO-PO 04-05,"",SX THEO DON HANG,0.00,1.00,2026-06-06 10:20:38.827,2026-06-06 11:23:48.443,2026-06-06 00:00:00.000,2026-06-05 00:00:00.000,KK0005.06/26,XB0015.06/26,0,"",""
FB00108,A0200003708379PX,TP20,SPM556,DCM08,1470.00,2140.00,1050.00,tấm,"1800108200001467572001",A0200001467572WO,A0200000404745WO,WB2606-0007,IFD18-H55,IFD18-H55H55,IFD18-H55,H55,"","900",IFD18-H55H55,3.3030,1.0000,3.3030,1.0000,0.0000,0.00,"",101648,79023,0,"","",SX THEO DON HANG,0.00,840.00,2026-06-06 10:20:38.683,2026-07-11 10:23:31.870,2026-06-06 00:00:00.000,2026-07-10 00:00:00.000,KK0005.06/26,XB0024.07/26,0,"",""
FB00109,A0200003701284PX,TP20,SPM101,DCM11,2220.00,2050.00,1100.00,tấm,"1800109200001441394002",A0200001441394WO,A0200000395568WO,WB2601-0030,NFD26-H70 XANH,NFD26-H70H70,NFD26-H70,H70,"",B25,NFD26-H70H70,5.0061,1.0000,5.0061,1.0000,0.0000,0.00,"",102850,79023,0,Dự trù nội địa,"","",0.00,3356.00,2026-01-26 13:52:13.977,2026-06-15 09:44:29.693,2026-05-31 00:00:00.000,2026-06-15 00:00:00.000,TONKHO,XB0032.06/26,0,"",""
FB00109,A0200003709962PX,TP20,SPM101,DCM11,1390.00,2070.00,570.00,tấm,"1800109200001448774001",A0200001448774WO,A0200000397638WO,WB2603-0004,NFD26-H70 XANH,NFD26-H70H70,NFD26-H70,H70,"",B2,NFD26-H70H70,1.6401,1.0000,1.6401,1.0000,0.0000,0.00,"",102850,79023,0,"","","",0.00,3236.00,2026-03-05 14:31:47.650,2026-07-18 10:04:11.050,2026-05-31 00:00:00.000,2026-07-18 00:00:00.000,TONKHO,XB0039.07/26,0,"",""
FB00109,A0200003709242PX,TP20,SPM101,DCM11,2350.00,2040.00,970.00,tấm,"1800109200001459901001",A0200001459901WO,A0200000402225WO,WB2604-0035,NFD26-H70 XANH,NFD26-H70H70,NFD26-H70,H70,"",B4,NFD26-H70H70,4.6502,1.0000,4.6502,1.0000,0.0000,0.00,"",102850,79023,0,"","","",0.00,1969.00,2026-04-24 13:34:43.757,2026-07-15 14:33:08.390,2026-05-31 00:00:00.000,2026-07-15 00:00:00.000,TONKHO,XB0032.07/26,0,"",""
FB00109,A0200003702488PX,TP20,SPM101,DCM11,1440.00,2040.00,1040.00,tấm,"1800109200001462003002",A0200001462003WO,A0200000402981WO,WB2605-0009,NFD26-H70 XANH,NFD26-H70H70,NFD26-H70,H70,"",B6,NFD26-H70H70,3.0551,1.0000,3.0551,1.0000,0.0000,0.00,"",102850,79023,0,WO2605-0036+43,"","",0.00,958.00,2026-05-11 10:11:33.457,2026-06-20 08:50:47.430,2026-05-31 00:00:00.000,2026-06-20 00:00:00.000,TONKHO,XB0044.06/26,0,"",""
FB00109,A0200003699899PX,TP20,SPM101,DCM11,1650.00,2040.00,1100.00,tấm,"1800109200001462004002",A0200001462004WO,A0200000402981WO,WB2605-0009,NFD26-H70 XANH,NFD26-H70H70,NFD26-H70,H70,"",B6,NFD26-H70H70,3.7026,1.0000,3.7026,1.0000,0.0000,0.00,"",102850,79023,0,WO2605-0036+43,"","",0.00,623.00,2026-05-11 10:11:33.423,2026-06-06 09:43:48.467,2026-05-31 00:00:00.000,2026-06-06 00:00:00.000,TONKHO,XB0016.06/26,0,"",""
FB00109,A0200003698991PX,TP20,SPM101,DCM11,1640.00,2040.00,1130.00,tấm,"1800109200001462004003",A0200001462004WO,A0200000402981WO,WB2605-0009,NFD26-H70 XANH,NFD26-H70H70,NFD26-H70,H70,"",B6,NFD26-H70H70,3.7805,1.0000,3.7805,1.0000,0.0000,0.00,"",102850,79023,0,WO2605-0036+43,"","",0.00,551.00,2026-05-11 10:11:33.390,2026-06-03 09:25:20.090,2026-05-31 00:00:00.000,2026-06-03 00:00:00.000,TONKHO,XB0009.06/26,0,"",""
FB00109,A0200003703363PX,TP20,SPM101,DCM11,1630.00,2040.00,1140.00,tấm,"1800109200001466998001",A0200001466998WO,A0200000404607WO,WB2606-0003,NFD26-H70 XANH,NFD26-H70H70,NFD26-H70,H70,"","1060",NFD26-H70H70,3.7910,1.0000,3.7910,1.0000,0.0000,0.00,"",102850,79023,0,INE2604-0001+WI2603-0005,"",SX THEO DON HANG,0.00,435.00,2026-06-05 11:18:42.833,2026-06-23 14:07:25.553,2026-06-05 00:00:00.000,2026-06-23 00:00:00.000,KK0004.06/26,XB0050.06/26,0,"",""
FB00109,A0200003701264PX,TP20,SPM101,DCM11,1630.00,2040.00,1140.00,tấm,"1800109200001466998002",A0200001466998WO,A0200000404607WO,WB2606-0003,NFD26-H70 XANH,NFD26-H70H70,NFD26-H70,H70,"","1030",NFD26-H70H70,3.7910,1.0000,3.7910,1.0000,0.0000,0.00,"",102850,79023,0,INE2604-0001+WI2603-0005,"",SX THEO DON HANG,0.00,237.00,2026-06-05 11:18:42.867,2026-06-15 08:47:03.460,2026-06-05 00:00:00.000,2026-06-15 00:00:00.000,KK0004.06/26,XB0032.06/26,0,"",""
FB00109,A0200003702490PX,TP20,SPM101,DCM11,1630.00,2040.00,1140.00,tấm,"1800109200001466998003",A0200001466998WO,A0200000404607WO,WB2606-0003,NFD26-H70 XANH,NFD26-H70H70,NFD26-H70,H70,"","1040",NFD26-H70H70,3.7910,1.0000,3.7910,1.0000,0.0000,0.00,"",102850,79023,0,INE2604-0001+WI2603-0005,"",SX THEO DON HANG,0.00,357.00,2026-06-05 11:18:42.850,2026-06-20 08:50:48.677,2026-06-05 00:00:00.000,2026-06-20 00:00:00.000,KK0004.06/26,XB0044.06/26,0,"",""
FB00109,A0200003699898PX,TP20,SPM101,DCM11,1830.00,2040.00,1140.00,tấm,"1800109200001466999001",A0200001466999WO,A0200000404607WO,WB2606-0003,NFD26-H70 XANH,NFD26-H70H70,NFD26-H70,H70,"","1100",NFD26-H70H70,4.2560,1.0000,4.2560,1.0000,0.0000,0.00,"",102850,79023,0,INE2604-0001+WI2603-0005,"",SX THEO DON HANG,0.00,22.00,2026-06-05 11:18:42.800,2026-06-06 09:43:48.443,2026-06-05 00:00:00.000,2026-06-06 00:00:00.000,KK0004.06/26,XB0016.06/26,0,"",""
FB00109,A0200003702489PX,TP20,SPM101,DCM11,1830.00,2040.00,1140.00,tấm,"1800109200001466999002",A0200001466999WO,A0200000404607WO,WB2606-0003,NFD26-H70 XANH,NFD26-H70H70,NFD26-H70,H70,"","1090",NFD26-H70H70,4.2560,1.0000,4.2560,1.0000,0.0000,0.00,"",102850,79023,0,INE2604-0001+WI2603-0005,"",SX THEO DON HANG,0.00,357.00,2026-06-05 11:18:42.817,2026-06-20 08:50:48.670,2026-06-05 00:00:00.000,2026-06-20 00:00:00.000,KK0004.06/26,XB0044.06/26,0,"",""
FB00109,A0200003704162PX,TP20,SPM101,DCM11,1830.00,2040.00,1140.00,tấm,"1800109200001466999003",A0200001466999WO,A0200000404607WO,WB2606-0003,NFD26-H70 XANH,NFD26-H70H70,NFD26-H70,H70,"","1100",NFD26-H70H70,4.2560,1.0000,4.2560,1.0000,0.0000,0.00,"",102850,79023,0,INE2604-0001+WI2603-0005,"",SX THEO DON HANG,0.00,502.00,2026-06-05 11:18:43.067,2026-06-26 09:10:37.670,2026-06-05 00:00:00.000,2026-06-26 00:00:00.000,KK0004.06/26,XB0055.06/26,0,"",""
FB00109,A0200003704161PX,TP20,SPM101,DCM11,1660.00,2040.00,1100.00,tấm,"1800109200001467198001",A0200001467198WO,A0200000404643WO,WB2606-0005,NFD26-H70 XANH,NFD26-H70H70,NFD26-H70,H70,"","1100",NFD26-H70H70,3.7250,1.0000,3.7250,1.0000,0.0000,0.00,"",102850,79023,0,"","",SX THEO DON HANG,0.00,502.00,2026-06-05 11:18:42.743,2026-06-26 09:10:36.403,2026-06-05 00:00:00.000,2026-06-26 00:00:00.000,KK0004.06/26,XB0055.06/26,0,"",""
FB00109,A0200003703933PX,TP20,SPM101,DCM11,1860.00,2040.00,1100.00,tấm,"1800109200001467200001",A0200001467200WO,A0200000404643WO,WB2606-0005,NFD26-H70 XANH,NFD26-H70H70,NFD26-H70,H70,"","1140",NFD26-H70H70,4.1740,1.0000,4.1740,1.0000,0.0000,0.00,"",102850,79023,0,"","",SX THEO DON HANG,0.00,477.00,2026-06-05 11:18:42.760,2026-06-25 08:46:50.160,2026-06-05 00:00:00.000,2026-06-23 00:00:00.000,KK0004.06/26,XB0051.06/26,0,"",""
FB00109,A0200003711375PX,TP20,SPM101,DCM11,2040.00,2040.00,1100.00,tấm,"1800109200001471182001",A0200001458940WO,A0200000401865WO,WB2604-0029,NFD26-H70 XANH,NFD26-H70H70,NFD26-H70,H70,"",B9,NFD26-H70H70,0.0000,0.0000,4.5780,1.0000,-4.5780,-1.00,"",102850,79023,0,SHV-035--Mousse tấm,"","",0.00,,,2026-07-22 10:55:20.007,,2026-07-22 00:00:00.000,,XB0048.07/26,0,"",""
FB00109,A0200003704443PN,TP20,SPM101,DCM11,2040.00,2040.00,1100.00,tấm,"1800109200001471182001",A0200001471182WO,A0200000405918WO,WB2606-0032,NFD26-H70 XANH,NFD26-H70H70,NFD26-H70,H70,"",B9,NFD26-H70H70,4.5780,1.0000,0.0000,0.0000,4.5780,1.00,"",102850,79023,0,SHV-035--Mousse tấm,"",SX THEO ĐƠN HÀNG,0.00,623.00,2026-06-27 10:19:26.260,,2026-06-27 00:00:00.000,,KK0018.06/26,,0,"",""
FB00109,A0200003706382PX,TP20,SPM101,DCM11,1240.00,2040.00,1090.00,tấm,"1800109200001471183001",A0200001471183WO,A0200000405918WO,WB2606-0032,NFD26-H70 XANH,NFD26-H70H70,NFD26-H70,H70,"",B9,NFD26-H70H70,2.7570,1.0000,2.7570,1.0000,0.0000,0.00,"",102850,79023,0,WO2606-0189,"",SX THEO ĐƠN HÀNG,0.00,143.00,2026-06-27 10:19:26.263,2026-07-03 09:49:03.127,2026-06-27 00:00:00.000,2026-07-03 00:00:00.000,KK0018.06/26,XB0006.07/26,0,"",""
FB00109,A0200003705061PX,TP20,SPM101,DCM11,1440.00,2040.00,1090.00,tấm,"1800109200001471184001",A0200001471184WO,A0200000405918WO,WB2606-0032,NFD26-H70 XANH,NFD26-H70H70,NFD26-H70,H70,"",B9,NFD26-H70H70,3.2020,1.0000,3.2020,1.0000,0.0000,0.00,"",102850,79023,0,WO2606-0189,"",SX THEO ĐƠN HÀNG,0.00,47.00,2026-06-27 10:19:26.267,2026-06-29 09:19:47.590,2026-06-27 00:00:00.000,2026-06-29 00:00:00.000,KK0018.06/26,XB0059.06/26,0,"",""
FB00109,A0200003706228PX,TP20,SPM101,DCM11,1630.00,2040.00,1090.00,tấm,"1800109200001471185001",A0200001471185WO,A0200000405918WO,WB2606-0032,NFD26-H70 XANH,NFD26-H70H70,NFD26-H70,H70,"",B9,NFD26-H70H70,3.6240,1.0000,3.6240,1.0000,0.0000,0.00,"",102850,79023,0,WO2606-0189,"",SX THEO ĐƠN HÀNG,0.00,119.00,2026-06-27 10:19:26.270,2026-07-02 09:35:25.403,2026-06-27 00:00:00.000,2026-07-02 00:00:00.000,KK0018.06/26,XB0004.07/26,0,"",""
FB00109,A0200003705059PX,TP20,SPM101,DCM11,1630.00,2040.00,1080.00,tấm,"1800109200001471185002",A0200001471185WO,A0200000405918WO,WB2606-0032,NFD26-H70 XANH,NFD26-H70H70,NFD26-H70,H70,"",B9,NFD26-H70H70,3.5910,1.0000,3.5910,1.0000,0.0000,0.00,"",102850,79023,0,WO2606-0189,"",SX THEO ĐƠN HÀNG,0.00,47.00,2026-06-27 10:19:26.277,2026-06-29 09:19:46.327,2026-06-27 00:00:00.000,2026-06-29 00:00:00.000,KK0018.06/26,XB0059.06/26,0,"",""
FB00109,A0200003706030PX,TP20,SPM101,DCM11,1650.00,2040.00,1080.00,tấm,"1800109200001471185003",A0200001471185WO,A0200000405918WO,WB2606-0032,NFD26-H70 XANH,NFD26-H70H70,NFD26-H70,H70,"",B9,NFD26-H70H70,3.6350,1.0000,3.6350,1.0000,0.0000,0.00,"",102850,79023,0,WO2606-0189,"",SX THEO ĐƠN HÀNG,0.00,97.00,2026-06-27 10:19:26.273,2026-07-01 11:13:40.257,2026-06-27 00:00:00.000,2026-07-01 00:00:00.000,KK0018.06/26,XB0001.07/26,0,"",""
FB00109,A0200003706028PX,TP20,SPM101,DCM11,1840.00,2040.00,1120.00,tấm,"1800109200001471186001",A0200001471186WO,A0200000405918WO,WB2606-0032,NFD26-H70 XANH,NFD26-H70H70,NFD26-H70,H70,"",B9,NFD26-H70H70,4.2040,1.0000,4.2040,1.0000,0.0000,0.00,"",102850,79023,0,WO2606-0189,"",SX THEO ĐƠN HÀNG,0.00,97.00,2026-06-27 10:19:26.290,2026-07-01 11:13:40.090,2026-06-27 00:00:00.000,2026-07-01 00:00:00.000,KK0018.06/26,XB0001.07/26,0,"",""
FB00109,A0200003705060PX,TP20,SPM101,DCM11,1820.00,2040.00,1090.00,tấm,"1800109200001471186002",A0200001471186WO,A0200000405918WO,WB2606-0032,NFD26-H70 XANH,NFD26-H70H70,NFD26-H70,H70,"",B9,NFD26-H70H70,4.0470,1.0000,4.0470,1.0000,0.0000,0.00,"",102850,79023,0,WO2606-0189,"",SX THEO ĐƠN HÀNG,0.00,47.00,2026-06-27 10:19:26.280,2026-06-29 09:19:47.583,2026-06-27 00:00:00.000,2026-06-29 00:00:00.000,KK0018.06/26,XB0059.06/26,0,"",""
FB00109,A0200003707102PX,TP20,SPM101,DCM11,1840.00,2040.00,1120.00,tấm,"1800109200001471186003",A0200001471186WO,A0200000405918WO,WB2606-0032,NFD26-H70 XANH,NFD26-H70H70,NFD26-H70,H70,"",B9,NFD26-H70H70,4.2040,1.0000,4.2040,1.0000,0.0000,0.00,"",102850,79023,0,WO2606-0189,"",SX THEO ĐƠN HÀNG,0.00,239.00,2026-06-27 10:19:26.290,2026-07-07 09:32:30.120,2026-06-27 00:00:00.000,2026-07-07 00:00:00.000,KK0018.06/26,XB0014.07/26,0,"",""
FB00109,A0200003707101PX,TP20,SPM101,DCM11,1840.00,2040.00,1100.00,tấm,"1800109200001471186004",A0200001471186WO,A0200000405918WO,WB2606-0032,NFD26-H70 XANH,NFD26-H70H70,NFD26-H70,H70,"",B9,NFD26-H70H70,4.1290,1.0000,4.1290,1.0000,0.0000,0.00,"",102850,79023,0,WO2606-0189,"",SX THEO ĐƠN HÀNG,0.00,239.00,2026-06-27 10:19:26.283,2026-07-07 09:32:30.110,2026-06-27 00:00:00.000,2026-07-07 00:00:00.000,KK0018.06/26,XB0014.07/26,0,"",""
FB00109,A0200003706227PX,TP20,SPM101,DCM11,2330.00,2040.00,1100.00,tấm,"1800109200001471187001",A0200001471187WO,A0200000405918WO,WB2606-0032,NFD26-H70 XANH,NFD26-H70H70,NFD26-H70,H70,"",B9,NFD26-H70H70,5.2290,1.0000,5.2290,1.0000,0.0000,0.00,"",102850,79023,0,WO2606-0189,"",SX THEO ĐƠN HÀNG,0.00,119.00,2026-06-27 10:19:26.297,2026-07-02 09:35:25.397,2026-06-27 00:00:00.000,2026-07-02 00:00:00.000,KK0018.06/26,XB0004.07/26,0,"",""
FB00109,A0200003706388PX,TP20,SPM101,DCM11,1830.00,2040.00,840.00,tấm,"1800109200001471458001",A0200001471458WO,A0200000406047WO,WB2606-0033,NFD26-H70 XANH,NFD26-H70H70,NFD26-H70,H70,"",B9,NFD26-H70H70,3.1360,1.0000,3.1360,1.0000,0.0000,0.00,"",102850,79023,0,"","",SX THEO ĐƠN HÀNG,0.00,144.00,2026-06-27 10:19:26.330,2026-07-03 10:23:33.367,2026-06-27 00:00:00.000,2026-07-03 00:00:00.000,KK0018.06/26,XB0006.07/26,0,"",""
FB00109,A0200003706265PX,TP20,SPM101,DCM11,1840.00,2040.00,1020.00,tấm,"1800109200001471458002",A0200001471458WO,A0200000406047WO,WB2606-0033,NFD26-H70 XANH,NFD26-H70H70,NFD26-H70,H70,"",B9,NFD26-H70H70,3.8290,1.0000,3.8290,1.0000,0.0000,0.00,"",102850,79023,0,"","",SX THEO ĐƠN HÀNG,0.00,121.00,2026-06-27 10:19:26.300,2026-07-02 11:19:47.457,2026-06-27 00:00:00.000,2026-07-02 00:00:00.000,KK0018.06/26,XB0004.07/26,0,"",""
FB00109,A0200003711376PX,TP20,SPM101,DCM11,1630.00,2040.00,1080.00,tấm,"1800109200001472981001",A0200001458940WO,A0200000401865WO,WB2604-0029,NFD26-H70 XANH,NFD26-H70H70,NFD26-H70,H70,"",B7,NFD26-H70H70,0.0000,0.0000,3.5910,1.0000,-3.5910,-1.00,"",102850,79023,0,SHV-035--Mousse tấm,"","",0.00,,,2026-07-22 10:55:20.017,,2026-07-22 00:00:00.000,,XB0048.07/26,0,"",""
FB00109,A0200003706967PN,TP20,SPM101,DCM11,1630.00,2040.00,1080.00,tấm,"1800109200001472981001",A0200001472981WO,A0200000406461WO,WB2607-0002,NFD26-H70 XANH,NFD26-H70H70,NFD26-H70,H70,"",B7,NFD26-H70H70,3.5910,1.0000,0.0000,0.0000,3.5910,1.00,"",102850,79023,0,SHV-035--Mousse tấm,"",SX THEO ĐƠN HÀNG,0.00,403.00,2026-07-06 14:11:48.757,,2026-07-06 00:00:00.000,,KK0004.07/26,,0,"",""
FB00109,A0200003709241PX,TP20,SPM101,DCM11,1830.00,2040.00,1080.00,tấm,"1800109200001472982001",A0200001472982WO,A0200000406461WO,WB2607-0002,NFD26-H70 XANH,NFD26-H70H70,NFD26-H70,H70,"",B7,NFD26-H70H70,4.0320,1.0000,4.0320,1.0000,0.0000,0.00,"",102850,79023,0,SHV-035--Mousse tấm,"",SX THEO ĐƠN HÀNG,0.00,216.00,2026-07-06 14:11:48.760,2026-07-15 14:33:08.367,2026-07-06 00:00:00.000,2026-07-15 00:00:00.000,KK0004.07/26,XB0032.07/26,0,"",""
FB00109,A0200003706979PN,TP20,SPM101,DCM11,1230.00,2040.00,1140.00,tấm,"1800109200001472983001",A0200001472983WO,A0200000406461WO,WB2607-0002,NFD26-H70 XANH,NFD26-H70H70,NFD26-H70,H70,"",B7,NFD26-H70H70,2.8600,1.0000,0.0000,0.0000,2.8600,1.00,"",102850,79023,0,WO2607-0009,"",SX THEO ĐƠN HÀNG,0.00,403.00,2026-07-06 14:11:48.847,,2026-07-06 00:00:00.000,,KK0004.07/26,,0,"",""
FB00109,A0200003706980PN,TP20,SPM101,DCM11,1430.00,2040.00,1140.00,tấm,"1800109200001472984001",A0200001472984WO,A0200000406461WO,WB2607-0002,NFD26-H70 XANH,NFD26-H70H70,NFD26-H70,H70,"",B7,NFD26-H70H70,3.3260,1.0000,0.0000,0.0000,3.3260,1.00,"",102850,79023,0,WO2607-0009,"",SX THEO ĐƠN HÀNG,0.00,403.00,2026-07-06 14:11:48.853,,2026-07-06 00:00:00.000,,KK0004.07/26,,0,"",""
FB00109,A0200003709961PX,TP20,SPM101,DCM11,1430.00,2040.00,1140.00,tấm,"1800109200001472984002",A0200001472984WO,A0200000406461WO,WB2607-0002,NFD26-H70 XANH,NFD26-H70H70,NFD26-H70,H70,"",B7,NFD26-H70H70,3.3260,1.0000,3.3260,1.0000,0.0000,0.00,"",102850,79023,0,WO2607-0009,"",SX THEO ĐƠN HÀNG,0.00,284.00,2026-07-06 14:11:48.837,2026-07-18 10:04:09.767,2026-07-06 00:00:00.000,2026-07-18 00:00:00.000,KK0004.07/26,XB0039.07/26,0,"",""
FB00109,A0200003709397PX,TP20,SPM101,DCM11,1630.00,2040.00,1140.00,tấm,"1800109200001472985001",A0200001472985WO,A0200000406461WO,WB2607-0002,NFD26-H70 XANH,NFD26-H70H70,NFD26-H70,H70,"",B7,NFD26-H70H70,3.7910,1.0000,3.7910,1.0000,0.0000,0.00,"",102850,79023,0,WO2607-0009,"",SX THEO ĐƠN HÀNG,0.00,235.00,2026-07-06 14:11:48.840,2026-07-16 09:46:23.087,2026-07-06 00:00:00.000,2026-07-16 00:00:00.000,KK0004.07/26,XB0034.07/26,0,"",""
FB00109,A0200003707761PX,TP20,SPM101,DCM11,1630.00,2040.00,1140.00,tấm,"1800109200001472985002",A0200001472985WO,A0200000406461WO,WB2607-0002,NFD26-H70 XANH,NFD26-H70H70,NFD26-H70,H70,"",B7,NFD26-H70H70,3.7910,1.0000,3.7910,1.0000,0.0000,0.00,"",102850,79023,0,WO2607-0009,"",SX THEO ĐƠN HÀNG,0.00,67.00,2026-07-06 14:11:48.720,2026-07-09 09:18:53.507,2026-07-06 00:00:00.000,2026-07-09 00:00:00.000,KK0004.07/26,XB0020.07/26,0,"",""
FB00109,A0200003707759PX,TP20,SPM101,DCM11,1630.00,2040.00,1140.00,tấm,"1800109200001472985003",A0200001472985WO,A0200000406461WO,WB2607-0002,NFD26-H70 XANH,NFD26-H70H70,NFD26-H70,H70,"",B7,NFD26-H70H70,3.7910,1.0000,3.7910,1.0000,0.0000,0.00,"",102850,79023,0,WO2607-0009,"",SX THEO ĐƠN HÀNG,0.00,67.00,2026-07-06 14:11:48.717,2026-07-09 09:18:53.387,2026-07-06 00:00:00.000,2026-07-09 00:00:00.000,KK0004.07/26,XB0020.07/26,0,"",""
FB00109,A0200003708606PX,TP20,SPM101,DCM11,1630.00,2040.00,1140.00,tấm,"1800109200001472985004",A0200001472985WO,A0200000406461WO,WB2607-0002,NFD26-H70 XANH,NFD26-H70H70,NFD26-H70,H70,"",B7,NFD26-H70H70,3.7910,1.0000,3.7910,1.0000,0.0000,0.00,"",102850,79023,0,WO2607-0009,"",SX THEO ĐƠN HÀNG,0.00,163.00,2026-07-06 14:11:48.827,2026-07-13 09:15:56.787,2026-07-06 00:00:00.000,2026-07-13 00:00:00.000,KK0004.07/26,XB0027.07/26,0,"",""
FB00109,A0200003709963PX,TP20,SPM101,DCM11,1830.00,2040.00,1140.00,tấm,"1800109200001472986001",A0200001472986WO,A0200000406461WO,WB2607-0002,NFD26-H70 XANH,NFD26-H70H70,NFD26-H70,H70,"",B7,NFD26-H70H70,4.2560,1.0000,4.2560,1.0000,0.0000,0.00,"",102850,79023,0,WO2607-0009,"",SX THEO ĐƠN HÀNG,0.00,284.00,2026-07-06 14:11:48.700,2026-07-18 10:04:11.060,2026-07-06 00:00:00.000,2026-07-18 00:00:00.000,KK0004.07/26,XB0039.07/26,0,"",""
FB00109,A0200003708605PX,TP20,SPM101,DCM11,1830.00,2040.00,1140.00,tấm,"1800109200001472986002",A0200001472986WO,A0200000406461WO,WB2607-0002,NFD26-H70 XANH,NFD26-H70H70,NFD26-H70,H70,"",B7,NFD26-H70H70,4.2560,1.0000,4.2560,1.0000,0.0000,0.00,"",102850,79023,0,WO2607-0009,"",SX THEO ĐƠN HÀNG,0.00,163.00,2026-07-06 14:11:48.830,2026-07-13 09:15:55.530,2026-07-06 00:00:00.000,2026-07-13 00:00:00.000,KK0004.07/26,XB0027.07/26,0,"",""
FB00109,A0200003706962PN,TP20,SPM101,DCM11,2230.00,2040.00,1140.00,tấm,"1800109200001472987001",A0200001472987WO,A0200000406461WO,WB2607-0002,NFD26-H70 XANH,NFD26-H70H70,NFD26-H70,H70,"",B,NFD26-H70H70,5.1860,1.0000,0.0000,0.0000,5.1860,1.00,"",102850,79023,0,WO2607-0009,"",SX THEO ĐƠN HÀNG,0.00,403.00,2026-07-06 14:11:48.673,,2026-07-06 00:00:00.000,,KK0004.07/26,,0,"",""
FB00109,A0200003706964PN,TP20,SPM101,DCM11,2230.00,2040.00,1140.00,tấm,"1800109200001472987002",A0200001472987WO,A0200000406461WO,WB2607-0002,NFD26-H70 XANH,NFD26-H70H70,NFD26-H70,H70,"",B7,NFD26-H70H70,5.1860,1.0000,0.0000,0.0000,5.1860,1.00,"",102850,79023,0,WO2607-0009,"",SX THEO ĐƠN HÀNG,0.00,403.00,2026-07-06 14:11:48.707,,2026-07-06 00:00:00.000,,KK0004.07/26,,0,"",""
FB00109,A0200003709840PX,TP20,SPM101,DCM11,1640.00,2040.00,820.00,tấm,"1800109200001473341001",A0200001473341WO,A0200000406600WO,WB2607-0005,NFD26-H70 XANH,NFD26-H70H70,NFD26-H70,H70,"",A1,NFD26-H70H70,2.7430,1.0000,2.7430,1.0000,0.0000,0.00,"",102850,79023,0,"","",SX DƯ,0.00,216.00,2026-07-08 15:07:57.127,2026-07-17 15:00:41.780,2026-07-08 00:00:00.000,2026-07-17 00:00:00.000,KK0005.07/26,XB0036.07/26,0,"",""
FB00109,A0200003710922PN,TP20,SPM101,DCM11,1630.00,2040.00,990.00,tấm,"1800109200001475754001",A0200001458940WO,A0200000401865WO,WB2604-0029,NFD26-H70 XANH,NFD26-H70H70,NFD26-H70,H70,"",B8,NFD26-H70H70,3.2920,1.0000,0.0000,0.0000,3.2920,1.00,"",102850,79023,0,WO2607-0105+113+118,"",SX THEO ĐƠN HÀNG,0.00,25.00,2026-07-22 08:33:41.890,,2026-07-22 00:00:00.000,,KK0016.07/26,,0,"",""
FB00109,A0200003710920PN,TP20,SPM101,DCM11,1630.00,2040.00,1060.00,tấm,"1800109200001475754002",A0200001458940WO,A0200000401865WO,WB2604-0029,NFD26-H70 XANH,NFD26-H70H70,NFD26-H70,H70,"",B8,NFD26-H70H70,3.5250,1.0000,0.0000,0.0000,3.5250,1.00,"",102850,79023,0,WO2607-0105+113+118,"",SX THEO ĐƠN HÀNG,0.00,25.00,2026-07-22 08:33:41.853,,2026-07-22 00:00:00.000,,KK0016.07/26,,0,"",""
FB00109,A0200003710921PN,TP20,SPM101,DCM11,1630.00,2040.00,1020.00,tấm,"1800109200001475754003",A0200001458940WO,A0200000401865WO,WB2604-0029,NFD26-H70 XANH,NFD26-H70H70,NFD26-H70,H70,"",B8,NFD26-H70H70,3.3920,1.0000,0.0000,0.0000,3.3920,1.00,"",102850,79023,0,WO2607-0105+113+118,"",SX THEO ĐƠN HÀNG,0.00,25.00,2026-07-22 08:33:41.860,,2026-07-22 00:00:00.000,,KK0016.07/26,,0,"",""
FB00109,A0200003710919PN,TP20,SPM101,DCM11,1630.00,2040.00,1090.00,tấm,"1800109200001475754004",A0200001458940WO,A0200000401865WO,WB2604-0029,NFD26-H70 XANH,NFD26-H70H70,NFD26-H70,H70,"",B8,NFD26-H70H70,3.6240,1.0000,0.0000,0.0000,3.6240,1.00,"",102850,79023,0,WO2607-0105+113+118,"",SX THEO ĐƠN HÀNG,0.00,25.00,2026-07-22 08:33:41.850,,2026-07-22 00:00:00.000,,KK0016.07/26,,0,"",""
FB00109,A0200003711860PX,TP20,SPM101,DCM11,1630.00,2040.00,1130.00,tấm,"1800109200001475754005",A0200001458940WO,A0200000401865WO,WB2604-0029,NFD26-H70 XANH,NFD26-H70H70,NFD26-H70,H70,"",B8,NFD26-H70H70,3.7570,1.0000,3.7570,1.0000,0.0000,0.00,"",102850,79023,0,WO2607-0105+113+118,"",SX THEO ĐƠN HÀNG,0.00,25.00,2026-07-22 08:33:40.653,2026-07-23 09:30:50.287,2026-07-22 00:00:00.000,2026-07-23 00:00:00.000,KK0016.07/26,XB0053.07/26,0,"",""
FB00109,A0200003710925PN,TP20,SPM101,DCM11,1830.00,2040.00,1140.00,tấm,"1800109200001475755001",A0200001458940WO,A0200000401865WO,WB2604-0029,NFD26-H70 XANH,NFD26-H70H70,NFD26-H70,H70,"",B8,NFD26-H70H70,4.2560,1.0000,0.0000,0.0000,4.2560,1.00,"",102850,79023,0,WO2607-0105+113+118,"",SX THEO ĐƠN HÀNG,0.00,25.00,2026-07-22 08:33:41.903,,2026-07-22 00:00:00.000,,KK0016.07/26,,0,"",""
FB00109,A0200003710926PN,TP20,SPM101,DCM11,1830.00,2040.00,1140.00,tấm,"1800109200001475755002",A0200001458940WO,A0200000401865WO,WB2604-0029,NFD26-H70 XANH,NFD26-H70H70,NFD26-H70,H70,"",B8,NFD26-H70H70,4.2560,1.0000,0.0000,0.0000,4.2560,1.00,"",102850,79023,0,WO2607-0105+113+118,"",SX THEO ĐƠN HÀNG,0.00,25.00,2026-07-22 08:33:41.910,,2026-07-22 00:00:00.000,,KK0016.07/26,,0,"",""
FB00109,A0200003711861PX,TP20,SPM101,DCM11,1830.00,2040.00,1070.00,tấm,"1800109200001475755003",A0200001458940WO,A0200000401865WO,WB2604-0029,NFD26-H70 XANH,NFD26-H70H70,NFD26-H70,H70,"",B8,NFD26-H70H70,3.9950,1.0000,3.9950,1.0000,0.0000,0.00,"",102850,79023,0,WO2607-0105+113+118,"",SX THEO ĐƠN HÀNG,0.00,25.00,2026-07-22 08:33:41.893,2026-07-23 09:30:50.297,2026-07-22 00:00:00.000,2026-07-23 00:00:00.000,KK0016.07/26,XB0053.07/26,0,"",""
FB00109,A0200003710927PN,TP20,SPM101,DCM11,1830.00,2040.00,1110.00,tấm,"1800109200001475755004",A0200001458940WO,A0200000401865WO,WB2604-0029,NFD26-H70 XANH,NFD26-H70H70,NFD26-H70,H70,"",B8,NFD26-H70H70,4.1440,1.0000,0.0000,0.0000,4.1440,1.00,"",102850,79023,0,WO2607-0105+113+118,"",SX THEO ĐƠN HÀNG,0.00,25.00,2026-07-22 08:33:41.913,,2026-07-22 00:00:00.000,,KK0016.07/26,,0,"",""
FB00109,A0200003710924PN,TP20,SPM101,DCM11,1830.00,2040.00,1140.00,tấm,"1800109200001475755005",A0200001458940WO,A0200000401865WO,WB2604-0029,NFD26-H70 XANH,NFD26-H70H70,NFD26-H70,H70,"",B8,NFD26-H70H70,4.2560,1.0000,0.0000,0.0000,4.2560,1.00,"",102850,79023,0,WO2607-0105+113+118,"",SX THEO ĐƠN HÀNG,0.00,25.00,2026-07-22 08:33:41.900,,2026-07-22 00:00:00.000,,KK0016.07/26,,0,"",""
FB00111,A0200003710076PX,TP20,SPM030,DCM11,1670.00,2050.00,900.00,tấm,"1800111200001415728001",A0200001415728WO,A0200000386468WO,WB2510-0003,IFD42-H70,D42H70,D42,H70,"",B2,D42H70,3.0812,1.0000,3.0812,1.0000,0.0000,0.00,"",103934,79023,0,HK-PO 04-12-sample-5/12,"","",0.00,6915.00,2025-10-03 11:04:48.447,2026-07-18 14:30:47.997,2026-05-31 00:00:00.000,2026-07-18 00:00:00.000,TONKHO,XB0040.07/26,0,"",""
FB00111,A0200003710077PX,TP20,SPM030,DCM11,2250.00,2050.00,700.00,tấm,"1800111200001418348001",A0200001418348WO,A0200000387196WO,WB2510-0025,IFD42-H70,D42H70,D42,H70,"",A8,D42H70,3.2288,1.0000,3.2288,1.0000,0.0000,0.00,"",103934,79023,0,BS TEM/Nứt,"","",0.00,6623.00,2025-10-15 15:35:04.163,2026-07-18 14:30:48.010,2026-05-31 00:00:00.000,2026-07-18 00:00:00.000,TONKHO,XB0040.07/26,0,"",""
FB00112,A0200003711015PX,TP20,SPM145,DCM09,1960.00,2050.00,830.00,tấm,"1800112200001401473001",A0200001401473WO,A0200000376606WO,WB2507-0042,IFD45-H60,NFD45H60,NFD45,H60,"","",NFD45H60,6.6698,2.0000,3.3349,1.0000,3.3349,1.00,"",103940,79023,0,TN/Nứt,Nứt,"",0.00,0.00,2026-07-22 09:48:33.690,2026-07-22 09:48:34.957,2026-07-15 00:00:00.000,2026-07-15 00:00:00.000,XB0047.07/26,XB0047.07/26,0,"",""
FB00113,A0200003709778PX,TP20,SPM011,DCM07,1590.00,2150.00,970.00,tấm,"1800113200001448140001",A0200001448140WO,A0200000397428WO,WB2602-0024,NFD18-H50,D18H50,D18,H50,"","",D18H50,6.6319,2.0000,3.3160,1.0000,3.3159,1.00,"",104602,79023,0,ASHT-884.R0--Mousse tấm,"","",0.00,45.00,2026-07-15 15:32:37.930,2026-07-17 12:51:29.197,2026-07-15 00:00:00.000,2026-07-15 00:00:00.000,XB0033.07/26,XB0033.07/26,0,"",""
FB00113,A0200003709577PX,TP20,SPM011,DCM07,2000.00,2150.00,960.00,tấm,"1800113200001452339001",A0200001452339WO,A0200000398851WO,WB2603-0024,NFD18-H50,D18H50,D18,H50,"",B8,D18H50,4.1280,1.0000,4.1280,1.0000,0.0000,0.00,"",104602,79023,0,"","","",0.00,2761.00,2026-03-24 09:50:53.237,2026-07-17 10:11:18.573,2026-05-31 00:00:00.000,2026-07-17 00:00:00.000,TONKHO,XB0036.07/26,0,"",""
FB00113,A0200003699534PX,TP20,SPM011,DCM07,1350.00,1940.00,1110.00,tấm,"1800113200001453166001",A0200001453166WO,A0200000399024WO,WB2603-0026,NFD18-H50,D18H50,D18,H50,"",A1,D18H50,2.9071,1.0000,2.9071,1.0000,0.0000,0.00,"",104602,79023,0,ASHT-879.R0--Mousse tấm/ASHT-885.R0--Mousse tấm,"","",0.00,1753.00,2026-03-24 09:50:53.147,2026-06-05 10:12:19.940,2026-05-31 00:00:00.000,2026-06-05 00:00:00.000,TONKHO,XB0014.06/26,0,"",""
FB00113,A0200003703359PX,TP20,SPM011,DCM07,1840.00,2060.00,1130.00,tấm,"1800113200001453170001",A0200001453170WO,A0200000399024WO,WB2603-0026,NFD18-H50,D18H50,D18,H50,"",B8,D18H50,4.2832,1.0000,4.2832,1.0000,0.0000,0.00,"",104602,79023,0,ASHT-880.R0--Mousse tấm,"","",0.00,2189.00,2026-03-24 09:50:52.987,2026-06-23 14:07:25.447,2026-05-31 00:00:00.000,2026-06-23 00:00:00.000,TONKHO,XB0050.06/26,0,"",""
FB00113,A0200003699485PX,TP20,SPM011,DCM07,1530.00,2060.00,1140.00,tấm,"1800113200001453174004",A0200001453174WO,A0200000399024WO,WB2603-0026,NFD18-H50,D18H50,D18,H50,"",B4,D18H50,3.5931,1.0000,3.5931,1.0000,0.0000,0.00,"",104602,79023,0,ASHT-879.R0--Mousse tấm/ASHT-884.R0--Mousse tấm,"","",0.00,1730.00,2026-03-24 09:50:52.937,2026-06-04 11:13:51.780,2026-05-31 00:00:00.000,2026-06-04 00:00:00.000,TONKHO,XB0012.06/26,0,"",""
FB00113,A0200003708054PX,TP20,SPM011,DCM07,1850.00,1950.00,1120.00,tấm,"1800113200001457530001",A0200001457530WO,A0200000401392WO,WB2604-0015,NFD18-H50,D18H50,D18,H50,"",B25,D18H50,4.0404,1.0000,4.0404,1.0000,0.0000,0.00,"",104602,79023,0,ASHT-884.R0--Mousse tấm,"","",0.00,2111.00,2026-04-13 10:47:40.800,2026-07-10 09:55:48.167,2026-05-31 00:00:00.000,2026-07-10 00:00:00.000,TONKHO,XB0023.07/26,0,"",""
FB00113,A0200003702800PX,TP20,SPM011,DCM07,1350.00,1910.00,1130.00,tấm,"1800113200001457532001",A0200001457532WO,A0200000401392WO,WB2604-0015,NFD18-H50,D18H50,D18,H50,"",B24,D18H50,2.9137,1.0000,2.9137,1.0000,0.0000,0.00,"",104602,79023,0,ASHT-883.R0--Mousse tấm/ASHT-885.R0--Mousse tấm-NỨT,"","",0.00,1680.00,2026-04-13 10:47:40.810,2026-06-22 10:04:15.550,2026-05-31 00:00:00.000,2026-06-22 00:00:00.000,TONKHO,XB0046.06/26,0,"",""
FB00113,A0200003709290PX,TP20,SPM011,DCM07,1930.00,1910.00,1090.00,tấm,"1800113200001457534002",A0200001457534WO,A0200000401392WO,WB2604-0015,NFD18-H50,D18H50,D18,H50,"","",D18H50,8.0362,2.0000,4.0181,1.0000,4.0181,1.00,"",104602,79023,0,ASHT-883.R0--Mousse tấm/ASHT-885.R0--Mousse tấm-NỨT,"","",0.00,1.00,2026-07-15 15:32:37.930,2026-07-15 16:06:57.927,2026-07-15 00:00:00.000,2026-07-15 00:00:00.000,XB0033.07/26,XB0033.07/26,0,"",""
FB00113,A0200003703575PX,TP20,SPM011,DCM07,1930.00,1910.00,1150.00,tấm,"1800113200001457535004",A0200001457535WO,A0200000401392WO,WB2604-0015,NFD18-H50,D18H50,D18,H50,"",B25,D18H50,4.2392,1.0000,4.2393,1.0000,-0.0001,0.00,"",104602,79023,0,ASHT-882.R0--Mousse tấm/ASHT-886.R0--Mousse tấm-NỨT,"","",0.00,1728.00,2026-04-13 10:47:40.813,2026-06-24 10:29:24.597,2026-05-31 00:00:00.000,2026-06-23 00:00:00.000,TONKHO,XB0051.06/26,0,"",""
FB00113,A0200003700636PX,TP20,SPM011,DCM07,1370.00,1910.00,1110.00,tấm,"1800113200001457536001",A0200001457536WO,A0200000401392WO,WB2604-0015,NFD18-H50,D18H50,D18,H50,"",B24,D18H50,2.9045,1.0000,2.9045,1.0000,0.0000,0.00,"",104602,79023,0,ASHT-883.R0--Mousse tấm,"","",0.00,1420.00,2026-04-13 10:47:40.790,2026-06-11 14:45:27.570,2026-05-31 00:00:00.000,2026-06-11 00:00:00.000,TONKHO,XB0025.06/26,0,"",""
FB00113,A0200003704076PX,TP20,SPM011,DCM07,1360.00,1950.00,1120.00,tấm,"1800113200001457537002",A0200001457537WO,A0200000401392WO,WB2604-0015,NFD18-H50,D18H50,D18,H50,"",B25,D18H50,2.9702,1.0000,2.9702,1.0000,0.0000,0.00,"",104602,79023,0,ASHT-884.R0--Mousse tấm,"","",0.00,1757.00,2026-04-13 10:47:40.793,2026-06-25 15:11:12.443,2026-05-31 00:00:00.000,2026-06-22 00:00:00.000,TONKHO,XB0046.06/26,0,"",""
FB00113,A0200003700137PX,TP20,SPM011,DCM07,1950.00,2050.00,1120.00,tấm,"1800113200001457544001",A0200001457544WO,A0200000401392WO,WB2604-0015,NFD18-H50,D18H50,D18,H50,"",B4,D18H50,4.4772,1.0000,4.4772,1.0000,0.0000,0.00,"",104602,79023,0,ASHT-882.R0--Mousse tấm/ASHT-886.R0--Mousse tấm,"","",0.00,1344.00,2026-04-13 10:47:40.597,2026-06-08 10:29:30.043,2026-05-31 00:00:00.000,2026-06-08 00:00:00.000,TONKHO,XB0018.06/26,0,"",""
FB00113,A0200003699537PX,TP20,SPM011,DCM07,1930.00,2050.00,1140.00,tấm,"1800113200001457550001",A0200001457550WO,A0200000401392WO,WB2604-0015,NFD18-H50,D18H50,D18,H50,"",B4,D18H50,4.5104,1.0000,4.5104,1.0000,0.0000,0.00,"",104602,79023,0,ASHT-882.R0--Mousse tấm/ASHT-884.R0--Mousse tấm,"","",0.00,1272.00,2026-04-13 10:47:40.610,2026-06-05 10:12:20.003,2026-05-31 00:00:00.000,2026-06-05 00:00:00.000,TONKHO,XB0014.06/26,0,"",""
FB00113,A0200003699538PX,TP20,SPM011,DCM07,1940.00,2050.00,1140.00,tấm,"1800113200001457550002",A0200001457550WO,A0200000401392WO,WB2604-0015,NFD18-H50,D18H50,D18,H50,"",B4,D18H50,4.5338,1.0000,4.5338,1.0000,0.0000,0.00,"",104602,79023,0,ASHT-882.R0--Mousse tấm/ASHT-885.R0--Mousse tấm,"","",0.00,1272.00,2026-04-13 10:47:40.613,2026-06-05 10:12:20.013,2026-05-31 00:00:00.000,2026-06-05 00:00:00.000,TONKHO,XB0014.06/26,0,"",""
FB00113,A0200003707813PX,TP20,SPM011,DCM07,1950.00,2050.00,870.00,tấm,"1800113200001457642001",A0200001457642WO,A0200000401428WO,WB2604-0016,NFD18-H50,D18H50,D18,H50,"",B8,D18H50,3.4778,1.0000,3.4778,1.0000,0.0000,0.00,"",104602,79023,0,ASHT-885.R0--Mousse tấm,"","",0.00,2087.00,2026-04-13 10:47:40.710,2026-07-09 09:52:44.940,2026-05-31 00:00:00.000,2026-07-09 00:00:00.000,TONKHO,XB0020.07/26,0,"",""
FB00113,A0200003709576PX,TP20,SPM011,DCM07,1960.00,2150.00,830.00,tấm,"1800113200001459899001",A0200001459899WO,A0200000402225WO,WB2604-0035,NFD18-H50,D18H50,D18,H50,"",B8,D18H50,3.4976,1.0000,3.4976,1.0000,0.0000,0.00,"",104602,79023,0,"","","",0.00,2013.00,2026-04-24 13:34:43.480,2026-07-17 10:11:18.563,2026-05-31 00:00:00.000,2026-07-17 00:00:00.000,TONKHO,XB0036.07/26,0,"",""
FB00113,A0200003707812PX,TP20,SPM011,DCM07,1960.00,2040.00,1100.00,tấm,"1800113200001459903001",A0200001459903WO,A0200000402228WO,WB2604-0036,NFD18-H50,D18H50,D18,H50,"",B2,D18H50,4.3982,1.0000,4.3982,1.0000,0.0000,0.00,"",104602,79023,0,ASHT-884.R0--Mousse tấm,"","",0.00,1700.00,2026-04-29 13:36:26.757,2026-07-09 09:52:44.917,2026-05-31 00:00:00.000,2026-07-09 00:00:00.000,TONKHO,XB0020.07/26,0,"",""
FB00113,A0200003699890PX,TP20,SPM011,DCM07,1970.00,2040.00,1140.00,tấm,"1800113200001459903002",A0200001459903WO,A0200000402228WO,WB2604-0036,NFD18-H50,D18H50,D18,H50,"",B2,D18H50,4.5814,1.0000,4.5814,1.0000,0.0000,0.00,"",104602,79023,0,ASHT-884.R0--Mousse tấm,"","",0.00,908.00,2026-04-29 13:36:26.773,2026-06-06 09:43:48.247,2026-05-31 00:00:00.000,2026-06-06 00:00:00.000,TONKHO,XB0016.06/26,0,"",""
FB00113,A0200003699897PX,TP20,SPM011,DCM07,1980.00,2040.00,980.00,tấm,"1800113200001459904001",A0200001459904WO,A0200000402228WO,WB2604-0036,NFD18-H50,D18H50,D18,H50,"",B2,D18H50,3.9584,1.0000,3.9584,1.0000,0.0000,0.00,"",104602,79023,0,ASHT-881.R0--Mousse tấm BU,"","",0.00,908.00,2026-04-29 13:36:26.690,2026-06-06 09:43:48.420,2026-05-31 00:00:00.000,2026-06-06 00:00:00.000,TONKHO,XB0016.06/26,0,"",""
FB00113,A0200003699896PX,TP20,SPM011,DCM07,1950.00,2040.00,1040.00,tấm,"1800113200001459904002",A0200001459904WO,A0200000402228WO,WB2604-0036,NFD18-H50,D18H50,D18,H50,"",B2,D18H50,4.1371,1.0000,4.1371,1.0000,0.0000,0.00,"",104602,79023,0,ASHT-881.R0--Mousse tấm BU,"","",0.00,908.00,2026-04-29 13:36:26.737,2026-06-06 09:43:48.397,2026-05-31 00:00:00.000,2026-06-06 00:00:00.000,TONKHO,XB0016.06/26,0,"",""
FB00113,A0200003699515PX,TP20,SPM011,DCM07,1560.00,2040.00,1130.00,tấm,"1800113200001459909001",A0200001459909WO,A0200000402228WO,WB2604-0036,NFD18-H50,D18H50,D18,H50,"",B4,D18H50,3.5961,1.0000,3.5961,1.0000,0.0000,0.00,"",104602,79023,0,ASHT-881.R0--Mousse tấm BU,"","",0.00,884.00,2026-04-29 13:36:26.950,2026-06-05 09:43:00.570,2026-05-31 00:00:00.000,2026-06-04 00:00:00.000,TONKHO,XB0012.06/26,0,"",""
FB00113,A0200003700676PX,TP20,SPM011,DCM07,1550.00,2040.00,900.00,tấm,"1800113200001459911002",A0200001459911WO,A0200000402228WO,WB2604-0036,NFD18-H50,D18H50,D18,H50,"",B4,D18H50,2.8458,1.0000,2.8458,1.0000,0.0000,0.00,"",104602,79023,0,ASHT-883.R0--Mousse tấm/ASHT-885.R0--Mousse tấm,"","",0.00,1033.00,2026-04-29 13:36:26.597,2026-06-11 14:57:40.283,2026-05-31 00:00:00.000,2026-06-11 00:00:00.000,TONKHO,XB0025.06/26,0,"",""
FB00113,A0200003699495PX,TP20,SPM011,DCM07,1370.00,1910.00,1090.00,tấm,"1800113200001463914001",A0200001463914WO,A0200000403510WO,WB2605-0022,NFD18-H50,D18H50,D18,H50,"",B1,D18H50,2.8522,1.0000,2.8522,1.0000,0.0000,0.00,"",104602,79023,0,ASHT-885.R0--Mousse tấm,"","",0.00,360.00,2026-05-20 11:23:03.837,2026-06-04 11:13:52.387,2026-05-31 00:00:00.000,2026-06-04 00:00:00.000,TONKHO,XB0012.06/26,0,"",""
FB00113,A0200003699496PX,TP20,SPM011,DCM07,1350.00,1910.00,1060.00,tấm,"1800113200001463914002",A0200001463914WO,A0200000403510WO,WB2605-0022,NFD18-H50,D18H50,D18,H50,"",B1,D18H50,2.7332,1.0000,2.7332,1.0000,0.0000,0.00,"",104602,79023,0,ASHT-885.R0--Mousse tấm,"","",0.00,360.00,2026-05-20 11:23:03.870,2026-06-04 11:13:52.430,2026-05-31 00:00:00.000,2026-06-04 00:00:00.000,TONKHO,XB0012.06/26,0,"",""
FB00113,A0200003699494PX,TP20,SPM011,DCM07,1390.00,1910.00,1080.00,tấm,"1800113200001463914003",A0200001463914WO,A0200000403510WO,WB2605-0022,NFD18-H50,D18H50,D18,H50,"",B1,D18H50,2.8673,1.0000,2.8673,1.0000,0.0000,0.00,"",104602,79023,0,ASHT-885.R0--Mousse tấm,"","",0.00,360.00,2026-05-20 11:23:03.853,2026-06-04 11:13:52.343,2026-05-31 00:00:00.000,2026-06-04 00:00:00.000,TONKHO,XB0012.06/26,0,"",""
FB00113,A0200003699497PX,TP20,SPM011,DCM07,1380.00,1910.00,1030.00,tấm,"1800113200001463914004",A0200001463914WO,A0200000403510WO,WB2605-0022,NFD18-H50,D18H50,D18,H50,"",B1,D18H50,2.7149,1.0000,2.7149,1.0000,0.0000,0.00,"",104602,79023,0,ASHT-885.R0--Mousse tấm,"","",0.00,360.00,2026-05-20 11:23:03.887,2026-06-04 11:13:52.473,2026-05-31 00:00:00.000,2026-06-04 00:00:00.000,TONKHO,XB0012.06/26,0,"",""
FB00113,A0200003705027PX,TP20,SPM011,DCM07,1380.00,1910.00,1090.00,tấm,"1800113200001463914005",A0200001463914WO,A0200000403510WO,WB2605-0022,NFD18-H50,D18H50,D18,H50,"",B1,D18H50,2.8730,1.0000,2.8730,1.0000,0.0000,0.00,"",104602,79023,0,ASHT-885.R0--Mousse tấm,"","",0.00,916.00,2026-05-20 11:23:03.803,2026-06-27 15:41:30.740,2026-05-31 00:00:00.000,2026-06-27 00:00:00.000,TONKHO,XB0057.06/26,0,"",""
FB00113,A0200003699493PX,TP20,SPM011,DCM07,1360.00,1910.00,1090.00,tấm,"1800113200001463914006",A0200001463914WO,A0200000403510WO,WB2605-0022,NFD18-H50,D18H50,D18,H50,"",B1,D18H50,2.8314,1.0000,2.8314,1.0000,0.0000,0.00,"",104602,79023,0,ASHT-885.R0--Mousse tấm,"","",0.00,360.00,2026-05-20 11:23:03.820,2026-06-04 11:13:52.303,2026-05-31 00:00:00.000,2026-06-04 00:00:00.000,TONKHO,XB0012.06/26,0,"",""
FB00113,A0200003699894PX,TP20,SPM011,DCM07,1380.00,1910.00,1100.00,tấm,"1800113200001463916001",A0200001463916WO,A0200000403510WO,WB2605-0022,NFD18-H50,D18H50,D18,H50,"",B1,D18H50,2.8994,1.0000,2.8994,1.0000,0.0000,0.00,"",104602,79023,0,ASHT-885.R0--Mousse tấm,"","",0.00,406.00,2026-05-20 11:23:03.770,2026-06-06 09:43:48.327,2026-05-31 00:00:00.000,2026-06-06 00:00:00.000,TONKHO,XB0016.06/26,0,"",""
FB00113,A0200003700566PX,TP20,SPM011,DCM07,1360.00,1910.00,1110.00,tấm,"1800113200001463917001",A0200001463917WO,A0200000403510WO,WB2605-0022,NFD18-H50,D18H50,D18,H50,"",B1,D18H50,2.8833,1.0000,2.8833,1.0000,0.0000,0.00,"",104602,79023,0,ASHT-886.R0--Mousse tấm,"","",0.00,525.00,2026-05-20 11:23:03.697,2026-06-11 08:55:19.853,2026-05-31 00:00:00.000,2026-06-11 00:00:00.000,TONKHO,XB0025.06/26,0,"",""
FB00113,A0200003700637PX,TP20,SPM011,DCM07,1340.00,1910.00,1120.00,tấm,"1800113200001463917002",A0200001463917WO,A0200000403510WO,WB2605-0022,NFD18-H50,D18H50,D18,H50,"",B1,D18H50,2.8665,1.0000,2.8665,1.0000,0.0000,0.00,"",104602,79023,0,ASHT-886.R0--Mousse tấm,"","",0.00,531.00,2026-05-20 11:23:03.717,2026-06-11 14:45:27.583,2026-05-31 00:00:00.000,2026-06-11 00:00:00.000,TONKHO,XB0025.06/26,0,"",""
FB00113,A0200003700420PX,TP20,SPM011,DCM07,1360.00,1910.00,1110.00,tấm,"1800113200001463917003",A0200001463917WO,A0200000403510WO,WB2605-0022,NFD18-H50,D18H50,D18,H50,"",B1,D18H50,2.8833,1.0000,2.8833,1.0000,0.0000,0.00,"",104602,79023,0,ASHT-886.R0--Mousse tấm,"","",0.00,503.00,2026-05-20 11:23:03.733,2026-06-10 10:25:54.090,2026-05-31 00:00:00.000,2026-06-10 00:00:00.000,TONKHO,XB0023.06/26,0,"",""
FB00113,A0200003699892PX,TP20,SPM011,DCM07,1350.00,1910.00,1110.00,tấm,"1800113200001463918001",A0200001463918WO,A0200000403510WO,WB2605-0022,NFD18-H50,D18H50,D18,H50,"",B1,D18H50,2.8621,1.0000,2.8621,1.0000,0.0000,0.00,"",104602,79023,0,ASHT-885.R0--Mousse tấm,"","",0.00,406.00,2026-05-20 11:23:03.750,2026-06-06 09:43:48.303,2026-05-31 00:00:00.000,2026-06-06 00:00:00.000,TONKHO,XB0016.06/26,0,"",""
FB00113,A0200003700423PX,TP20,SPM011,DCM07,1360.00,1910.00,1120.00,tấm,"1800113200001463918002",A0200001463918WO,A0200000403510WO,WB2605-0022,NFD18-H50,D18H50,D18,H50,"",B1,D18H50,2.9093,1.0000,2.9093,1.0000,0.0000,0.00,"",104602,79023,0,ASHT-885.R0--Mousse tấm,"","",0.00,503.00,2026-05-20 11:23:03.680,2026-06-10 10:25:54.270,2026-05-31 00:00:00.000,2026-06-10 00:00:00.000,TONKHO,XB0023.06/26,0,"",""
FB00113,A0200003700421PX,TP20,SPM011,DCM07,1350.00,1910.00,1120.00,tấm,"1800113200001463918003",A0200001463918WO,A0200000403510WO,WB2605-0022,NFD18-H50,D18H50,D18,H50,"",B1,D18H50,2.8879,1.0000,2.8879,1.0000,0.0000,0.00,"",104602,79023,0,ASHT-885.R0--Mousse tấm,"","",0.00,503.00,2026-05-20 11:23:03.660,2026-06-10 10:25:54.173,2026-05-31 00:00:00.000,2026-06-10 00:00:00.000,TONKHO,XB0023.06/26,0,"",""
FB00113,A0200003700419PX,TP20,SPM011,DCM07,1380.00,1910.00,1130.00,tấm,"1800113200001463919001",A0200001463919WO,A0200000403510WO,WB2605-0022,NFD18-H50,D18H50,D18,H50,"",B1,D18H50,2.9785,1.0000,2.9785,1.0000,0.0000,0.00,"",104602,79023,0,ASHT-886.R0--Mousse tấm,"","",0.00,503.00,2026-05-20 11:23:03.643,2026-06-10 10:25:52.833,2026-05-31 00:00:00.000,2026-06-10 00:00:00.000,TONKHO,XB0023.06/26,0,"",""
FB00113,A0200003699893PX,TP20,SPM011,DCM07,1380.00,1910.00,1090.00,tấm,"1800113200001463919004",A0200001463919WO,A0200000403510WO,WB2605-0022,NFD18-H50,D18H50,D18,H50,"",B1,D18H50,2.8730,1.0000,2.8730,1.0000,0.0000,0.00,"",104602,79023,0,ASHT-886.R0--Mousse tấm,"","",0.00,406.00,2026-05-20 11:23:03.553,2026-06-06 09:43:48.313,2026-05-31 00:00:00.000,2026-06-06 00:00:00.000,TONKHO,XB0016.06/26,0,"",""
FB00113,A0200003700422PX,TP20,SPM011,DCM07,1370.00,1910.00,1110.00,tấm,"1800113200001463919005",A0200001463919WO,A0200000403510WO,WB2605-0022,NFD18-H50,D18H50,D18,H50,"",B1,D18H50,2.9045,1.0000,2.9045,1.0000,0.0000,0.00,"",104602,79023,0,ASHT-886.R0--Mousse tấm,"","",0.00,503.00,2026-05-20 11:23:03.610,2026-06-10 10:25:54.233,2026-05-31 00:00:00.000,2026-06-10 00:00:00.000,TONKHO,XB0023.06/26,0,"",""
FB00113,A0200003702795PX,TP20,SPM011,DCM07,1560.00,2060.00,1100.00,tấm,"1800113200001463920001",A0200001463920WO,A0200000403510WO,WB2605-0022,NFD18-H50,D18H50,D18,H50,"",B10,D18H50,3.5350,1.0000,3.5350,1.0000,0.0000,0.00,"",104602,79023,0,ASHT-885.R0--Mousse tấm,"","",0.00,791.00,2026-05-20 11:23:03.410,2026-06-22 10:04:14.227,2026-05-31 00:00:00.000,2026-06-22 00:00:00.000,TONKHO,XB0046.06/26,0,"",""
FB00113,A0200003699488PX,TP20,SPM011,DCM07,1560.00,2060.00,1130.00,tấm,"1800113200001463920002",A0200001463920WO,A0200000403510WO,WB2605-0022,NFD18-H50,D18H50,D18,H50,"",B10,D18H50,3.6314,1.0000,3.6314,1.0000,0.0000,0.00,"",104602,79023,0,ASHT-885.R0--Mousse tấm,"","",0.00,360.00,2026-05-20 11:23:03.373,2026-06-04 11:13:52.007,2026-05-31 00:00:00.000,2026-06-04 00:00:00.000,TONKHO,XB0012.06/26,0,"",""
FB00113,A0200003699489PX,TP20,SPM011,DCM07,1540.00,2060.00,1130.00,tấm,"1800113200001463920003",A0200001463920WO,A0200000403510WO,WB2605-0022,NFD18-H50,D18H50,D18,H50,"",B10,D18H50,3.5848,1.0000,3.5848,1.0000,0.0000,0.00,"",104602,79023,0,ASHT-885.R0--Mousse tấm,"","",0.00,360.00,2026-05-20 11:23:03.390,2026-06-04 11:13:52.050,2026-05-31 00:00:00.000,2026-06-04 00:00:00.000,TONKHO,XB0012.06/26,0,"",""
FB00113,A0200003699543PX,TP20,SPM011,DCM07,1950.00,2060.00,1130.00,tấm,"1800113200001463921001",A0200001463921WO,A0200000403510WO,WB2605-0022,NFD18-H50,D18H50,D18,H50,"",B10,D18H50,4.5392,1.0000,4.5392,1.0000,0.0000,0.00,"",104602,79023,0,ASHT-886.R0--Mousse tấm,"","",0.00,383.00,2026-05-20 11:23:03.357,2026-06-05 10:12:20.240,2026-05-31 00:00:00.000,2026-06-05 00:00:00.000,TONKHO,XB0014.06/26,0,"",""
FB00113,A0200003699545PX,TP20,SPM011,DCM07,1940.00,2060.00,1140.00,tấm,"1800113200001463921002",A0200001463921WO,A0200000403510WO,WB2605-0022,NFD18-H50,D18H50,D18,H50,"",B10,D18H50,4.5559,1.0000,4.5559,1.0000,0.0000,0.00,"",104602,79023,0,ASHT-886.R0--Mousse tấm,"","",0.00,383.00,2026-05-20 11:23:03.340,2026-06-05 10:12:20.403,2026-05-31 00:00:00.000,2026-06-05 00:00:00.000,TONKHO,XB0014.06/26,0,"",""
FB00113,A0200003700633PX,TP20,SPM011,DCM07,1950.00,2060.00,1140.00,tấm,"1800113200001463921003",A0200001463921WO,A0200000403510WO,WB2605-0022,NFD18-H50,D18H50,D18,H50,"",B10,D18H50,4.5794,1.0000,4.5794,1.0000,0.0000,0.00,"",104602,79023,0,ASHT-886.R0--Mousse tấm,"","",0.00,531.00,2026-05-20 11:23:03.243,2026-06-11 14:45:27.540,2026-05-31 00:00:00.000,2026-06-11 00:00:00.000,TONKHO,XB0025.06/26,0,"",""
FB00113,A0200003706744PX,TP20,SPM011,DCM07,1930.00,2060.00,1130.00,tấm,"1800113200001463922001",A0200001463922WO,A0200000403510WO,WB2605-0022,NFD18-H50,D18H50,D18,H50,"",B10,D18H50,4.4927,1.0000,4.4927,1.0000,0.0000,0.00,"",104602,79023,0,ASHT-885.R0--Mousse tấm,"","",0.00,1079.00,2026-05-20 11:23:03.260,2026-07-04 10:34:01.420,2026-05-31 00:00:00.000,2026-07-04 00:00:00.000,TONKHO,XB0009.07/26,0,"",""
FB00113,A0200003700635PX,TP20,SPM011,DCM07,1960.00,2060.00,1130.00,tấm,"1800113200001463922002",A0200001463922WO,A0200000403510WO,WB2605-0022,NFD18-H50,D18H50,D18,H50,"",B10,D18H50,4.5625,1.0000,4.5625,1.0000,0.0000,0.00,"",104602,79023,0,ASHT-885.R0--Mousse tấm,"","",0.00,531.00,2026-05-20 11:23:03.210,2026-06-11 14:45:27.560,2026-05-31 00:00:00.000,2026-06-11 00:00:00.000,TONKHO,XB0025.06/26,0,"",""
FB00113,A0200003700631PX,TP20,SPM011,DCM07,1960.00,2060.00,1130.00,tấm,"1800113200001463922003",A0200001463922WO,A0200000403510WO,WB2605-0022,NFD18-H50,D18H50,D18,H50,"",B10,D18H50,4.5625,1.0000,4.5625,1.0000,0.0000,0.00,"",104602,79023,0,ASHT-885.R0--Mousse tấm,"","",0.00,531.00,2026-05-20 11:23:03.283,2026-06-11 14:45:26.350,2026-05-31 00:00:00.000,2026-06-11 00:00:00.000,TONKHO,XB0025.06/26,0,"",""
FB00113,A0200003699544PX,TP20,SPM011,DCM07,1930.00,2060.00,1140.00,tấm,"1800113200001463923001",A0200001463923WO,A0200000403510WO,WB2605-0022,NFD18-H50,D18H50,D18,H50,"",B10,D18H50,4.5324,1.0000,4.5324,1.0000,0.0000,0.00,"",104602,79023,0,ASHT-885.R0--Mousse tấm,"","",0.00,383.00,2026-05-20 11:23:03.320,2026-06-05 10:12:20.320,2026-05-31 00:00:00.000,2026-06-05 00:00:00.000,TONKHO,XB0014.06/26,0,"",""
FB00113,A0200003710554PX,TP20,SPM011,DCM07,1910.00,2060.00,1130.00,tấm,"1800113200001463924001",A0200001463924WO,A0200000403510WO,WB2605-0022,NFD18-H50,D18H50,D18,H50,"","",D18H50,8.8922,2.0000,8.8922,2.0000,0.0000,0.00,"",104602,79023,0,ASHT-885.R0--Mousse tấm,"","",0.00,138.00,2026-07-15 15:32:37.930,2026-07-21 09:54:49.097,2026-07-15 00:00:00.000,2026-07-21 00:00:00.000,XB0033.07/26,XB0045.07/26,0,"",""
FB00113,A0200003700634PX,TP20,SPM011,DCM07,1570.00,2060.00,1130.00,tấm,"1800113200001463925001",A0200001463925WO,A0200000403510WO,WB2605-0022,NFD18-H50,D18H50,D18,H50,"",B10,D18H50,3.6546,1.0000,3.6547,1.0000,-0.0001,0.00,"",104602,79023,0,ASHT-886.R0--Mousse tấm,"","",0.00,531.00,2026-05-20 11:23:03.177,2026-06-11 14:45:27.550,2026-05-31 00:00:00.000,2026-06-11 00:00:00.000,TONKHO,XB0025.06/26,0,"",""
FB00113,A0200003700632PX,TP20,SPM011,DCM07,1550.00,2060.00,1130.00,tấm,"1800113200001463926001",A0200001463926WO,A0200000403510WO,WB2605-0022,NFD18-H50,D18H50,D18,H50,"",B10,D18H50,3.6081,1.0000,3.6081,1.0000,0.0000,0.00,"",104602,79023,0,ASHT-885.R0--Mousse tấm,"","",0.00,531.00,2026-05-20 11:23:03.193,2026-06-11 14:45:27.530,2026-05-31 00:00:00.000,2026-06-11 00:00:00.000,TONKHO,XB0025.06/26,0,"",""
FB00113,A0200003699546PX,TP20,SPM011,DCM07,1550.00,2060.00,1130.00,tấm,"1800113200001463927001",A0200001463927WO,A0200000403510WO,WB2605-0022,NFD18-H50,D18H50,D18,H50,"",B10,D18H50,3.6081,1.0000,3.6081,1.0000,0.0000,0.00,"",104602,79023,0,ASHT-886.R0--Mousse tấm,"","",0.00,383.00,2026-05-20 11:23:03.100,2026-06-05 10:18:46.250,2026-05-31 00:00:00.000,2026-06-05 00:00:00.000,TONKHO,XB0014.06/26,0,"",""
FB00113,A0200003699541PX,TP20,SPM011,DCM07,1530.00,2060.00,1140.00,tấm,"1800113200001463927002",A0200001463927WO,A0200000403510WO,WB2605-0022,NFD18-H50,D18H50,D18,H50,"",B10,D18H50,3.5931,1.0000,3.5931,1.0000,0.0000,0.00,"",104602,79023,0,ASHT-886.R0--Mousse tấm,"","",0.00,383.00,2026-05-20 11:23:03.127,2026-06-05 10:12:20.210,2026-05-31 00:00:00.000,2026-06-05 00:00:00.000,TONKHO,XB0014.06/26,0,"",""
FB00113,A0200003699540PX,TP20,SPM011,DCM07,1560.00,2060.00,1140.00,tấm,"1800113200001463927003",A0200001463927WO,A0200000403510WO,WB2605-0022,NFD18-H50,D18H50,D18,H50,"",B10,D18H50,3.6635,1.0000,3.6635,1.0000,0.0000,0.00,"",104602,79023,0,ASHT-886.R0--Mousse tấm,"","",0.00,383.00,2026-05-20 11:23:03.143,2026-06-05 10:12:20.107,2026-05-31 00:00:00.000,2026-06-05 00:00:00.000,TONKHO,XB0014.06/26,0,"",""
FB00113,A0200003700564PX,TP20,SPM011,DCM07,1520.00,2060.00,1130.00,tấm,"1800113200001463927004",A0200001463927WO,A0200000403510WO,WB2605-0022,NFD18-H50,D18H50,D18,H50,"",B10,D18H50,3.5383,1.0000,3.5383,1.0000,0.0000,0.00,"",104602,79023,0,ASHT-886.R0--Mousse tấm,"","",0.00,525.00,2026-05-20 11:23:03.160,2026-06-11 08:55:19.797,2026-05-31 00:00:00.000,2026-06-11 00:00:00.000,TONKHO,XB0025.06/26,0,"",""
FB00113,A0200003699482PX,TP20,SPM011,DCM07,1540.00,2060.00,1070.00,tấm,"1800113200001463928001",A0200001463928WO,A0200000403510WO,WB2605-0022,NFD18-H50,D18H50,D18,H50,"",B10,D18H50,3.3945,1.0000,3.3945,1.0000,0.0000,0.00,"",104602,79023,0,ASHT-885.R0--Mousse tấm,"","",0.00,360.00,2026-05-20 11:23:03.043,2026-06-04 11:13:51.613,2026-05-31 00:00:00.000,2026-06-04 00:00:00.000,TONKHO,XB0012.06/26,0,"",""
FB00113,A0200003699542PX,TP20,SPM011,DCM07,1540.00,2060.00,1130.00,tấm,"1800113200001463928002",A0200001463928WO,A0200000403510WO,WB2605-0022,NFD18-H50,D18H50,D18,H50,"",B10,D18H50,3.5848,1.0000,3.5848,1.0000,0.0000,0.00,"",104602,79023,0,ASHT-885.R0--Mousse tấm,"","",0.00,383.00,2026-05-20 11:23:03.077,2026-06-05 10:12:20.227,2026-05-31 00:00:00.000,2026-06-05 00:00:00.000,TONKHO,XB0014.06/26,0,"",""
FB00113,A0200003699481PX,TP20,SPM011,DCM07,1540.00,2060.00,1120.00,tấm,"1800113200001463928003",A0200001463928WO,A0200000403510WO,WB2605-0022,NFD18-H50,D18H50,D18,H50,"",B10,D18H50,3.5531,1.0000,3.5531,1.0000,0.0000,0.00,"",104602,79023,0,ASHT-885.R0--Mousse tấm,"","",0.00,360.00,2026-05-20 11:23:03.060,2026-06-04 11:13:51.517,2026-05-31 00:00:00.000,2026-06-04 00:00:00.000,TONKHO,XB0012.06/26,0,"",""
FB00113,A0200003699895PX,TP20,SPM011,DCM07,1940.00,1910.00,860.00,tấm,"1800113200001464207001",A0200001464207WO,A0200000403612WO,WB2605-0023,NFD18-H50,D18H50,D18,H50,"",B1,D18H50,3.1866,1.0000,3.1866,1.0000,0.0000,0.00,"",104602,79023,0,"","","",0.00,406.00,2026-05-20 11:23:03.457,2026-06-06 09:43:48.370,2026-05-31 00:00:00.000,2026-06-06 00:00:00.000,TONKHO,XB0016.06/26,0,"",""
FB00113,A0200003700563PX,TP20,SPM011,DCM07,1950.00,2060.00,960.00,tấm,"1800113200001464208001",A0200001464208WO,A0200000403612WO,WB2605-0023,NFD18-H50,D18H50,D18,H50,"",B10,D18H50,3.8563,1.0000,3.8563,1.0000,0.0000,0.00,"",104602,79023,0,"","","",0.00,525.00,2026-05-20 11:23:03.027,2026-06-11 08:55:18.577,2026-05-31 00:00:00.000,2026-06-11 00:00:00.000,TONKHO,XB0025.06/26,0,"",""
FB00113,A0200003703361PX,TP20,SPM011,DCM07,1370.00,2050.00,1090.00,tấm,"1800113200001469047001",A0200001469047WO,A0200000405180WO,WB2606-0017,NFD18-H50,D18H50,D18,H50,"",B12,D18H50,3.0610,1.0000,3.0610,1.0000,0.0000,0.00,"",104602,79023,0,ASHT-887.R0--Mousse tấm,"",SX THEO DON HANG,0.00,172.00,2026-06-16 10:27:00.863,2026-06-23 14:07:25.503,2026-06-16 00:00:00.000,2026-06-23 00:00:00.000,KK0011.06/26,XB0050.06/26,0,"",""
FB00113,A0200003702803PX,TP20,SPM011,DCM07,1550.00,2050.00,1090.00,tấm,"1800113200001469048001",A0200001469048WO,A0200000405180WO,WB2606-0017,NFD18-H50,D18H50,D18,H50,"",B12,D18H50,3.4630,1.0000,3.4630,1.0000,0.0000,0.00,"",104602,79023,0,ASHT-887.R0--Mousse tấm,"",SX THEO DON HANG,0.00,144.00,2026-06-16 10:27:00.853,2026-06-22 10:04:15.607,2026-06-16 00:00:00.000,2026-06-22 00:00:00.000,KK0011.06/26,XB0046.06/26,0,"",""
FB00113,A0200003702805PX,TP20,SPM011,DCM07,1560.00,2050.00,1090.00,tấm,"1800113200001469048002",A0200001469048WO,A0200000405180WO,WB2606-0017,NFD18-H50,D18H50,D18,H50,"",B12,D18H50,3.4860,1.0000,3.4860,1.0000,0.0000,0.00,"",104602,79023,0,ASHT-887.R0--Mousse tấm,"",SX THEO DON HANG,0.00,144.00,2026-06-16 10:27:00.847,2026-06-22 10:04:15.627,2026-06-16 00:00:00.000,2026-06-22 00:00:00.000,KK0011.06/26,XB0046.06/26,0,"",""
FB00113,A0200003702804PX,TP20,SPM011,DCM07,1570.00,2050.00,1090.00,tấm,"1800113200001469048003",A0200001469048WO,A0200000405180WO,WB2606-0017,NFD18-H50,D18H50,D18,H50,"",B12,D18H50,3.5080,1.0000,3.5080,1.0000,0.0000,0.00,"",104602,79023,0,ASHT-887.R0--Mousse tấm,"",SX THEO DON HANG,0.00,144.00,2026-06-16 10:27:00.857,2026-06-22 10:04:15.620,2026-06-16 00:00:00.000,2026-06-22 00:00:00.000,KK0011.06/26,XB0046.06/26,0,"",""
FB00113,A0200003702806PX,TP20,SPM011,DCM07,1550.00,2050.00,1090.00,tấm,"1800113200001469049001",A0200001469049WO,A0200000405180WO,WB2606-0017,NFD18-H50,D18H50,D18,H50,"",B12,D18H50,3.4630,1.0000,3.4630,1.0000,0.0000,0.00,"",104602,79023,0,ASHT-889.R0--Mousse tấm,"",SX THEO DON HANG,0.00,144.00,2026-06-16 10:27:00.850,2026-06-22 10:04:15.640,2026-06-16 00:00:00.000,2026-06-22 00:00:00.000,KK0011.06/26,XB0046.06/26,0,"",""
FB00113,A0200003702801PX,TP20,SPM011,DCM07,1950.00,2050.00,1090.00,tấm,"1800113200001469050001",A0200001469050WO,A0200000405180WO,WB2606-0017,NFD18-H50,D18H50,D18,H50,"",B12,D18H50,4.3570,1.0000,4.3570,1.0000,0.0000,0.00,"",104602,79023,0,ASHT-889.R0--Mousse tấm,"",SX THEO DON HANG,0.00,144.00,2026-06-16 10:27:00.883,2026-06-22 10:04:15.590,2026-06-16 00:00:00.000,2026-06-22 00:00:00.000,KK0011.06/26,XB0046.06/26,0,"",""
FB00113,A0200003707811PX,TP20,SPM011,DCM07,1950.00,2050.00,1100.00,tấm,"1800113200001469050002",A0200001469050WO,A0200000405180WO,WB2606-0017,NFD18-H50,D18H50,D18,H50,"",B12,D18H50,4.3970,1.0000,4.3970,1.0000,0.0000,0.00,"",104602,79023,0,ASHT-889.R0--Mousse tấm,"",SX THEO DON HANG,0.00,551.00,2026-06-16 10:27:00.893,2026-07-09 09:52:44.887,2026-06-16 00:00:00.000,2026-07-09 00:00:00.000,KK0011.06/26,XB0020.07/26,0,"",""
FB00113,A0200003702802PX,TP20,SPM011,DCM07,1950.00,2050.00,1100.00,tấm,"1800113200001469050003",A0200001469050WO,A0200000405180WO,WB2606-0017,NFD18-H50,D18H50,D18,H50,"",B12,D18H50,4.3970,1.0000,4.3970,1.0000,0.0000,0.00,"",104602,79023,0,ASHT-889.R0--Mousse tấm,"",SX THEO DON HANG,0.00,144.00,2026-06-16 10:27:00.890,2026-06-22 10:04:15.600,2026-06-16 00:00:00.000,2026-06-22 00:00:00.000,KK0011.06/26,XB0046.06/26,0,"",""
FB00113,A0200003707809PX,TP20,SPM011,DCM07,1940.00,2050.00,1100.00,tấm,"1800113200001469050004",A0200001469050WO,A0200000405180WO,WB2606-0017,NFD18-H50,D18H50,D18,H50,"",B12,D18H50,4.3750,1.0000,4.3750,1.0000,0.0000,0.00,"",104602,79023,0,ASHT-889.R0--Mousse tấm,"",SX THEO DON HANG,0.00,551.00,2026-06-16 10:27:00.880,2026-07-09 09:52:44.870,2026-06-16 00:00:00.000,2026-07-09 00:00:00.000,KK0011.06/26,XB0020.07/26,0,"",""
FB00113,A0200003707810PX,TP20,SPM011,DCM07,1950.00,2050.00,1100.00,tấm,"1800113200001469050005",A0200001469050WO,A0200000405180WO,WB2606-0017,NFD18-H50,D18H50,D18,H50,"",B12,D18H50,4.3970,1.0000,4.3970,1.0000,0.0000,0.00,"",104602,79023,0,ASHT-889.R0--Mousse tấm,"",SX THEO DON HANG,0.00,551.00,2026-06-16 10:27:00.900,2026-07-09 09:52:44.880,2026-06-16 00:00:00.000,2026-07-09 00:00:00.000,KK0011.06/26,XB0020.07/26,0,"",""
FB00113,A0200003702807PX,TP20,SPM011,DCM07,1960.00,2050.00,1120.00,tấm,"1800113200001469050006",A0200001469050WO,A0200000405180WO,WB2606-0017,NFD18-H50,D18H50,D18,H50,"",B12,D18H50,4.5000,1.0000,4.5000,1.0000,0.0000,0.00,"",104602,79023,0,ASHT-889.R0--Mousse tấm,"",SX THEO DON HANG,0.00,144.00,2026-06-16 10:27:00.873,2026-06-22 10:04:15.650,2026-06-16 00:00:00.000,2026-06-22 00:00:00.000,KK0011.06/26,XB0046.06/26,0,"",""
FB00113,A0200003709291PX,TP20,SPM011,DCM07,2500.00,2050.00,1060.00,tấm,"1800113200001469111001",A0200001469111WO,A0200000405217WO,WB2606-0018,NFD18-H50,D18H50,D18,H50,"",B12,D18H50,10.8660,2.0000,5.4330,1.0000,5.4330,1.00,"",104602,79023,0,"","",SX THEO DON HANG,0.00,702.00,2026-06-16 10:27:00.830,2026-07-15 16:06:57.960,2026-07-15 00:00:00.000,2026-07-15 00:00:00.000,XB0033.07/26,XB0033.07/26,0,"",RedColor
FB00113,A0200003707383PX,TP20,SPM011,DCM07,1570.00,2150.00,980.00,tấm,"1800113200001469354001",A0200001469354WO,A0200000405295WO,WB2606-0020,NFD18-H50,D18H50,D18,H50,"",A1,D18H50,3.3080,1.0000,3.3080,1.0000,0.0000,0.00,"",104602,79023,0,ASHT-889.R0--Mousse tấm,"",SX THEO ĐƠN HÀNG,0.00,428.00,2026-06-20 13:26:27.437,2026-07-08 09:55:27.353,2026-06-20 00:00:00.000,2026-07-08 00:00:00.000,KK0014.06/26,XB0018.07/26,0,"",""
FB00113,A0200003707384PX,TP20,SPM011,DCM07,1530.00,2150.00,970.00,tấm,"1800113200001469354002",A0200001469354WO,A0200000405295WO,WB2606-0020,NFD18-H50,D18H50,D18,H50,"",A1,D18H50,3.1910,1.0000,3.1910,1.0000,0.0000,0.00,"",104602,79023,0,ASHT-889.R0--Mousse tấm,"",SX THEO ĐƠN HÀNG,0.00,428.00,2026-06-20 13:26:27.440,2026-07-08 09:55:27.363,2026-06-20 00:00:00.000,2026-07-08 00:00:00.000,KK0014.06/26,XB0018.07/26,0,"",""
FB00113,A0200003707094PX,TP20,SPM011,DCM07,1900.00,1910.00,1100.00,tấm,"1800113200001470828001",A0200001470828WO,A0200000405774WO,WB2606-0027,NFD18-H50,D18H50,D18,H50,"",B9,D18H50,3.9920,1.0000,3.9920,1.0000,0.0000,0.00,"",104602,79023,0,ASHT-890.R0--Mousse tấm,"",SX THEO ĐƠN HÀNG,0.00,282.00,2026-06-25 15:17:17.633,2026-07-07 09:32:29.937,2026-06-25 00:00:00.000,2026-07-07 00:00:00.000,KK0017.06/26,XB0014.07/26,0,"",""
FB00113,A0200003707098PX,TP20,SPM011,DCM07,1930.00,1910.00,1060.00,tấm,"1800113200001470829001",A0200001470829WO,A0200000405774WO,WB2606-0027,NFD18-H50,D18H50,D18,H50,"",B9,D18H50,3.9070,1.0000,3.9070,1.0000,0.0000,0.00,"",104602,79023,0,ASHT-890.R0--Mousse tấm,"",SX THEO ĐƠN HÀNG,0.00,282.00,2026-06-25 15:17:17.627,2026-07-07 09:32:30.003,2026-06-25 00:00:00.000,2026-07-07 00:00:00.000,KK0017.06/26,XB0014.07/26,0,"",""
FB00113,A0200003710558PX,TP20,SPM011,DCM07,1950.00,1910.00,950.00,tấm,"1800113200001470829002",A0200001470829WO,A0200000405774WO,WB2606-0027,NFD18-H50,D18H50,D18,H50,"",B9,D18H50,3.5380,1.0000,3.5380,1.0000,0.0000,0.00,"",104602,79023,0,ASHT-890.R0--Mousse tấm,"",SX THEO ĐƠN HÀNG,0.00,618.00,2026-06-25 15:17:17.600,2026-07-21 09:56:22.520,2026-06-25 00:00:00.000,2026-07-21 00:00:00.000,KK0017.06/26,XB0045.07/26,0,"",""
FB00113,A0200003707096PX,TP20,SPM011,DCM07,1930.00,1910.00,1090.00,tấm,"1800113200001470829003",A0200001470829WO,A0200000405774WO,WB2606-0027,NFD18-H50,D18H50,D18,H50,"",B9,D18H50,4.0180,1.0000,4.0180,1.0000,0.0000,0.00,"",104602,79023,0,ASHT-890.R0--Mousse tấm,"",SX THEO ĐƠN HÀNG,0.00,282.00,2026-06-25 15:17:17.630,2026-07-07 09:32:29.983,2026-06-25 00:00:00.000,2026-07-07 00:00:00.000,KK0017.06/26,XB0014.07/26,0,"",""
FB00113,A0200003707092PX,TP20,SPM011,DCM07,1930.00,1910.00,990.00,tấm,"1800113200001470829004",A0200001470829WO,A0200000405774WO,WB2606-0027,NFD18-H50,D18H50,D18,H50,"",B9,D18H50,3.6490,1.0000,3.6490,1.0000,0.0000,0.00,"",104602,79023,0,ASHT-890.R0--Mousse tấm,"",SX THEO ĐƠN HÀNG,0.00,282.00,2026-06-25 15:17:17.607,2026-07-07 09:32:29.890,2026-06-25 00:00:00.000,2026-07-07 00:00:00.000,KK0017.06/26,XB0014.07/26,0,"",""
FB00113,A0200003704080PN,TP20,SPM011,DCM07,1940.00,1910.00,1020.00,tấm,"1800113200001470829005",A0200001470829WO,A0200000405774WO,WB2606-0027,NFD18-H50,D18H50,D18,H50,"",B9,D18H50,3.7800,1.0000,0.0000,0.0000,3.7800,1.00,"",104602,79023,0,ASHT-890.R0--Mousse tấm,"",SX THEO ĐƠN HÀNG,0.00,666.00,2026-06-25 15:17:17.623,,2026-06-25 00:00:00.000,,KK0017.06/26,,0,"",RedColor
FB00113,A0200003707097PX,TP20,SPM011,DCM07,1910.00,1910.00,850.00,tấm,"1800113200001470829006",A0200001470829WO,A0200000405774WO,WB2606-0027,NFD18-H50,D18H50,D18,H50,"",B9,D18H50,3.1010,1.0000,3.1010,1.0000,0.0000,0.00,"",104602,79023,0,ASHT-890.R0--Mousse tấm,"",SX THEO ĐƠN HÀNG,0.00,282.00,2026-06-25 15:17:17.597,2026-07-07 09:32:29.993,2026-06-25 00:00:00.000,2026-07-07 00:00:00.000,KK0017.06/26,XB0014.07/26,0,"",""
FB00113,A0200003707093PX,TP20,SPM011,DCM07,1950.00,1910.00,1100.00,tấm,"1800113200001470830001",A0200001470830WO,A0200000405774WO,WB2606-0027,NFD18-H50,D18H50,D18,H50,"",B9,D18H50,4.0970,1.0000,4.0970,1.0000,0.0000,0.00,"",104602,79023,0,ASHT-890.R0--Mousse tấm,"",SX THEO ĐƠN HÀNG,0.00,282.00,2026-06-25 15:17:17.630,2026-07-07 09:32:29.930,2026-06-25 00:00:00.000,2026-07-07 00:00:00.000,KK0017.06/26,XB0014.07/26,0,"",""
FB00113,A0200003708055PX,TP20,SPM011,DCM07,1430.00,1930.00,770.00,tấm,"1800113200001470965001",A0200001470965WO,A0200000405829WO,WB2606-0028,NFD18-H50,D18H50,D18,H50,"",B12,D18H50,2.1250,1.0000,2.1250,1.0000,0.0000,0.00,"",104602,79023,0,"","",SX DƯ,0.00,309.00,2026-06-27 12:40:45.207,2026-07-10 09:55:48.207,2026-06-27 00:00:00.000,2026-07-10 00:00:00.000,KK0019.06/26,XB0023.07/26,0,"",""
FB00113,A0200003707378PX,TP20,SPM011,DCM07,1540.00,2060.00,1050.00,tấm,"1800113200001470995001",A0200001470995WO,A0200000405836WO,WB2606-0030,NFD18-H50,D18H50,D18,H50,"","",D18H50,3.3310,1.0000,3.3310,1.0000,0.0000,0.00,"",104602,79023,0,ASHT-890.R0--Mousse tấm,"",SX THEO ĐƠN HÀNG,0.00,261.00,2026-06-27 12:40:44.757,2026-07-08 09:55:27.257,2026-06-27 00:00:00.000,2026-07-08 00:00:00.000,KK0019.06/26,XB0018.07/26,0,"",""
FB00113,A0200003710229PX,TP20,SPM011,DCM07,1560.00,2060.00,1000.00,tấm,"1800113200001470995002",A0200001470995WO,A0200000405836WO,WB2606-0030,NFD18-H50,D18H50,D18,H50,"","",D18H50,3.2140,1.0000,3.2140,1.0000,0.0000,0.00,"",104602,79023,0,ASHT-890.R0--Mousse tấm,"",SX THEO ĐƠN HÀNG,0.00,553.00,2026-06-27 12:40:44.867,2026-07-20 13:21:22.890,2026-06-27 00:00:00.000,2026-07-20 00:00:00.000,KK0019.06/26,XB0042.07/26,0,"",""
FB00113,A0200003707376PX,TP20,SPM011,DCM07,1550.00,2060.00,1050.00,tấm,"1800113200001470995003",A0200001470995WO,A0200000405836WO,WB2606-0030,NFD18-H50,D18H50,D18,H50,"","",D18H50,3.3530,1.0000,3.3530,1.0000,0.0000,0.00,"",104602,79023,0,ASHT-890.R0--Mousse tấm,"",SX THEO ĐƠN HÀNG,0.00,261.00,2026-06-27 12:40:44.770,2026-07-08 09:55:27.237,2026-06-27 00:00:00.000,2026-07-08 00:00:00.000,KK0019.06/26,XB0018.07/26,0,"",""
FB00113,A0200003708053PX,TP20,SPM011,DCM07,1560.00,2060.00,1090.00,tấm,"1800113200001470995004",A0200001470995WO,A0200000405836WO,WB2606-0030,NFD18-H50,D18H50,D18,H50,"","",D18H50,3.5030,1.0000,3.5030,1.0000,0.0000,0.00,"",104602,79023,0,ASHT-890.R0--Mousse tấm,"",SX THEO ĐƠN HÀNG,0.00,309.00,2026-06-27 12:40:44.893,2026-07-10 09:55:48.153,2026-06-27 00:00:00.000,2026-07-10 00:00:00.000,KK0019.06/26,XB0023.07/26,0,"",""
FB00113,A0200003707379PX,TP20,SPM011,DCM07,1530.00,2060.00,1030.00,tấm,"1800113200001470995005",A0200001470995WO,A0200000405836WO,WB2606-0030,NFD18-H50,D18H50,D18,H50,"","",D18H50,3.2460,1.0000,3.2460,1.0000,0.0000,0.00,"",104602,79023,0,ASHT-890.R0--Mousse tấm,"",SX THEO ĐƠN HÀNG,0.00,261.00,2026-06-27 12:40:44.760,2026-07-08 09:55:27.267,2026-06-27 00:00:00.000,2026-07-08 00:00:00.000,KK0019.06/26,XB0018.07/26,0,"",""
FB00113,A0200003707380PX,TP20,SPM011,DCM07,1550.00,2060.00,1050.00,tấm,"1800113200001470995006",A0200001470995WO,A0200000405836WO,WB2606-0030,NFD18-H50,D18H50,D18,H50,"","",D18H50,3.3530,1.0000,3.3530,1.0000,0.0000,0.00,"",104602,79023,0,ASHT-890.R0--Mousse tấm,"",SX THEO ĐƠN HÀNG,0.00,261.00,2026-06-27 12:40:44.773,2026-07-08 09:55:27.277,2026-06-27 00:00:00.000,2026-07-08 00:00:00.000,KK0019.06/26,XB0018.07/26,0,"",""
FB00113,A0200003706020PX,TP20,SPM011,DCM07,1950.00,2060.00,1060.00,tấm,"1800113200001470996001",A0200001470996WO,A0200000405836WO,WB2606-0030,NFD18-H50,D18H50,D18,H50,"","",D18H50,4.2580,1.0000,4.2580,1.0000,0.0000,0.00,"",104602,79023,0,ASHT-889.R0--Mousse tấm,"",SX THEO ĐƠN HÀNG,0.00,95.00,2026-06-27 12:40:44.793,2026-07-01 11:13:39.370,2026-06-27 00:00:00.000,2026-07-01 00:00:00.000,KK0019.06/26,XB0001.07/26,0,"",""
FB00113,A0200003706024PX,TP20,SPM011,DCM07,1930.00,2060.00,1100.00,tấm,"1800113200001470996002",A0200001470996WO,A0200000405836WO,WB2606-0030,NFD18-H50,D18H50,D18,H50,"","",D18H50,4.3730,1.0000,4.3730,1.0000,0.0000,0.00,"",104602,79023,0,ASHT-889.R0--Mousse tấm,"",SX THEO ĐƠN HÀNG,0.00,95.00,2026-06-27 12:40:44.807,2026-07-01 11:13:39.727,2026-06-27 00:00:00.000,2026-07-01 00:00:00.000,KK0019.06/26,XB0001.07/26,0,"",""
FB00113,A0200003706023PX,TP20,SPM011,DCM07,1940.00,2060.00,1080.00,tấm,"1800113200001470996003",A0200001470996WO,A0200000405836WO,WB2606-0030,NFD18-H50,D18H50,D18,H50,"","",D18H50,4.3160,1.0000,4.3160,1.0000,0.0000,0.00,"",104602,79023,0,ASHT-889.R0--Mousse tấm,"",SX THEO ĐƠN HÀNG,0.00,95.00,2026-06-27 12:40:44.800,2026-07-01 11:13:39.673,2026-06-27 00:00:00.000,2026-07-01 00:00:00.000,KK0019.06/26,XB0001.07/26,0,"",""
FB00113,A0200003707377PX,TP20,SPM011,DCM07,1520.00,2060.00,1040.00,tấm,"1800113200001470997001",A0200001470997WO,A0200000405836WO,WB2606-0030,NFD18-H50,D18H50,D18,H50,"","",D18H50,3.2560,1.0000,3.2560,1.0000,0.0000,0.00,"",104602,79023,0,ASHT-889.R0--Mousse tấm,"",SX THEO ĐƠN HÀNG,0.00,261.00,2026-06-27 12:40:44.763,2026-07-08 09:55:27.247,2026-06-27 00:00:00.000,2026-07-08 00:00:00.000,KK0019.06/26,XB0018.07/26,0,"",""
FB00113,A0200003707382PX,TP20,SPM011,DCM07,1550.00,2060.00,1100.00,tấm,"1800113200001470997002",A0200001470997WO,A0200000405836WO,WB2606-0030,NFD18-H50,D18H50,D18,H50,"","",D18H50,3.5120,1.0000,3.5120,1.0000,0.0000,0.00,"",104602,79023,0,ASHT-889.R0--Mousse tấm,"",SX THEO ĐƠN HÀNG,0.00,261.00,2026-06-27 12:40:44.910,2026-07-08 09:55:27.317,2026-06-27 00:00:00.000,2026-07-08 00:00:00.000,KK0019.06/26,XB0018.07/26,0,"",""
FB00113,A0200003710230PX,TP20,SPM011,DCM07,1560.00,2060.00,1090.00,tấm,"1800113200001470997003",A0200001470997WO,A0200000405836WO,WB2606-0030,NFD18-H50,D18H50,D18,H50,"","",D18H50,3.5030,1.0000,3.5030,1.0000,0.0000,0.00,"",104602,79023,0,ASHT-889.R0--Mousse tấm,"",SX THEO ĐƠN HÀNG,0.00,553.00,2026-06-27 12:40:44.903,2026-07-20 13:21:22.907,2026-06-27 00:00:00.000,2026-07-20 00:00:00.000,KK0019.06/26,XB0042.07/26,0,"",""
FB00113,A0200003704531PN,TP20,SPM011,DCM07,1550.00,2060.00,1090.00,tấm,"1800113200001470997004",A0200001470997WO,A0200000405836WO,WB2606-0030,NFD18-H50,D18H50,D18,H50,"","",D18H50,3.4800,1.0000,0.0000,0.0000,3.4800,1.00,"",104602,79023,0,ASHT-889.R0--Mousse tấm,"",SX THEO ĐƠN HÀNG,0.00,621.00,2026-06-27 12:40:44.900,,2026-06-27 00:00:00.000,,KK0019.06/26,,0,"",RedColor
FB00113,A0200003704527PN,TP20,SPM011,DCM07,1550.00,2060.00,1100.00,tấm,"1800113200001470998001",A0200001470998WO,A0200000405836WO,WB2606-0030,NFD18-H50,D18H50,D18,H50,"","",D18H50,3.5120,1.0000,0.0000,0.0000,3.5120,1.00,"",104602,79023,0,ASHT-890.R0--Mousse tấm,"",SX THEO ĐƠN HÀNG,0.00,621.00,2026-06-27 12:40:44.877,,2026-06-27 00:00:00.000,,KK0019.06/26,,0,"",RedColor
FB00113,A0200003708052PX,TP20,SPM011,DCM07,1550.00,2060.00,1090.00,tấm,"1800113200001470998002",A0200001470998WO,A0200000405836WO,WB2606-0030,NFD18-H50,D18H50,D18,H50,"","",D18H50,3.4800,1.0000,3.4800,1.0000,0.0000,0.00,"",104602,79023,0,ASHT-890.R0--Mousse tấm,"",SX THEO ĐƠN HÀNG,0.00,309.00,2026-06-27 12:40:44.883,2026-07-10 09:55:48.147,2026-06-27 00:00:00.000,2026-07-10 00:00:00.000,KK0019.06/26,XB0023.07/26,0,"",""
FB00113,A0200003710228PX,TP20,SPM011,DCM07,1550.00,2060.00,1080.00,tấm,"1800113200001470998003",A0200001470998WO,A0200000405836WO,WB2606-0030,NFD18-H50,D18H50,D18,H50,"","",D18H50,3.4480,1.0000,3.4480,1.0000,0.0000,0.00,"",104602,79023,0,ASHT-890.R0--Mousse tấm,"",SX THEO ĐƠN HÀNG,0.00,553.00,2026-06-27 12:40:44.873,2026-07-20 13:21:21.683,2026-06-27 00:00:00.000,2026-07-20 00:00:00.000,KK0019.06/26,XB0042.07/26,0,"",""
FB00113,A0200003708051PX,TP20,SPM011,DCM07,1550.00,2060.00,1090.00,tấm,"1800113200001470998004",A0200001470998WO,A0200000405836WO,WB2606-0030,NFD18-H50,D18H50,D18,H50,"","",D18H50,3.4800,1.0000,3.4800,1.0000,0.0000,0.00,"",104602,79023,0,ASHT-890.R0--Mousse tấm,"",SX THEO ĐƠN HÀNG,0.00,309.00,2026-06-27 12:40:44.890,2026-07-10 09:55:46.913,2026-06-27 00:00:00.000,2026-07-10 00:00:00.000,KK0019.06/26,XB0023.07/26,0,"",""
FB00113,A0200003706224PX,TP20,SPM011,DCM07,1930.00,2060.00,1120.00,tấm,"1800113200001470999001",A0200001470999WO,A0200000405836WO,WB2606-0030,NFD18-H50,D18H50,D18,H50,"","",D18H50,4.4530,1.0000,4.4530,1.0000,0.0000,0.00,"",104602,79023,0,ASHT-890.R0--Mousse tấm,"",SX THEO ĐƠN HÀNG,0.00,117.00,2026-06-27 12:40:44.820,2026-07-02 09:35:25.340,2026-06-27 00:00:00.000,2026-07-02 00:00:00.000,KK0019.06/26,XB0004.07/26,0,"",""
FB00113,A0200003706225PX,TP20,SPM011,DCM07,1940.00,2060.00,1120.00,tấm,"1800113200001470999002",A0200001470999WO,A0200000405836WO,WB2606-0030,NFD18-H50,D18H50,D18,H50,"","",D18H50,4.4760,1.0000,4.4760,1.0000,0.0000,0.00,"",104602,79023,0,ASHT-890.R0--Mousse tấm,"",SX THEO ĐƠN HÀNG,0.00,117.00,2026-06-27 12:40:44.827,2026-07-02 09:35:25.350,2026-06-27 00:00:00.000,2026-07-02 00:00:00.000,KK0019.06/26,XB0004.07/26,0,"",""
FB00113,A0200003706019PX,TP20,SPM011,DCM07,1950.00,2060.00,1130.00,tấm,"1800113200001470999003",A0200001470999WO,A0200000405836WO,WB2606-0030,NFD18-H50,D18H50,D18,H50,"","",D18H50,4.5390,1.0000,4.5390,1.0000,0.0000,0.00,"",104602,79023,0,ASHT-890.R0--Mousse tấm,"",SX THEO ĐƠN HÀNG,0.00,95.00,2026-06-27 12:40:44.947,2026-07-01 11:13:37.980,2026-06-27 00:00:00.000,2026-07-01 00:00:00.000,KK0019.06/26,XB0001.07/26,0,"",""
FB00113,A0200003707814PX,TP20,SPM011,DCM07,1940.00,2060.00,1120.00,tấm,"1800113200001470999004",A0200001470999WO,A0200000405836WO,WB2606-0030,NFD18-H50,D18H50,D18,H50,"","",D18H50,4.4760,1.0000,4.4760,1.0000,0.0000,0.00,"",104602,79023,0,ASHT-890.R0--Mousse tấm,"",SX THEO ĐƠN HÀNG,0.00,285.00,2026-06-27 12:40:44.830,2026-07-09 09:52:44.950,2026-06-27 00:00:00.000,2026-07-09 00:00:00.000,KK0019.06/26,XB0020.07/26,0,"",""
FB00113,A0200003706022PX,TP20,SPM011,DCM07,1950.00,2060.00,1090.00,tấm,"1800113200001470999005",A0200001470999WO,A0200000405836WO,WB2606-0030,NFD18-H50,D18H50,D18,H50,"","",D18H50,4.3790,1.0000,4.3790,1.0000,0.0000,0.00,"",104602,79023,0,ASHT-890.R0--Mousse tấm,"",SX THEO ĐƠN HÀNG,0.00,95.00,2026-06-27 12:40:44.817,2026-07-01 11:13:39.627,2026-06-27 00:00:00.000,2026-07-01 00:00:00.000,KK0019.06/26,XB0001.07/26,0,"",""
FB00113,A0200003707757PX,TP20,SPM011,DCM07,1920.00,2060.00,1120.00,tấm,"1800113200001471000001",A0200001471000WO,A0200000405836WO,WB2606-0030,NFD18-H50,D18H50,D18,H50,"","",D18H50,4.4300,1.0000,4.4300,1.0000,0.0000,0.00,"",104602,79023,0,ASHT-890.R0--Mousse tấm,"",SX THEO ĐƠN HÀNG,0.00,285.00,2026-06-27 12:40:44.937,2026-07-09 09:18:53.247,2026-06-27 00:00:00.000,2026-07-09 00:00:00.000,KK0019.06/26,XB0020.07/26,0,"",""
FB00113,A0200003704539PN,TP20,SPM011,DCM07,1920.00,2060.00,1120.00,tấm,"1800113200001471000002",A0200001471000WO,A0200000405836WO,WB2606-0030,NFD18-H50,D18H50,D18,H50,"","",D18H50,4.4300,1.0000,0.0000,0.0000,4.4300,1.00,"",104602,79023,0,ASHT-890.R0--Mousse tấm,"",SX THEO ĐƠN HÀNG,0.00,621.00,2026-06-27 12:40:44.940,,2026-06-27 00:00:00.000,,KK0019.06/26,,0,"",RedColor
FB00113,A0200003710231PX,TP20,SPM011,DCM07,1950.00,2060.00,1060.00,tấm,"1800113200001471001001",A0200001471001WO,A0200000405836WO,WB2606-0030,NFD18-H50,D18H50,D18,H50,"","",D18H50,4.2580,1.0000,4.2580,1.0000,0.0000,0.00,"",104602,79023,0,ASHT-890.R0--Mousse tấm,"",SX THEO ĐƠN HÀNG,0.00,553.00,2026-06-27 12:40:44.790,2026-07-20 13:21:22.923,2026-06-27 00:00:00.000,2026-07-20 00:00:00.000,KK0019.06/26,XB0042.07/26,0,"",""
FB00113,A0200003711367PX,TP20,SPM011,DCM07,1960.00,2060.00,1060.00,tấm,"1800113200001471001002",A0200001458940WO,A0200000401865WO,WB2604-0029,NFD18-H50,D18H50,D18,H50,"","",D18H50,0.0000,0.0000,4.2800,1.0000,-4.2800,-1.00,"",104602,79023,0,ASHT-890.R0--Mousse tấm,"","",0.00,,,2026-07-22 10:55:19.887,,2026-07-22 00:00:00.000,,XB0048.07/26,0,"",""
FB00113,A0200003704513PN,TP20,SPM011,DCM07,1960.00,2060.00,1060.00,tấm,"1800113200001471001002",A0200001471001WO,A0200000405836WO,WB2606-0030,NFD18-H50,D18H50,D18,H50,"","",D18H50,4.2800,1.0000,0.0000,0.0000,4.2800,1.00,"",104602,79023,0,ASHT-890.R0--Mousse tấm,"",SX THEO ĐƠN HÀNG,0.00,621.00,2026-06-27 12:40:44.780,,2026-06-27 00:00:00.000,,KK0019.06/26,,0,"",""
FB00113,A0200003704514PN,TP20,SPM011,DCM07,1980.00,2060.00,1060.00,tấm,"1800113200001471001003",A0200001471001WO,A0200000405836WO,WB2606-0030,NFD18-H50,D18H50,D18,H50,"","",D18H50,4.3240,1.0000,0.0000,0.0000,4.3240,1.00,"",104602,79023,0,ASHT-890.R0--Mousse tấm,"",SX THEO ĐƠN HÀNG,0.00,621.00,2026-06-27 12:40:44.783,,2026-06-27 00:00:00.000,,KK0019.06/26,,0,"",RedColor
FB00113,A0200003708057PX,TP20,SPM011,DCM07,1570.00,2060.00,1110.00,tấm,"1800113200001471002001",A0200001471002WO,A0200000405836WO,WB2606-0030,NFD18-H50,D18H50,D18,H50,"","",D18H50,3.5900,1.0000,3.5900,1.0000,0.0000,0.00,"",104602,79023,0,ASHT-889.R0--Mousse tấm,"",SX THEO ĐƠN HÀNG,0.00,309.00,2026-06-27 12:40:44.920,2026-07-10 09:55:48.223,2026-06-27 00:00:00.000,2026-07-10 00:00:00.000,KK0019.06/26,XB0023.07/26,0,"",""
FB00113,A0200003706226PX,TP20,SPM011,DCM07,1560.00,2060.00,1110.00,tấm,"1800113200001471002002",A0200001471002WO,A0200000405836WO,WB2606-0030,NFD18-H50,D18H50,D18,H50,"","",D18H50,3.5670,1.0000,3.5670,1.0000,0.0000,0.00,"",104602,79023,0,ASHT-889.R0--Mousse tấm,"",SX THEO ĐƠN HÀNG,0.00,117.00,2026-06-27 12:40:44.927,2026-07-02 09:35:25.357,2026-06-27 00:00:00.000,2026-07-02 00:00:00.000,KK0019.06/26,XB0004.07/26,0,"",""
FB00113,A0200003708056PX,TP20,SPM011,DCM07,1570.00,2060.00,1100.00,tấm,"1800113200001471003001",A0200001471003WO,A0200000405836WO,WB2606-0030,NFD18-H50,D18H50,D18,H50,"","",D18H50,3.5580,1.0000,3.5580,1.0000,0.0000,0.00,"",104602,79023,0,ASHT-890.R0--Mousse tấm,"",SX THEO ĐƠN HÀNG,0.00,309.00,2026-06-27 12:40:44.913,2026-07-10 09:55:48.213,2026-06-27 00:00:00.000,2026-07-10 00:00:00.000,KK0019.06/26,XB0023.07/26,0,"",""
FB00113,A0200003706021PX,TP20,SPM011,DCM07,1930.00,2060.00,1100.00,tấm,"1800113200001471004001",A0200001471004WO,A0200000405836WO,WB2606-0030,NFD18-H50,D18H50,D18,H50,"","",D18H50,4.3730,1.0000,4.3730,1.0000,0.0000,0.00,"",104602,79023,0,ASHT-890.R0--Mousse tấm,"",SX THEO ĐƠN HÀNG,0.00,95.00,2026-06-27 12:40:44.810,2026-07-01 11:13:39.567,2026-06-27 00:00:00.000,2026-07-01 00:00:00.000,KK0019.06/26,XB0001.07/26,0,"",""
FB00113,A0200003706026PX,TP20,SPM011,DCM07,1570.00,2060.00,1120.00,tấm,"1800113200001471005001",A0200001471005WO,A0200000405836WO,WB2606-0030,NFD18-H50,D18H50,D18,H50,"","",D18H50,3.6220,1.0000,3.6220,1.0000,0.0000,0.00,"",104602,79023,0,ASHT-890.R0--Mousse tấm,"",SX THEO ĐƠN HÀNG,0.00,95.00,2026-06-27 12:40:44.930,2026-07-01 11:13:39.860,2026-06-27 00:00:00.000,2026-07-01 00:00:00.000,KK0019.06/26,XB0001.07/26,0,"",""
FB00113,A0200003704507PN,TP20,SPM011,DCM07,1540.00,2150.00,1050.00,tấm,"1800113200001471010001",A0200001471010WO,A0200000405836WO,WB2606-0030,NFD18-H50,D18H50,D18,H50,"","",D18H50,3.4770,1.0000,0.0000,0.0000,3.4770,1.00,"",104602,79023,0,Mút cắt đầu đinh,"",SX THEO ĐƠN HÀNG,0.00,621.00,2026-06-27 12:40:44.740,,2026-06-27 00:00:00.000,,KK0019.06/26,,0,"",RedColor
FB00113,A0200003707381PX,TP20,SPM011,DCM07,1560.00,2060.00,850.00,tấm,"1800113200001471177001",A0200001471177WO,A0200000405915WO,WB2606-0031,NFD18-H50,D18H50,D18,H50,"","",D18H50,2.7320,1.0000,2.7320,1.0000,0.0000,0.00,"",104602,79023,0,"","",SX DƯ,0.00,261.00,2026-06-27 12:40:44.863,2026-07-08 09:55:27.307,2026-06-27 00:00:00.000,2026-07-08 00:00:00.000,KK0019.06/26,XB0018.07/26,0,"",""
FB00113,A0200003707758PX,TP20,SPM011,DCM07,1540.00,2060.00,920.00,tấm,"1800113200001471178001",A0200001471178WO,A0200000405915WO,WB2606-0031,NFD18-H50,D18H50,D18,H50,"","",D18H50,2.9190,1.0000,2.9190,1.0000,0.0000,0.00,"",104602,79023,0,"","",SX DƯ,0.00,285.00,2026-06-27 12:40:44.953,2026-07-09 09:18:53.333,2026-06-27 00:00:00.000,2026-07-09 00:00:00.000,KK0019.06/26,XB0020.07/26,0,"",""
FB00113,A0200003709781PX,TP20,SPM011,DCM07,1570.00,2150.00,800.00,tấm,"1800113200001475095001",A0200001458940WO,A0200000401865WO,WB2604-0029,NFD18-H50,D18H50,D18,H50,"",A2,D18H50,5.4000,2.0000,2.7000,1.0000,2.7000,1.00,"",104602,79023,0,CAT ĐẦU ĐINH,"",SX DƯ,0.00,2.00,2026-07-17 10:18:54.620,2026-07-17 12:51:29.240,2026-07-16 00:00:00.000,2026-07-15 00:00:00.000,XB0033.07/26,XB0033.07/26,0,"",""
FB00113,A0200003709780PX,TP20,SPM011,DCM07,1570.00,2150.00,1070.00,tấm,"1800113200001475095002",A0200001458940WO,A0200000401865WO,WB2604-0029,NFD18-H50,D18H50,D18,H50,"",A2,D18H50,7.2240,2.0000,3.6120,1.0000,3.6120,1.00,"",104602,79023,0,CAT ĐẦU ĐINH,"",SX DƯ,0.00,2.00,2026-07-17 10:18:54.587,2026-07-17 12:51:29.233,2026-07-16 00:00:00.000,2026-07-15 00:00:00.000,XB0033.07/26,XB0033.07/26,0,"",""
FB00113,A0200003710933PN,TP20,SPM011,DCM07,1050.00,2150.00,770.00,tấm,"1800113200001475916001",A0200001458940WO,A0200000401865WO,WB2604-0029,NFD18-H50,D18H50,D18,H50,"",B4,D18H50,1.7380,1.0000,0.0000,0.0000,1.7380,1.00,"",104602,79023,0,"","",SX DƯ,0.00,25.00,2026-07-22 08:33:42.000,,2026-07-22 00:00:00.000,,KK0016.07/26,,0,"",""
FB00115,A0200003709292PX,TP20,SPM012,DCM13,2130.00,1960.00,1170.00,tấm,"1800115200001382033002",A0200001382033WO,A0200000370507WO,WB2504-0023,NFD20-H90,D20H90,D20,H90,"","",D20H90,9.7690,2.0000,4.8845,1.0000,4.8845,1.00,"",104944,79023,0,Dự trù/Nứt,Nứt,"",0.00,1.00,2026-07-15 15:32:37.930,2026-07-15 16:06:57.980,2026-07-15 00:00:00.000,2026-07-15 00:00:00.000,XB0033.07/26,XB0033.07/26,0,"",""
FB00116,A0200003699739PX,TP20,SPM012,DCM11,1330.00,2020.00,1120.00,tấm,"1800116200001466991001",A0200001466991WO,A0200000404607WO,WB2606-0003,IFD20-H70,D20H70,D20,H70,"","1200",D20H70,3.0090,1.0000,3.0090,1.0000,0.0000,0.00,"",105021,79023,0,MEKONG-MEK-PO 20-BH,"",SX THEO DON HANG,0.00,2.00,2026-06-05 11:18:42.410,2026-06-05 13:47:54.497,2026-06-05 00:00:00.000,2026-06-04 00:00:00.000,KK0004.06/26,XB0011.06/26,0,"",""
FB00116,A0200003701395PX,TP20,SPM012,DCM11,2090.00,2020.00,1120.00,tấm,"1800116200001466992001",A0200001466992WO,A0200000404607WO,WB2606-0003,IFD20-H70,D20H70,D20,H70,"","900",D20H70,4.7280,1.0000,4.7280,1.0000,0.0000,0.00,"",105021,79023,0,TAMLONG-TL-HV08.2026-01,"",SX THEO DON HANG,0.00,243.00,2026-06-05 11:18:42.727,2026-06-15 14:00:32.753,2026-06-05 00:00:00.000,2026-06-15 00:00:00.000,KK0004.06/26,XB0033.06/26,0,"",""
FB00116,A0200003699740PX,TP20,SPM012,DCM11,1860.00,2020.00,1132.00,tấm,"1800116200001466993001",A0200001466993WO,A0200000404607WO,WB2606-0003,IFD20-H70,D20H70,D20,H70,"","1030",D20H70,4.2530,1.0000,4.2530,1.0000,0.0000,0.00,"",105021,79023,0,KHÔI NGUYÊN-KN-0406,"",SX THEO DON HANG,0.00,2.00,2026-06-05 11:18:42.423,2026-06-05 13:47:55.793,2026-06-05 00:00:00.000,2026-06-04 00:00:00.000,KK0004.06/26,XB0011.06/26,0,"",""
FB00116,A0200003702246PX,TP20,SPM012,DCM11,2130.00,2020.00,1142.00,tấm,"1800116200001466994001",A0200001466994WO,A0200000404607WO,WB2606-0003,IFD20-H70,D20H70,D20,H70,"","1000",D20H70,4.9140,1.0000,4.9140,1.0000,0.0000,0.00,"",105021,79023,0,KHÔI NGUYÊN-KN-0306,"",SX THEO DON HANG,0.00,338.00,2026-06-05 11:18:42.683,2026-06-19 13:05:19.887,2026-06-05 00:00:00.000,2026-06-19 00:00:00.000,KK0004.06/26,XB0042.06/26,0,"",""
FB00116,A0200003699741PX,TP20,SPM012,DCM11,1840.00,2020.00,1142.00,tấm,"1800116200001466995001",A0200001466995WO,A0200000404607WO,WB2606-0003,IFD20-H70,D20H70,D20,H70,"","1030",D20H70,4.2450,1.0000,4.2450,1.0000,0.0000,0.00,"",105021,79023,0,KHÔI NGUYÊN-KN-0306,"",SX THEO DON HANG,0.00,2.00,2026-06-05 11:18:42.440,2026-06-05 13:47:55.813,2026-06-05 00:00:00.000,2026-06-04 00:00:00.000,KK0004.06/26,XB0011.06/26,0,"",""
FB00116,A0200003699742PX,TP20,SPM012,DCM11,1200.00,2020.00,1150.00,tấm,"1800116200001466996001",A0200001466996WO,A0200000404607WO,WB2606-0003,IFD20-H70,D20H70,D20,H70,"","1070",D20H70,2.7880,1.0000,2.7880,1.0000,0.0000,0.00,"",105021,79023,0,TAMLONG-TL-HV08.2026-02,"",SX THEO DON HANG,0.00,2.00,2026-06-05 11:18:42.490,2026-06-05 13:47:55.860,2026-06-05 00:00:00.000,2026-06-04 00:00:00.000,KK0004.06/26,XB0011.06/26,0,"",""
FB00116,A0200003699743PX,TP20,SPM012,DCM11,1200.00,2020.00,1150.00,tấm,"1800116200001466996002",A0200001466996WO,A0200000404607WO,WB2606-0003,IFD20-H70,D20H70,D20,H70,"","1080",D20H70,2.7880,1.0000,2.7880,1.0000,0.0000,0.00,"",105021,79023,0,TAMLONG-TL-HV08.2026-02,"",SX THEO DON HANG,0.00,2.00,2026-06-05 11:18:42.507,2026-06-05 13:47:55.887,2026-06-05 00:00:00.000,2026-06-04 00:00:00.000,KK0004.06/26,XB0011.06/26,0,"",""
FB00116,A0200003699745PX,TP20,SPM012,DCM11,1200.00,2020.00,1150.00,tấm,"1800116200001466996003",A0200001466996WO,A0200000404607WO,WB2606-0003,IFD20-H70,D20H70,D20,H70,"","1100",D20H70,2.7880,1.0000,2.7880,1.0000,0.0000,0.00,"",105021,79023,0,TAMLONG-TL-HV08.2026-02,"",SX THEO DON HANG,0.00,2.00,2026-06-05 11:18:42.540,2026-06-05 13:47:55.920,2026-06-05 00:00:00.000,2026-06-04 00:00:00.000,KK0004.06/26,XB0011.06/26,0,"",""
FB00116,A0200003699744PX,TP20,SPM012,DCM11,1200.00,2020.00,1150.00,tấm,"1800116200001466996004",A0200001466996WO,A0200000404607WO,WB2606-0003,IFD20-H70,D20H70,D20,H70,"","1100",D20H70,2.7880,1.0000,2.7880,1.0000,0.0000,0.00,"",105021,79023,0,TAMLONG-TL-HV08.2026-02,"",SX THEO DON HANG,0.00,2.00,2026-06-05 11:18:42.523,2026-06-05 13:47:55.903,2026-06-05 00:00:00.000,2026-06-04 00:00:00.000,KK0004.06/26,XB0011.06/26,0,"",""
FB00116,A0200003699746PX,TP20,SPM012,DCM11,1200.00,2020.00,1150.00,tấm,"1800116200001466996005",A0200001466996WO,A0200000404607WO,WB2606-0003,IFD20-H70,D20H70,D20,H70,"","1130",D20H70,2.7880,1.0000,2.7880,1.0000,0.0000,0.00,"",105021,79023,0,TAMLONG-TL-HV08.2026-02,"",SX THEO DON HANG,0.00,2.00,2026-06-05 11:18:42.553,2026-06-05 13:47:55.937,2026-06-05 00:00:00.000,2026-06-04 00:00:00.000,KK0004.06/26,XB0011.06/26,0,"",""
FB00116,A0200003700443PX,TP20,SPM012,DCM11,1990.00,2020.00,1150.00,tấm,"1800116200001466997001",A0200001466997WO,A0200000404607WO,WB2606-0003,IFD20-H70,D20H70,D20,H70,"","1160",D20H70,4.6230,1.0000,4.6230,1.0000,0.0000,0.00,"",105021,79023,0,TAMLONG-TL-HV08.2026-02,"",SX THEO DON HANG,0.00,123.00,2026-06-05 11:18:42.670,2026-06-10 14:39:43.757,2026-06-05 00:00:00.000,2026-06-10 00:00:00.000,KK0004.06/26,XB0024.06/26,0,"",""
FB00116,A0200003703627PX,TP20,SPM012,DCM11,2340.00,2020.00,1100.00,tấm,"1800116200001467194001",A0200001467194WO,A0200000404643WO,WB2606-0005,IFD20-H70,D20H70,D20,H70,"","960",D20H70,5.1990,1.0000,5.1990,1.0000,0.0000,0.00,"",105021,79023,0,"","",SX THEO DON HANG,0.00,459.00,2026-06-05 11:18:42.597,2026-06-24 14:30:23.170,2026-06-05 00:00:00.000,2026-06-24 00:00:00.000,KK0004.06/26,XB0052.06/26,0,"",""
FB00116,A0200003700444PX,TP20,SPM012,DCM11,2120.00,2020.00,1100.00,tấm,"1800116200001467195001",A0200001467195WO,A0200000404643WO,WB2606-0005,IFD20-H70,D20H70,D20,H70,"","1200",D20H70,4.7110,1.0000,4.7110,1.0000,0.0000,0.00,"",105021,79023,0,"","",SX THEO DON HANG,0.00,123.00,2026-06-05 11:18:42.653,2026-06-10 14:39:44.977,2026-06-05 00:00:00.000,2026-06-10 00:00:00.000,KK0004.06/26,XB0024.06/26,0,"",""
FB00116,A0200003701394PX,TP20,SPM012,DCM11,1890.00,2020.00,1100.00,tấm,"1800116200001467196001",A0200001467196WO,A0200000404643WO,WB2606-0005,IFD20-H70,D20H70,D20,H70,"","1170",D20H70,4.2000,1.0000,4.2000,1.0000,0.0000,0.00,"",105021,79023,0,"","",SX THEO DON HANG,0.00,243.00,2026-06-05 11:18:42.627,2026-06-15 14:00:32.710,2026-06-05 00:00:00.000,2026-06-15 00:00:00.000,KK0004.06/26,XB0033.06/26,0,"",""
FB00116,A0200003701393PX,TP20,SPM012,DCM11,2160.00,2020.00,1100.00,tấm,"1800116200001467197001",A0200001467197WO,A0200000404643WO,WB2606-0005,IFD20-H70,D20H70,D20,H70,"","1200",D20H70,4.8000,1.0000,4.8000,1.0000,0.0000,0.00,"",105021,79023,0,"","",SX THEO DON HANG,0.00,243.00,2026-06-05 11:18:42.640,2026-06-15 14:00:32.693,2026-06-05 00:00:00.000,2026-06-15 00:00:00.000,KK0004.06/26,XB0033.06/26,0,"",""
FB00116,A0200003706938PX,TP20,SPM012,DCM11,2150.00,1960.00,1120.00,tấm,"1800116200001472960001",A0200001472960WO,A0200000406461WO,WB2607-0002,IFD20-H70,D20H70,D20,H70,"","",D20H70,4.7200,1.0000,4.7200,1.0000,0.0000,0.00,"",105021,79023,0,KHÔI NGUYÊN-KN-0407,"",SX THEO ĐƠN HÀNG,0.00,3.00,2026-07-06 09:01:53.080,2026-07-06 12:38:04.213,2026-07-06 00:00:00.000,2026-07-06 00:00:00.000,KK0003.07/26,XB0011.07/26,0,"",""
FB00116,A0200003707106PX,TP20,SPM012,DCM11,1840.00,1960.00,1120.00,tấm,"1800116200001472961001",A0200001472961WO,A0200000406461WO,WB2607-0002,IFD20-H70,D20H70,D20,H70,"",B8,D20H70,4.0390,1.0000,4.0390,1.0000,0.0000,0.00,"",105021,79023,0,KHÔI NGUYÊN-KN-0307,"",SX THEO ĐƠN HÀNG,0.00,19.00,2026-07-06 14:11:49.080,2026-07-07 09:33:48.543,2026-07-06 00:00:00.000,2026-07-07 00:00:00.000,KK0004.07/26,XB0015.07/26,0,"",""
FB00116,A0200003711406PX,TP20,SPM012,DCM11,1670.00,2080.00,1030.00,tấm,"1800116200001472962001",A0200001458940WO,A0200000401865WO,WB2604-0029,IFD20-H70,D20H70,D20,H70,"",B8,D20H70,0.0000,0.0000,3.5780,1.0000,-3.5780,-1.00,"",105021,79023,0,JANG IN-JI-260525-3,"","",0.00,,,2026-07-22 10:59:27.823,,2026-07-22 00:00:00.000,,XB0050.07/26,0,"",""
FB00116,A0200003707008PN,TP20,SPM012,DCM11,2060.00,1960.00,1140.00,tấm,"1800116200001472962001",A0200001472962WO,A0200000406461WO,WB2607-0002,IFD20-H70,D20H70,D20,H70,"",B8,D20H70,4.6030,1.0000,0.0000,0.0000,4.6030,1.00,"",105021,79023,0,ĐÔNG NAM-ĐMH-HV-73-1,"",SX THEO ĐƠN HÀNG,0.00,403.00,2026-07-06 14:11:49.120,,2026-07-06 00:00:00.000,,KK0004.07/26,,0,"",""
FB00116,A0200003707007PN,TP20,SPM012,DCM11,2030.00,1960.00,1140.00,tấm,"1800116200001472963001",A0200001472963WO,A0200000406461WO,WB2607-0002,IFD20-H70,D20H70,D20,H70,"",B8,D20H70,4.5360,1.0000,0.0000,0.0000,4.5360,1.00,"",105021,79023,0,ĐÔNG NAM-ĐMH-HV-73-1,"",SX THEO ĐƠN HÀNG,0.00,403.00,2026-07-06 14:11:49.113,,2026-07-06 00:00:00.000,,KK0004.07/26,,0,"",""
FB00116,A0200003707108PX,TP20,SPM012,DCM11,1840.00,1960.00,1140.00,tấm,"1800116200001472964001",A0200001472964WO,A0200000406461WO,WB2607-0002,IFD20-H70,D20H70,D20,H70,"",B8,D20H70,4.1110,1.0000,4.1110,1.0000,0.0000,0.00,"",105021,79023,0,KHÔI NGUYÊN-KN-0307,"",SX THEO ĐƠN HÀNG,0.00,19.00,2026-07-06 14:11:48.907,2026-07-07 09:33:48.560,2026-07-06 00:00:00.000,2026-07-07 00:00:00.000,KK0004.07/26,XB0015.07/26,0,"",""
FB00116,A0200003707105PX,TP20,SPM012,DCM11,1840.00,1960.00,1140.00,tấm,"1800116200001472964002",A0200001472964WO,A0200000406461WO,WB2607-0002,IFD20-H70,D20H70,D20,H70,"",B8,D20H70,4.1110,1.0000,4.1110,1.0000,0.0000,0.00,"",105021,79023,0,KHÔI NGUYÊN-KN-0307,"",SX THEO ĐƠN HÀNG,0.00,19.00,2026-07-06 14:11:48.890,2026-07-07 09:33:48.533,2026-07-06 00:00:00.000,2026-07-07 00:00:00.000,KK0004.07/26,XB0015.07/26,0,"",""
FB00116,A0200003707107PX,TP20,SPM012,DCM11,1840.00,1960.00,1140.00,tấm,"1800116200001472964003",A0200001472964WO,A0200000406461WO,WB2607-0002,IFD20-H70,D20H70,D20,H70,"",B8,D20H70,4.1110,1.0000,4.1110,1.0000,0.0000,0.00,"",105021,79023,0,KHÔI NGUYÊN-KN-0307,"",SX THEO ĐƠN HÀNG,0.00,19.00,2026-07-06 14:11:48.900,2026-07-07 09:33:48.550,2026-07-06 00:00:00.000,2026-07-07 00:00:00.000,KK0004.07/26,XB0015.07/26,0,"",""
FB00116,A0200003706942PX,TP20,SPM012,DCM11,1660.00,1960.00,1150.00,tấm,"1800116200001472965001",A0200001472965WO,A0200000406461WO,WB2607-0002,IFD20-H70,D20H70,D20,H70,"","",D20H70,3.7420,1.0000,3.7420,1.0000,0.0000,0.00,"",105021,79023,0,KHÔI NGUYÊN-KN-0407,"",SX THEO ĐƠN HÀNG,0.00,3.00,2026-07-06 09:01:54.467,2026-07-06 12:38:04.263,2026-07-06 00:00:00.000,2026-07-06 00:00:00.000,KK0003.07/26,XB0011.07/26,0,"",""
FB00116,A0200003707010PN,TP20,SPM012,DCM11,1550.00,1960.00,1150.00,tấm,"1800116200001472966001",A0200001472966WO,A0200000406461WO,WB2607-0002,IFD20-H70,D20H70,D20,H70,"",B8,D20H70,3.4940,1.0000,0.0000,0.0000,3.4940,1.00,"",105021,79023,0,ĐÔNG NAM-ĐMH-HV-73-1,"",SX THEO ĐƠN HÀNG,0.00,403.00,2026-07-06 14:11:49.130,,2026-07-06 00:00:00.000,,KK0004.07/26,,0,"",""
FB00116,A0200003708928PX,TP20,SPM012,DCM11,2150.00,1960.00,1150.00,tấm,"1800116200001472967001",A0200001472967WO,A0200000406461WO,WB2607-0002,IFD20-H70,D20H70,D20,H70,"",B8,D20H70,4.8460,1.0000,4.8460,1.0000,0.0000,0.00,"",105021,79023,0,ĐÔNG NAM-ĐMH-HV-73-1,"",SX THEO ĐƠN HÀNG,0.00,193.00,2026-07-06 14:11:49.133,2026-07-14 15:05:23.713,2026-07-06 00:00:00.000,2026-07-13 00:00:00.000,KK0004.07/26,XB0028.07/26,0,"",""
FB00116,A0200003707152PX,TP20,SPM012,DCM11,1860.00,1960.00,1150.00,tấm,"1800116200001472968001",A0200001472968WO,A0200000406461WO,WB2607-0002,IFD20-H70,D20H70,D20,H70,"",B8,D20H70,4.1920,1.0000,4.1920,1.0000,0.0000,0.00,"",105021,79023,0,ĐÔNG NAM-ĐMH-HV-72,"",SX THEO ĐƠN HÀNG,0.00,23.00,2026-07-06 14:11:49.123,2026-07-07 13:55:56.997,2026-07-06 00:00:00.000,2026-07-07 00:00:00.000,KK0004.07/26,XB0016.07/26,0,"",""
FB00116,A0200003707151PX,TP20,SPM012,DCM11,1720.00,1960.00,1150.00,tấm,"1800116200001472969001",A0200001472969WO,A0200000406461WO,WB2607-0002,IFD20-H70,D20H70,D20,H70,"",B8,D20H70,3.8770,1.0000,3.8770,1.0000,0.0000,0.00,"",105021,79023,0,ĐÔNG NAM-ĐMH-HV-72,"",SX THEO ĐƠN HÀNG,0.00,23.00,2026-07-06 14:11:49.140,2026-07-07 13:55:56.987,2026-07-06 00:00:00.000,2026-07-07 00:00:00.000,KK0004.07/26,XB0016.07/26,0,"",""
FB00116,A0200003708677PX,TP20,SPM012,DCM11,2140.00,1960.00,1100.00,tấm,"1800116200001473340001",A0200001473340WO,A0200000406600WO,WB2607-0005,IFD20-H70,D20H70,D20,H70,"",A1,D20H70,4.6140,1.0000,4.6140,1.0000,0.0000,0.00,"",105021,79023,0,"","",SX DƯ,0.00,119.00,2026-07-08 15:07:57.120,2026-07-13 14:36:05.577,2026-07-08 00:00:00.000,2026-07-13 00:00:00.000,KK0005.07/26,XB0028.07/26,0,"",""
FB00116,A0200003708154PN,TP20,SPM012,DCM11,2100.00,2200.00,1020.00,tấm,"1800116200001473470001",A0200001473470WO,A0200000406674WO,WB2607-0008,IFD20-H70,D20H70,D20,H70,"",B11,D20H70,4.7120,1.0000,0.0000,0.0000,4.7120,1.00,"",105021,79023,0,TAMLONG-TL-HV09,"",SX THEO ĐƠN HÀNG,0.00,311.00,2026-07-10 10:39:40.323,,2026-07-10 00:00:00.000,,KK0007.07/26,,0,"",""
FB00116,A0200003708152PN,TP20,SPM012,DCM11,2100.00,2200.00,1030.00,tấm,"1800116200001473470002",A0200001473470WO,A0200000406674WO,WB2607-0008,IFD20-H70,D20H70,D20,H70,"",B11,D20H70,4.7590,1.0000,0.0000,0.0000,4.7590,1.00,"",105021,79023,0,TAMLONG-TL-HV09,"",SX THEO ĐƠN HÀNG,0.00,311.00,2026-07-10 10:39:40.320,,2026-07-10 00:00:00.000,,KK0007.07/26,,0,"",""
FB00116,A0200003708163PX,TP20,SPM012,DCM11,2070.00,2200.00,1030.00,tấm,"1800116200001473470003",A0200001473470WO,A0200000406674WO,WB2607-0008,IFD20-H70,D20H70,D20,H70,"",B11,D20H70,4.6910,1.0000,4.6910,1.0000,0.0000,0.00,"",105021,79023,0,TAMLONG-TL-HV09,"",SX THEO ĐƠN HÀNG,0.00,1.00,2026-07-10 10:39:40.320,2026-07-10 11:19:12.210,2026-07-10 00:00:00.000,2026-07-10 00:00:00.000,KK0007.07/26,XB0024.07/26,0,"",""
FB00116,A0200003708164PX,TP20,SPM012,DCM11,1190.00,2200.00,1030.00,tấm,"1800116200001473471001",A0200001473471WO,A0200000406674WO,WB2607-0008,IFD20-H70,D20H70,D20,H70,"",B11,D20H70,2.6970,1.0000,2.6970,1.0000,0.0000,0.00,"",105021,79023,0,TAMLONG-TL-HV09,"",SX THEO ĐƠN HÀNG,0.00,1.00,2026-07-10 10:39:40.313,2026-07-10 11:19:12.380,2026-07-10 00:00:00.000,2026-07-10 00:00:00.000,KK0007.07/26,XB0024.07/26,0,"",""
FB00116,A0200003708676PX,TP20,SPM012,DCM11,1850.00,2200.00,990.00,tấm,"1800116200001473472001",A0200001473472WO,A0200000406674WO,WB2607-0008,IFD20-H70,D20H70,D20,H70,"",B11,D20H70,4.0290,1.0000,4.0290,1.0000,0.0000,0.00,"",105021,79023,0,TAMLONG-TL-HV09,"",SX THEO ĐƠN HÀNG,0.00,76.00,2026-07-10 10:39:40.350,2026-07-13 14:36:05.537,2026-07-10 00:00:00.000,2026-07-13 00:00:00.000,KK0007.07/26,XB0028.07/26,0,"",""
FB00116,A0200003708675PX,TP20,SPM012,DCM11,1910.00,2200.00,1000.00,tấm,"1800116200001473814001",A0200001473814WO,A0200000406726WO,WB2607-0009,IFD20-H70,D20H70,D20,H70,"",B11,D20H70,4.2020,1.0000,4.2020,1.0000,0.0000,0.00,"",105021,79023,0,"","",SX DƯ,0.00,76.00,2026-07-10 10:39:40.300,2026-07-13 14:36:05.493,2026-07-10 00:00:00.000,2026-07-13 00:00:00.000,KK0007.07/26,XB0028.07/26,0,"",""
FB00117,A0200003711125PX,TP20,SPM014,DCM15,1450.00,1990.00,1080.00,tấm,"1800117200001430537001",A0200001430537WO,A0200000392081WO,WB2512-0008,IFD25-H40,D25H40,D25,H40,"","",D25H40,6.2326,2.0000,3.1163,1.0000,3.1163,1.00,"",105107,79023,0,BINH BFC-BFC-5520HVS0025-16/4,"",SX DU,0.00,0.00,2026-07-22 09:54:27.340,2026-07-22 09:54:28.560,2026-06-22 00:00:00.000,2026-06-22 00:00:00.000,XB0064.06/26,XB0064.06/26,0,"",""
FB00117,A0200003711009PX,TP20,SPM014,DCM15,1560.00,1990.00,1000.00,tấm,"1800117200001430538001",A0200001430538WO,A0200000392081WO,WB2512-0008,IFD25-H40,D25H40,D25,H40,"","",D25H40,6.2088,2.0000,3.1044,1.0000,3.1044,1.00,"",105107,79023,0,NỨT GIỮA/NỨT GIỮA,Nứt giữa,"",0.00,0.00,2026-07-22 09:48:33.690,2026-07-22 09:48:34.740,2026-07-15 00:00:00.000,2026-07-15 00:00:00.000,XB0047.07/26,XB0047.07/26,0,"",""
FB00117,A0200003711126PX,TP20,SPM014,DCM15,1350.00,1940.00,830.00,tấm,"1800117200001431002001",A0200001431002WO,A0200000392276WO,WB2512-0011,IFD25-H40,D25H40,D25,H40,"","",D25H40,4.3476,2.0000,2.1738,1.0000,2.1738,1.00,"",105107,79023,0,"","",SX DU,0.00,0.00,2026-07-22 09:54:27.340,2026-07-22 09:54:28.603,2026-06-22 00:00:00.000,2026-06-22 00:00:00.000,XB0064.06/26,XB0064.06/26,0,"",""
FB00117,A0200003711124PX,TP20,SPM014,DCM15,1650.00,2050.00,1090.00,tấm,"1800117200001451067001",A0200001451067WO,A0200000398354WO,WB2603-0015,IFD25-H40,D25H40,D25,H40,"","",D25H40,7.3738,2.0000,3.6869,1.0000,3.6869,1.00,"",105107,79023,0,SOFAVIET-SFV-PO 12-03-MT-02,"",SX DU,0.00,0.00,2026-07-22 09:54:27.340,2026-07-22 09:54:28.517,2026-06-22 00:00:00.000,2026-06-22 00:00:00.000,XB0064.06/26,XB0064.06/26,0,"",""
FB00117,A0200003711123PX,TP20,SPM014,DCM15,1650.00,2050.00,1140.00,tấm,"1800117200001451069006",A0200001451069WO,A0200000398354WO,WB2603-0015,IFD25-H40,D25H40,D25,H40,"","",D25H40,7.7122,2.0000,3.8561,1.0000,3.8561,1.00,"",105107,79023,0,SOFAVIET-SFV-PO 12-03-MT-02/BINH BFC-BFC-5581HVS0025-sample-28/5,"",SX DU,0.00,0.00,2026-07-22 09:54:27.340,2026-07-22 09:54:28.503,2026-06-22 00:00:00.000,2026-06-22 00:00:00.000,XB0064.06/26,XB0064.06/26,0,"",""
FB00117,A0200003711122PX,TP20,SPM014,DCM15,1650.00,2050.00,1120.00,tấm,"1800117200001451273001",A0200001451273WO,A0200000398428WO,WB2603-0017,IFD25-H40,D25H40,D25,H40,"","",D25H40,7.5768,2.0000,3.7884,1.0000,3.7884,1.00,"",105107,79023,0,"","",SX DU,0.00,0.00,2026-07-22 09:54:27.340,2026-07-22 09:54:28.463,2026-06-22 00:00:00.000,2026-06-22 00:00:00.000,XB0064.06/26,XB0064.06/26,0,"",""
FB00117,A0200003698365PN,TP20,SPM014,DCM15,1640.00,2050.00,1070.00,tấm,"1800117200001451273002",A0200001451273WO,A0200000398428WO,WB2603-0017,IFD25-H40,D25H40,D25,H40,"",B25,D25H40,3.5973,1.0000,3.5973,1.0000,0.0000,0.00,"",105107,79023,0,"","","",0.00,1874.00,2026-03-16 12:57:06.390,2026-06-02 14:39:39.890,2026-05-31 00:00:00.000,2026-06-02 00:00:00.000,TONKHO,XB0007.06/26,0,"",""
FB00118,A0200003711138PX,TP20,SPM016,DCM15,2030.00,1870.00,940.00,tấm,"1800118200001348095003","","","",IFD28-H40,D28H40,D28,H40,"","",D28H40,7.1366,2.0000,3.5683,1.0000,3.5683,1.00,"",105108,79023,0,Dự trù,"",SX DU,0.00,0.00,2026-07-22 09:54:27.340,2026-07-22 09:54:28.947,2026-06-22 00:00:00.000,2026-06-22 00:00:00.000,XB0064.06/26,XB0064.06/26,0,"",""
FB00119,A0200003709972PX,TP20,SPM126,DCM08,1960.00,2140.00,1100.00,tấm,"1800119200001461565003",A0200001461565WO,A0200000402837WO,WB2605-0006,IFD23-H55,NFD23-H55H55,NFD23-H55,H55,"",B11,NFD23-H55H55,4.6138,1.0000,4.6138,1.0000,0.0000,0.00,"",105790,79023,0,HOÀNG ĐỨC THỊNH-HĐT-01.05-2026-5/HOÀNG ĐỨC THỊNH-HĐT-PO 25-05-BS-27/5,"","",0.00,1700.00,2026-05-08 14:24:33.417,2026-07-18 10:16:32.460,2026-05-31 00:00:00.000,2026-07-18 00:00:00.000,TONKHO,XB0041.07/26,0,"",""
FB00124,A0200003709808PX,TP20,SPM012,DCM08,2220.00,1900.00,960.00,tấm,"1800124200001349295001","","","",RFD20-H55,D20H55,D20,H55,"","",D20H55,8.0986,2.0000,4.0493,1.0000,4.0493,1.00,"",106265,79023,0,Có bột phế phẩm/Có bột phế phẩm,"","",0.00,45.00,2026-07-15 15:32:37.930,2026-07-17 12:51:29.493,2026-07-15 00:00:00.000,2026-07-15 00:00:00.000,XB0033.07/26,XB0033.07/26,0,"",""
FB00124,A0200003709809PX,TP20,SPM012,DCM08,1850.00,1900.00,1190.00,tấm,"1800124200001349296001","","","",RFD20-H55,D20H55,D20,H55,"","",D20H55,8.3658,2.0000,4.1829,1.0000,4.1829,1.00,"",106265,79023,0,Có bột phế phẩm/Có bột phế phẩm,"","",0.00,45.00,2026-07-15 15:32:37.930,2026-07-17 12:51:29.500,2026-07-15 00:00:00.000,2026-07-15 00:00:00.000,XB0033.07/26,XB0033.07/26,0,"",""
FB00129,A0200003703072PX,TP20,SPM035,DCM09,1830.00,2050.00,850.00,tấm,"1800129200001383993005",A0200001383993WO,A0200000371163WO,WB2504-0042,GFD23-H60,D23H60,D23,H60,"","",D23H60,6.3776,2.0000,3.1888,1.0000,3.1888,1.00,"",107529,79023,0,Q,"",SX DU,0.00,0.00,2026-06-22 16:27:11.233,2026-06-22 16:27:26.173,2026-06-22 00:00:00.000,2026-06-22 00:00:00.000,XB0048.06/26,XB0048.06/26,0,"",""
FB00129,A0200003703073PX,TP20,SPM035,DCM09,1410.00,2050.00,750.00,tấm,"1800129200001383994001",A0200001383994WO,A0200000371163WO,WB2504-0042,GFD23-H60,D23H60,D23,H60,"","",D23H60,4.3358,2.0000,2.1679,1.0000,2.1679,1.00,"",107529,79023,0,Q,"",SX DU,0.00,0.00,2026-06-22 16:27:11.233,2026-06-22 16:27:26.177,2026-06-22 00:00:00.000,2026-06-22 00:00:00.000,XB0048.06/26,XB0048.06/26,0,"",""
FB00130,A0200003703993PX,TP20,SPM035,DCM11,1810.00,2050.00,1140.00,tấm,"1800130200001441465004",A0200001441465WO,A0200000395568WO,WB2601-0030,NFD23-H70,D23H70,D23,H70,"",B25,D23H70,4.2300,1.0000,4.2300,1.0000,0.0000,0.00,"",107530,79023,0,Dự trù nội địa,"","",0.00,3596.00,2026-01-26 13:52:13.560,2026-06-25 09:53:16.310,2026-05-31 00:00:00.000,2026-06-25 00:00:00.000,TONKHO,XB0053.06/26,0,"",""
FB00130,A0200003702808PX,TP20,SPM035,DCM11,1620.00,2040.00,1060.00,tấm,"1800130200001453663002",A0200001453663WO,A0200000399204WO,WB2603-0030,NFD23-H70,D23H70,D23,H70,"",B4,D23H70,3.5031,1.0000,3.5031,1.0000,0.0000,0.00,"",107530,79023,0,WO2603-0186+WOE2603-015+16,"","",0.00,2110.00,2026-03-26 12:54:49.430,2026-06-22 10:04:15.697,2026-05-31 00:00:00.000,2026-06-22 00:00:00.000,TONKHO,XB0046.06/26,0,"",""
FB00130,A0200003699539PX,TP20,SPM035,DCM11,1830.00,2040.00,1080.00,tấm,"1800130200001453664001",A0200001453664WO,A0200000399204WO,WB2603-0030,NFD23-H70,D23H70,D23,H70,"",B4,D23H70,4.0319,1.0000,4.0319,1.0000,0.0000,0.00,"",107530,79023,0,WO2603-0186+WOE2603-015+16,"","",0.00,1702.00,2026-03-26 12:54:49.440,2026-06-05 10:12:20.060,2026-05-31 00:00:00.000,2026-06-05 00:00:00.000,TONKHO,XB0014.06/26,0,"",""
FB00130,A0200003709293PX,TP20,SPM035,DCM11,1830.00,2040.00,1070.00,tấm,"1800130200001453664003",A0200001453664WO,A0200000399204WO,WB2603-0030,NFD23-H70,D23H70,D23,H70,"","",D23H70,7.9890,2.0000,3.9945,1.0000,3.9945,1.00,"",107530,79023,0,WO2603-0186+WOE2603-015+16,"","",0.00,1.00,2026-07-15 15:32:37.930,2026-07-15 16:06:58.003,2026-07-15 00:00:00.000,2026-07-15 00:00:00.000,XB0033.07/26,XB0033.07/26,0,"",""
FB00130,A0200003703994PX,TP20,SPM035,DCM11,1830.00,2040.00,1090.00,tấm,"1800130200001453664004",A0200001453664WO,A0200000399204WO,WB2603-0030,NFD23-H70,D23H70,D23,H70,"",B4,D23H70,4.0692,1.0000,4.0692,1.0000,0.0000,0.00,"",107530,79023,0,WO2603-0186+WOE2603-015+16,"","",0.00,2182.00,2026-03-26 12:54:49.443,2026-06-25 10:43:47.920,2026-05-31 00:00:00.000,2026-06-25 00:00:00.000,TONKHO,XB0053.06/26,0,"",""
FB00130,A0200003703208PX,TP20,SPM035,DCM11,2230.00,2040.00,1140.00,tấm,"1800130200001453665001",A0200001453665WO,A0200000399204WO,WB2603-0030,NFD23-H70,D23H70,D23,H70,"","",D23H70,10.3722,2.0000,5.1861,1.0000,5.1861,1.00,"",107530,79023,0,WO2603-0186+WOE2603-015+16,"",SX DU,0.00,17.00,2026-06-22 16:27:11.233,2026-06-23 09:08:03.310,2026-06-22 00:00:00.000,2026-06-22 00:00:00.000,XB0048.06/26,XB0048.06/26,0,"",""
FB00130,A0200003703209PX,TP20,SPM035,DCM11,2220.00,2040.00,1120.00,tấm,"1800130200001453665002",A0200001453665WO,A0200000399204WO,WB2603-0030,NFD23-H70,D23H70,D23,H70,"","",D23H70,10.1446,2.0000,5.0723,1.0000,5.0723,1.00,"",107530,79023,0,WO2603-0186+WOE2603-015+16,"",SX DU,0.00,17.00,2026-06-22 16:27:11.233,2026-06-23 09:08:03.313,2026-06-22 00:00:00.000,2026-06-22 00:00:00.000,XB0048.06/26,XB0048.06/26,0,"",""
FB00132,A0200003703076PX,TP20,SPM035,DCM11,1440.00,2040.00,1000.00,tấm,"1800132200001405208001",A0200001405208WO,A0200000379489WO,WB2508-0076,GFD23-H70,D23H70,D23,H70,"","",D23H70,5.8752,2.0000,2.9376,1.0000,2.9376,1.00,"",107751,79023,0,TMĐT,"",SX DU,0.00,0.00,2026-06-22 16:27:11.233,2026-06-22 16:27:26.200,2026-06-22 00:00:00.000,2026-06-22 00:00:00.000,XB0048.06/26,XB0048.06/26,0,"",""
FB00132,A0200003709263PX,TP20,SPM035,DCM11,1620.00,2060.00,1100.00,tấm,"1800132200001405209002",A0200001405209WO,A0200000379489WO,WB2508-0076,GFD23-H70,D23H70,D23,H70,"","",D23H70,7.3420,2.0000,3.6710,1.0000,3.6710,1.00,"",107751,79023,0,TMĐT,"",SX THEO ĐƠN HÀNG,0.00,338.00,2026-07-01 14:47:32.450,2026-07-15 16:06:57.617,2026-07-15 00:00:00.000,2026-07-15 00:00:00.000,XB0033.07/26,XB0033.07/26,0,"",""
FB00132,A0200003703075PX,TP20,SPM035,DCM11,1620.00,2040.00,1100.00,tấm,"1800132200001405209003",A0200001405209WO,A0200000379489WO,WB2508-0076,GFD23-H70,D23H70,D23,H70,"","",D23H70,7.2706,2.0000,3.6353,1.0000,3.6353,1.00,"",107751,79023,0,TMĐT,"",SX DU,0.00,0.00,2026-06-22 16:27:11.233,2026-06-22 16:27:26.197,2026-06-22 00:00:00.000,2026-06-22 00:00:00.000,XB0048.06/26,XB0048.06/26,0,"",""
FB00132,A0200003703074PX,TP20,SPM035,DCM11,1620.00,2040.00,1010.00,tấm,"1800132200001405209004",A0200001405209WO,A0200000379489WO,WB2508-0076,GFD23-H70,D23H70,D23,H70,"","",D23H70,6.6757,2.0000,3.3379,1.0000,3.3378,1.00,"",107751,79023,0,TMĐT,"",SX DU,0.00,0.00,2026-06-22 16:27:11.233,2026-06-22 16:27:26.193,2026-06-22 00:00:00.000,2026-06-22 00:00:00.000,XB0048.06/26,XB0048.06/26,0,"",""
FB00132,A0200003703077PX,TP20,SPM035,DCM11,1610.00,2040.00,1020.00,tấm,"1800132200001405209006",A0200001405209WO,A0200000379489WO,WB2508-0076,GFD23-H70,D23H70,D23,H70,"","",D23H70,6.7002,2.0000,3.3501,1.0000,3.3501,1.00,"",107751,79023,0,TMĐT,"",SX DU,0.00,0.00,2026-06-22 16:27:11.233,2026-06-22 16:27:26.203,2026-06-22 00:00:00.000,2026-06-22 00:00:00.000,XB0048.06/26,XB0048.06/26,0,"",""
FB00132,A0200003703078PX,TP20,SPM035,DCM11,1440.00,2040.00,820.00,tấm,"1800132200001405480001",A0200001405480WO,A0200000379557WO,WB2508-0077,GFD23-H70,D23H70,D23,H70,"","",D23H70,4.8176,2.0000,2.4088,1.0000,2.4088,1.00,"",107751,79023,0,Q,"",SX DU,0.00,0.00,2026-06-22 16:27:11.233,2026-06-22 16:27:26.207,2026-06-22 00:00:00.000,2026-06-22 00:00:00.000,XB0048.06/26,XB0048.06/26,0,"",""
FB00132,A0200003709344PX,TP20,SPM035,DCM11,1630.00,2040.00,1130.00,tấm,"1800132200001453666001",A0200001453666WO,A0200000399204WO,WB2603-0030,GFD23-H70,D23H70,D23,H70,"","",D23H70,7.5150,2.0000,3.7575,1.0000,3.7575,1.00,"",107751,79023,0,INE2603-004+WOE2603-015+16,"","",0.00,1.00,2026-07-15 15:32:37.930,2026-07-15 16:31:55.300,2026-07-15 00:00:00.000,2026-07-15 00:00:00.000,XB0033.07/26,XB0033.07/26,0,"",""
FB00132,A0200003709343PX,TP20,SPM035,DCM11,1640.00,2040.00,1130.00,tấm,"1800132200001453666002",A0200001453666WO,A0200000399204WO,WB2603-0030,GFD23-H70,D23H70,D23,H70,"","",D23H70,7.5610,2.0000,3.7805,1.0000,3.7805,1.00,"",107751,79023,0,INE2603-004+WOE2603-015+16,"","",0.00,1.00,2026-07-15 15:32:37.930,2026-07-15 16:31:55.297,2026-07-15 00:00:00.000,2026-07-15 00:00:00.000,XB0033.07/26,XB0033.07/26,0,"",""
FB00132,A0200003709340PX,TP20,SPM035,DCM11,1840.00,2040.00,1100.00,tấm,"1800132200001453667001",A0200001453667WO,A0200000399204WO,WB2603-0030,GFD23-H70,D23H70,D23,H70,"","",D23H70,8.2580,2.0000,4.1290,1.0000,4.1290,1.00,"",107751,79023,0,INE2603-004+WOE2603-015+16,"","",0.00,1.00,2026-07-15 15:32:37.930,2026-07-15 16:31:55.257,2026-07-15 00:00:00.000,2026-07-15 00:00:00.000,XB0033.07/26,XB0033.07/26,0,"",""
FB00132,A0200003709341PX,TP20,SPM035,DCM11,1830.00,2040.00,1130.00,tấm,"1800132200001453667002",A0200001453667WO,A0200000399204WO,WB2603-0030,GFD23-H70,D23H70,D23,H70,"","",D23H70,8.4370,2.0000,4.2185,1.0000,4.2185,1.00,"",107751,79023,0,INE2603-004+WOE2603-015+16,"","",0.00,1.00,2026-07-15 15:32:37.930,2026-07-15 16:31:55.260,2026-07-15 00:00:00.000,2026-07-15 00:00:00.000,XB0033.07/26,XB0033.07/26,0,"",""
FB00132,A0200003709342PX,TP20,SPM035,DCM11,2220.00,2040.00,990.00,tấm,"1800132200001453668001",A0200001453668WO,A0200000399204WO,WB2603-0030,GFD23-H70,D23H70,D23,H70,"","",D23H70,8.9670,2.0000,4.4835,1.0000,4.4835,1.00,"",107751,79023,0,INE2603-004+WOE2603-015+16,"","",0.00,1.00,2026-07-15 15:32:37.930,2026-07-15 16:31:55.290,2026-07-15 00:00:00.000,2026-07-15 00:00:00.000,XB0033.07/26,XB0033.07/26,0,"",""
FB00132,A0200003703080PX,TP20,SPM035,DCM11,950.00,2040.00,1150.00,tấm,"1800132200001453692001",A0200001453692WO,A0200000399214WO,WB2603-0031,GFD23-H70,D23H70,D23,H70,"","",D23H70,4.4574,2.0000,2.2287,1.0000,2.2287,1.00,"",107751,79023,0,"","",SX DU,0.00,0.00,2026-06-22 16:27:11.233,2026-06-22 16:27:26.243,2026-06-22 00:00:00.000,2026-06-22 00:00:00.000,XB0048.06/26,XB0048.06/26,0,"",""
FB00132,A0200003703079PX,TP20,SPM035,DCM11,1630.00,2040.00,830.00,tấm,"1800132200001453694001",A0200001453694WO,A0200000399214WO,WB2603-0031,GFD23-H70,D23H70,D23,H70,"","",D23H70,5.5198,2.0000,2.7599,1.0000,2.7599,1.00,"",107751,79023,0,"","",SX DU,0.00,0.00,2026-06-22 16:27:11.233,2026-06-22 16:27:26.227,2026-06-22 00:00:00.000,2026-06-22 00:00:00.000,XB0048.06/26,XB0048.06/26,0,"",""
FB00133,A0200003711041PX,TP20,SPM017,DCM09,1570.00,1990.00,650.00,tấm,"1800133200001440617001",A0200001440617WO,A0200000395228WO,WB2601-0020,IFD30-H60,D30H60,D30,H60,"","",D30H60,4.0616,2.0000,2.0308,1.0000,2.0308,1.00,"",107841,79023,0,Mút thô ráp,Mút thô ráp,"",0.00,0.00,2026-07-22 09:48:33.690,2026-07-22 09:48:35.943,2026-07-15 00:00:00.000,2026-07-15 00:00:00.000,XB0047.07/26,XB0047.07/26,0,"",""
FB00133,A0200003703554PX,TP20,SPM017,DCM09,2230.00,2000.00,1015.00,tấm,"1800133200001456493002",A0200001456493WO,A0200000400980WO,WB2604-0008,IFD30-H60,D30H60,D30,H60,"",B11,D30H60,4.5269,1.0000,4.5269,1.0000,0.0000,0.00,"",107841,79023,0,MINH HẠO-MH-1-1-4-26-MT-02,"","",0.00,1843.00,2026-04-08 14:29:45.417,2026-06-24 09:33:17.503,2026-05-31 00:00:00.000,2026-06-24 00:00:00.000,TONKHO,XB0052.06/26,0,"",""
FB00133,A0200003703556PX,TP20,SPM017,DCM09,2200.00,2000.00,1015.00,tấm,"1800133200001456494001",A0200001456494WO,A0200000400980WO,WB2604-0008,IFD30-H60,D30H60,D30,H60,"",B25,D30H60,4.4660,1.0000,4.4660,1.0000,0.0000,0.00,"",107841,79023,0,MINH HẠO-MH-1-1-4-26-MT-01,"","",0.00,1843.00,2026-04-08 14:29:45.380,2026-06-24 09:33:17.547,2026-05-31 00:00:00.000,2026-06-24 00:00:00.000,TONKHO,XB0052.06/26,0,"",""
FB00133,A0200003703557PX,TP20,SPM017,DCM09,2040.00,2000.00,1015.00,tấm,"1800133200001456499007",A0200001456499WO,A0200000400980WO,WB2604-0008,IFD30-H60,D30H60,D30,H60,"",B24,D30H60,4.1412,1.0000,4.1412,1.0000,0.0000,0.00,"",107841,79023,0,MINH HẠO-MH-1-1-4-26-MT-02/PHÁT TRIỂN-PT-T0626-01-MT-3-3/6,"","",0.00,1843.00,2026-04-08 14:29:45.540,2026-06-24 09:33:17.563,2026-05-31 00:00:00.000,2026-06-24 00:00:00.000,TONKHO,XB0052.06/26,0,"",""
FB00133,A0200003703558PX,TP20,SPM017,DCM09,2220.00,2000.00,900.00,tấm,"1800133200001463404001",A0200001463404WO,A0200000403258WO,WB2605-0016,IFD30-H60,D30H60,D30,H60,"",B11,D30H60,3.9960,1.0000,3.9960,1.0000,0.0000,0.00,"",107841,79023,0,MINH HẠO-MH 7-1.5.26 MT-2,"","",0.00,959.00,2026-05-15 10:54:12.050,2026-06-24 09:33:17.577,2026-05-31 00:00:00.000,2026-06-24 00:00:00.000,TONKHO,XB0052.06/26,0,"",""
FB00133,A0200003703559PX,TP20,SPM017,DCM09,2100.00,2000.00,960.00,tấm,"1800133200001463405001",A0200001463405WO,A0200000403258WO,WB2605-0016,IFD30-H60,D30H60,D30,H60,"",B11,D30H60,4.0320,1.0000,4.0320,1.0000,0.0000,0.00,"",107841,79023,0,MINH HẠO-MH 7-1.5.26 MT-2,"","",0.00,959.00,2026-05-15 10:54:12.033,2026-06-24 09:33:17.593,2026-05-31 00:00:00.000,2026-06-24 00:00:00.000,TONKHO,XB0052.06/26,0,"",""
FB00133,A0200003703555PX,TP20,SPM017,DCM09,2100.00,2000.00,980.00,tấm,"1800133200001463405002",A0200001463405WO,A0200000403258WO,WB2605-0016,IFD30-H60,D30H60,D30,H60,"",B11,D30H60,4.1160,1.0000,4.1160,1.0000,0.0000,0.00,"",107841,79023,0,MINH HẠO-MH 7-1.5.26 MT-2,"","",0.00,959.00,2026-05-15 10:54:12.017,2026-06-24 09:33:17.530,2026-05-31 00:00:00.000,2026-06-24 00:00:00.000,TONKHO,XB0052.06/26,0,"",""
FB00133,A0200003711043PX,TP20,SPM017,DCM09,1420.00,2000.00,1040.00,tấm,"1800133200001463661001",A0200001463661WO,A0200000403342WO,WB2605-0017,IFD30-H60,D30H60,D30,H60,"","",D30H60,5.9072,2.0000,2.9536,1.0000,2.9536,1.00,"",107841,79023,0,"",Giáp mí,"",0.00,0.00,2026-07-22 09:48:33.690,2026-07-22 09:48:36.033,2026-07-15 00:00:00.000,2026-07-15 00:00:00.000,XB0047.07/26,XB0047.07/26,0,"",""
FB00133,A0200003703560PX,TP20,SPM017,DCM09,2230.00,2000.00,1030.00,tấm,"1800133200001463662001",A0200001463662WO,A0200000403342WO,WB2605-0017,IFD30-H60,D30H60,D30,H60,"",B11,D30H60,4.5938,1.0000,4.5938,1.0000,0.0000,0.00,"",107841,79023,0,"","","",0.00,886.00,2026-05-18 11:18:53.113,2026-06-24 09:33:17.637,2026-05-31 00:00:00.000,2026-06-24 00:00:00.000,TONKHO,XB0052.06/26,0,"",""
FB00133,A0200003710580PX,TP20,SPM017,DCM09,2070.00,2000.00,1020.00,tấm,"1800133200001470831001",A0200001470831WO,A0200000405774WO,WB2606-0027,IFD30-H60,D30H60,D30,H60,"",B9,D30H60,4.2230,1.0000,4.2230,1.0000,0.0000,0.00,"",107841,79023,0,MINH HẠO-MH 13-1/6/26-MT,"",SX THEO ĐƠN HÀNG,0.00,619.00,2026-06-25 15:17:17.700,2026-07-21 10:47:20.170,2026-06-25 00:00:00.000,2026-07-21 00:00:00.000,KK0017.06/26,XB0046.07/26,0,"",""
FB00133,A0200003710581PX,TP20,SPM017,DCM09,2070.00,2000.00,1030.00,tấm,"1800133200001470832001",A0200001470832WO,A0200000405774WO,WB2606-0027,IFD30-H60,D30H60,D30,H60,"",B9,D30H60,4.2640,1.0000,4.2640,1.0000,0.0000,0.00,"",107841,79023,0,MINH HẠO-MH 13-1/6/26-MT,"",SX THEO ĐƠN HÀNG,0.00,619.00,2026-06-25 15:17:17.707,2026-07-21 10:47:20.180,2026-06-25 00:00:00.000,2026-07-21 00:00:00.000,KK0017.06/26,XB0046.07/26,0,"",""
FB00133,A0200003704399PX,TP20,SPM017,DCM09,1440.00,2000.00,1030.00,tấm,"1800133200001470833001",A0200001470833WO,A0200000405774WO,WB2606-0027,IFD30-H60,D30H60,D30,H60,"",B9,D30H60,2.9660,1.0000,2.9660,1.0000,0.0000,0.00,"",107841,79023,0,MINH HẠO-MH 13-1/6/26-MT,"",SX THEO ĐƠN HÀNG,0.00,41.00,2026-06-25 15:17:17.717,2026-06-27 08:26:18.237,2026-06-25 00:00:00.000,2026-06-26 00:00:00.000,KK0017.06/26,XB0056.06/26,0,"",""
FB00133,A0200003704400PX,TP20,SPM017,DCM09,1430.00,2000.00,1030.00,tấm,"1800133200001470834001",A0200001470834WO,A0200000405774WO,WB2606-0027,IFD30-H60,D30H60,D30,H60,"",B9,D30H60,2.9460,1.0000,2.9460,1.0000,0.0000,0.00,"",107841,79023,0,MINH HẠO-MH 13-1/6/26-MT,"",SX THEO ĐƠN HÀNG,0.00,41.00,2026-06-25 15:17:17.710,2026-06-27 08:26:18.247,2026-06-25 00:00:00.000,2026-06-26 00:00:00.000,KK0017.06/26,XB0056.06/26,0,"",""
FB00133,A0200003704405PX,TP20,SPM017,DCM09,2240.00,2000.00,950.00,tấm,"1800133200001470835001",A0200001470835WO,A0200000405774WO,WB2606-0027,IFD30-H60,D30H60,D30,H60,"",B9,D30H60,4.2560,1.0000,4.2560,1.0000,0.0000,0.00,"",107841,79023,0,MINH HẠO-MH 13-1/6/26-MT,"",SX THEO ĐƠN HÀNG,0.00,41.00,2026-06-25 15:17:17.793,2026-06-27 08:26:18.327,2026-06-25 00:00:00.000,2026-06-26 00:00:00.000,KK0017.06/26,XB0056.06/26,0,"",""
FB00133,A0200003704404PX,TP20,SPM017,DCM09,2200.00,2000.00,1000.00,tấm,"1800133200001470835002",A0200001470835WO,A0200000405774WO,WB2606-0027,IFD30-H60,D30H60,D30,H60,"",B9,D30H60,4.4000,1.0000,4.4000,1.0000,0.0000,0.00,"",107841,79023,0,MINH HẠO-MH 13-1/6/26-MT,"",SX THEO ĐƠN HÀNG,0.00,41.00,2026-06-25 15:17:17.757,2026-06-27 08:26:18.287,2026-06-25 00:00:00.000,2026-06-26 00:00:00.000,KK0017.06/26,XB0056.06/26,0,"",""
FB00133,A0200003704406PX,TP20,SPM017,DCM09,2210.00,2000.00,990.00,tấm,"1800133200001470836001",A0200001470836WO,A0200000405774WO,WB2606-0027,IFD30-H60,D30H60,D30,H60,"",B9,D30H60,4.3760,1.0000,4.3760,1.0000,0.0000,0.00,"",107841,79023,0,MINH HẠO-MH 13-1/6/26-MT,"",SX THEO ĐƠN HÀNG,0.00,41.00,2026-06-25 15:17:17.790,2026-06-27 08:26:18.337,2026-06-25 00:00:00.000,2026-06-26 00:00:00.000,KK0017.06/26,XB0056.06/26,0,"",""
FB00133,A0200003704339PX,TP20,SPM017,DCM09,2230.00,2000.00,1050.00,tấm,"1800133200001470836002",A0200001470836WO,A0200000405774WO,WB2606-0027,IFD30-H60,D30H60,D30,H60,"",B9,D30H60,4.6830,1.0000,4.6830,1.0000,0.0000,0.00,"",107841,79023,0,MINH HẠO-MH 13-1/6/26-MT,"",SX THEO ĐƠN HÀNG,0.00,24.00,2026-06-25 15:17:17.753,2026-06-26 15:03:49.847,2026-06-25 00:00:00.000,2026-06-26 00:00:00.000,KK0017.06/26,XB0056.06/26,0,"",""
FB00133,A0200003710579PX,TP20,SPM017,DCM09,2080.00,2000.00,1050.00,tấm,"1800133200001470837001",A0200001470837WO,A0200000405774WO,WB2606-0027,IFD30-H60,D30H60,D30,H60,"",B9,D30H60,4.3680,1.0000,4.3680,1.0000,0.0000,0.00,"",107841,79023,0,MINH HẠO-MH 13-1/6/26-MT,"",SX THEO ĐƠN HÀNG,0.00,619.00,2026-06-25 15:17:17.743,2026-07-21 10:47:20.143,2026-06-25 00:00:00.000,2026-07-21 00:00:00.000,KK0017.06/26,XB0046.07/26,0,"",""
FB00133,A0200003706119PX,TP20,SPM017,DCM09,2090.00,2000.00,1050.00,tấm,"1800133200001470837002",A0200001470837WO,A0200000405774WO,WB2606-0027,IFD30-H60,D30H60,D30,H60,"",B9,D30H60,4.3890,1.0000,4.3890,1.0000,0.0000,0.00,"",107841,79023,0,MINH HẠO-MH 13-1/6/26-MT,"",SX THEO ĐƠN HÀNG,0.00,144.00,2026-06-25 15:17:17.737,2026-07-01 15:17:48.450,2026-06-25 00:00:00.000,2026-07-01 00:00:00.000,KK0017.06/26,XB0003.07/26,0,"",""
FB00133,A0200003710578PX,TP20,SPM017,DCM09,2070.00,2000.00,1050.00,tấm,"1800133200001470837003",A0200001470837WO,A0200000405774WO,WB2606-0027,IFD30-H60,D30H60,D30,H60,"",B9,D30H60,4.3470,1.0000,4.3470,1.0000,0.0000,0.00,"",107841,79023,0,MINH HẠO-MH 13-1/6/26-MT,"",SX THEO ĐƠN HÀNG,0.00,619.00,2026-06-25 15:17:17.747,2026-07-21 10:47:20.123,2026-06-25 00:00:00.000,2026-07-21 00:00:00.000,KK0017.06/26,XB0046.07/26,0,"",""
FB00133,A0200003704401PX,TP20,SPM017,DCM09,2030.00,2000.00,1050.00,tấm,"1800133200001470838001",A0200001470838WO,A0200000405774WO,WB2606-0027,IFD30-H60,D30H60,D30,H60,"",B9,D30H60,4.2630,1.0000,4.2630,1.0000,0.0000,0.00,"",107841,79023,0,MINH HẠO-MH 13-1/6/26-MT,"",SX THEO ĐƠN HÀNG,0.00,41.00,2026-06-25 15:17:17.733,2026-06-27 08:26:18.257,2026-06-25 00:00:00.000,2026-06-26 00:00:00.000,KK0017.06/26,XB0056.06/26,0,"",""
FB00133,A0200003704402PX,TP20,SPM017,DCM09,2050.00,2000.00,1060.00,tấm,"1800133200001470838002",A0200001470838WO,A0200000405774WO,WB2606-0027,IFD30-H60,D30H60,D30,H60,"",B9,D30H60,4.3460,1.0000,4.3460,1.0000,0.0000,0.00,"",107841,79023,0,MINH HẠO-MH 13-1/6/26-MT,"",SX THEO ĐƠN HÀNG,0.00,41.00,2026-06-25 15:17:17.720,2026-06-27 08:26:18.263,2026-06-25 00:00:00.000,2026-06-26 00:00:00.000,KK0017.06/26,XB0056.06/26,0,"",""
FB00133,A0200003704403PX,TP20,SPM017,DCM09,2020.00,2000.00,1040.00,tấm,"1800133200001470838003",A0200001470838WO,A0200000405774WO,WB2606-0027,IFD30-H60,D30H60,D30,H60,"",B9,D30H60,4.2020,1.0000,4.2020,1.0000,0.0000,0.00,"",107841,79023,0,MINH HẠO-MH 13-1/6/26-MT,"",SX THEO ĐƠN HÀNG,0.00,41.00,2026-06-25 15:17:17.727,2026-06-27 08:26:18.273,2026-06-25 00:00:00.000,2026-06-26 00:00:00.000,KK0017.06/26,XB0056.06/26,0,"",""
FB00133,A0200003709098PX,TP20,SPM017,DCM09,1800.00,2000.00,940.00,tấm,"1800133200001470966001",A0200001470966WO,A0200000405829WO,WB2606-0028,IFD30-H60,D30H60,D30,H60,"",B12,D30H60,3.3840,1.0000,3.3840,1.0000,0.0000,0.00,"",107841,79023,0,"","",SX DƯ,0.00,428.00,2026-06-27 12:40:45.203,2026-07-15 08:15:15.483,2026-06-27 00:00:00.000,2026-07-14 00:00:00.000,KK0019.06/26,XB0030.07/26,0,"",""
FB00133,A0200003710590PX,TP20,SPM017,DCM09,2220.00,2000.00,950.00,tấm,"1800133200001474674001",A0200001474674WO,A0200000406963WO,WB2607-0014,IFD30-H60,D30H60,D30,H60,"",B1-8,D30H60,4.2180,1.0000,4.2180,1.0000,0.0000,0.00,"",107841,79023,0,MINH HẠO-MH 8-1.7.26 MT-2,"",SX THEO ĐƠN HÀNG,0.00,145.00,2026-07-15 09:54:52.873,2026-07-21 10:47:20.340,2026-07-15 00:00:00.000,2026-07-21 00:00:00.000,KK0011.07/26,XB0046.07/26,0,"",""
FB00133,A0200003710587PX,TP20,SPM017,DCM09,2240.00,2000.00,1060.00,tấm,"1800133200001474674002",A0200001474674WO,A0200000406963WO,WB2607-0014,IFD30-H60,D30H60,D30,H60,"",B1-8,D30H60,4.7490,1.0000,4.7490,1.0000,0.0000,0.00,"",107841,79023,0,MINH HẠO-MH 8-1.7.26 MT-2,"",SX THEO ĐƠN HÀNG,0.00,145.00,2026-07-15 09:54:52.857,2026-07-21 10:47:20.287,2026-07-15 00:00:00.000,2026-07-21 00:00:00.000,KK0011.07/26,XB0046.07/26,0,"",""
FB00133,A0200003710589PX,TP20,SPM017,DCM09,2250.00,2000.00,980.00,tấm,"1800133200001474674003",A0200001474674WO,A0200000406963WO,WB2607-0014,IFD30-H60,D30H60,D30,H60,"",B1-8,D30H60,4.4100,1.0000,4.4100,1.0000,0.0000,0.00,"",107841,79023,0,MINH HẠO-MH 8-1.7.26 MT-2,"",SX THEO ĐƠN HÀNG,0.00,145.00,2026-07-15 09:54:52.867,2026-07-21 10:47:20.330,2026-07-15 00:00:00.000,2026-07-21 00:00:00.000,KK0011.07/26,XB0046.07/26,0,"",""
FB00133,A0200003710588PX,TP20,SPM017,DCM09,2230.00,2000.00,1000.00,tấm,"1800133200001474674004",A0200001474674WO,A0200000406963WO,WB2607-0014,IFD30-H60,D30H60,D30,H60,"",B1-8,D30H60,4.4600,1.0000,4.4600,1.0000,0.0000,0.00,"",107841,79023,0,MINH HẠO-MH 8-1.7.26 MT-2,"",SX THEO ĐƠN HÀNG,0.00,145.00,2026-07-15 09:54:52.863,2026-07-21 10:47:20.293,2026-07-15 00:00:00.000,2026-07-21 00:00:00.000,KK0011.07/26,XB0046.07/26,0,"",""
FB00133,A0200003710585PX,TP20,SPM017,DCM09,2240.00,2000.00,1070.00,tấm,"1800133200001474674005",A0200001474674WO,A0200000406963WO,WB2607-0014,IFD30-H60,D30H60,D30,H60,"",B1-8,D30H60,4.7940,1.0000,4.7940,1.0000,0.0000,0.00,"",107841,79023,0,MINH HẠO-MH 8-1.7.26 MT-2,"",SX THEO ĐƠN HÀNG,0.00,145.00,2026-07-15 09:54:52.847,2026-07-21 10:47:20.237,2026-07-15 00:00:00.000,2026-07-21 00:00:00.000,KK0011.07/26,XB0046.07/26,0,"",""
FB00133,A0200003710586PX,TP20,SPM017,DCM09,2240.00,2000.00,1080.00,tấm,"1800133200001474674006",A0200001474674WO,A0200000406963WO,WB2607-0014,IFD30-H60,D30H60,D30,H60,"",B1-8,D30H60,4.8380,1.0000,4.8380,1.0000,0.0000,0.00,"",107841,79023,0,MINH HẠO-MH 8-1.7.26 MT-2,"",SX THEO ĐƠN HÀNG,0.00,145.00,2026-07-15 09:54:52.853,2026-07-21 10:47:20.257,2026-07-15 00:00:00.000,2026-07-21 00:00:00.000,KK0011.07/26,XB0046.07/26,0,"",""
FB00133,A0200003709479PX,TP20,SPM017,DCM09,2040.00,2000.00,1040.00,tấm,"1800133200001474675001",A0200001474675WO,A0200000406963WO,WB2607-0014,IFD30-H60,D30H60,D30,H60,"",B1-8,D30H60,4.2430,1.0000,4.2430,1.0000,0.0000,0.00,"",107841,79023,0,MINH HẠO-MH 8-1.7.26 MT-2,"",SX THEO ĐƠN HÀNG,0.00,29.00,2026-07-15 09:54:52.727,2026-07-16 14:30:58.613,2026-07-15 00:00:00.000,2026-07-16 00:00:00.000,KK0011.07/26,XB0035.07/26,0,"",""
FB00133,A0200003709105PN,TP20,SPM017,DCM09,2050.00,2000.00,850.00,tấm,"1800133200001474676001",A0200001474676WO,A0200000406963WO,WB2607-0014,IFD30-H60,D30H60,D30,H60,"",B1-8,D30H60,3.4850,1.0000,0.0000,0.0000,3.4850,1.00,"",107841,79023,0,MINH HẠO-MH 8-1.7.26 MT-2,"",SX THEO ĐƠN HÀNG,0.00,192.00,2026-07-15 09:54:52.690,,2026-07-15 00:00:00.000,,KK0011.07/26,,0,"",""
FB00133,A0200003710262PX,TP20,SPM017,DCM09,2060.00,2000.00,1020.00,tấm,"1800133200001474677001",A0200001474677WO,A0200000406963WO,WB2607-0014,IFD30-H60,D30H60,D30,H60,"",B1-8,D30H60,4.2020,1.0000,4.2020,1.0000,0.0000,0.00,"",107841,79023,0,MINH HẠO-MH 8-1.7.26 MT-2,"",SX THEO ĐƠN HÀNG,0.00,124.00,2026-07-15 09:54:52.770,2026-07-20 13:29:20.823,2026-07-15 00:00:00.000,2026-07-20 00:00:00.000,KK0011.07/26,XB0043.07/26,0,"",""
FB00133,A0200003710264PX,TP20,SPM017,DCM09,2040.00,2000.00,1030.00,tấm,"1800133200001474678001",A0200001474678WO,A0200000406963WO,WB2607-0014,IFD30-H60,D30H60,D30,H60,"",B1-8,D30H60,4.2020,1.0000,4.2020,1.0000,0.0000,0.00,"",107841,79023,0,MINH HẠO-MH 8-1.7.26 MT-1,"",SX THEO ĐƠN HÀNG,0.00,124.00,2026-07-15 09:54:52.817,2026-07-20 13:29:20.843,2026-07-15 00:00:00.000,2026-07-20 00:00:00.000,KK0011.07/26,XB0043.07/26,0,"",""
FB00133,A0200003710263PX,TP20,SPM017,DCM09,2050.00,2000.00,1000.00,tấm,"1800133200001474678002",A0200001474678WO,A0200000406963WO,WB2607-0014,IFD30-H60,D30H60,D30,H60,"",B1-8,D30H60,4.1000,1.0000,4.1000,1.0000,0.0000,0.00,"",107841,79023,0,MINH HẠO-MH 8-1.7.26 MT-1,"",SX THEO ĐƠN HÀNG,0.00,124.00,2026-07-15 09:54:52.790,2026-07-20 13:29:20.833,2026-07-15 00:00:00.000,2026-07-20 00:00:00.000,KK0011.07/26,XB0043.07/26,0,"",""
FB00133,A0200003710269PX,TP20,SPM017,DCM09,2050.00,2000.00,1020.00,tấm,"1800133200001474678003",A0200001474678WO,A0200000406963WO,WB2607-0014,IFD30-H60,D30H60,D30,H60,"",B1-8,D30H60,4.1820,1.0000,4.1820,1.0000,0.0000,0.00,"",107841,79023,0,MINH HẠO-MH 8-1.7.26 MT-1,"",SX THEO ĐƠN HÀNG,0.00,124.00,2026-07-15 09:54:52.803,2026-07-20 13:29:20.903,2026-07-15 00:00:00.000,2026-07-20 00:00:00.000,KK0011.07/26,XB0043.07/26,0,"",""
FB00133,A0200003710265PX,TP20,SPM017,DCM09,2050.00,2000.00,1010.00,tấm,"1800133200001474678004",A0200001474678WO,A0200000406963WO,WB2607-0014,IFD30-H60,D30H60,D30,H60,"",B1-8,D30H60,4.1410,1.0000,4.1410,1.0000,0.0000,0.00,"",107841,79023,0,MINH HẠO-MH 8-1.7.26 MT-1,"",SX THEO ĐƠN HÀNG,0.00,124.00,2026-07-15 09:54:52.773,2026-07-20 13:29:20.853,2026-07-15 00:00:00.000,2026-07-20 00:00:00.000,KK0011.07/26,XB0043.07/26,0,"",""
FB00133,A0200003709126PN,TP20,SPM017,DCM09,2060.00,2000.00,1030.00,tấm,"1800133200001474678005",A0200001474678WO,A0200000406963WO,WB2607-0014,IFD30-H60,D30H60,D30,H60,"",B1-8,D30H60,4.2440,1.0000,0.0000,0.0000,4.2440,1.00,"",107841,79023,0,MINH HẠO-MH 8-1.7.26 MT-1,"",SX THEO ĐƠN HÀNG,0.00,192.00,2026-07-15 09:54:52.820,,2026-07-15 00:00:00.000,,KK0011.07/26,,0,"",""
FB00133,A0200003710267PX,TP20,SPM017,DCM09,2050.00,2000.00,1000.00,tấm,"1800133200001474678006",A0200001474678WO,A0200000406963WO,WB2607-0014,IFD30-H60,D30H60,D30,H60,"",B1-8,D30H60,4.1000,1.0000,4.1000,1.0000,0.0000,0.00,"",107841,79023,0,MINH HẠO-MH 8-1.7.26 MT-1,"",SX THEO ĐƠN HÀNG,0.00,124.00,2026-07-15 09:54:52.793,2026-07-20 13:29:20.870,2026-07-15 00:00:00.000,2026-07-20 00:00:00.000,KK0011.07/26,XB0043.07/26,0,"",""
FB00133,A0200003710261PX,TP20,SPM017,DCM09,2040.00,2000.00,1030.00,tấm,"1800133200001474678007",A0200001474678WO,A0200000406963WO,WB2607-0014,IFD30-H60,D30H60,D30,H60,"",B1-8,D30H60,4.2020,1.0000,4.2020,1.0000,0.0000,0.00,"",107841,79023,0,MINH HẠO-MH 8-1.7.26 MT-1,"",SX THEO ĐƠN HÀNG,0.00,124.00,2026-07-15 09:54:52.810,2026-07-20 13:29:20.813,2026-07-15 00:00:00.000,2026-07-20 00:00:00.000,KK0011.07/26,XB0043.07/26,0,"",""
FB00133,A0200003710266PX,TP20,SPM017,DCM09,2050.00,2000.00,1000.00,tấm,"1800133200001474678008",A0200001474678WO,A0200000406963WO,WB2607-0014,IFD30-H60,D30H60,D30,H60,"",B1-8,D30H60,4.1000,1.0000,4.1000,1.0000,0.0000,0.00,"",107841,79023,0,MINH HẠO-MH 8-1.7.26 MT-1,"",SX THEO ĐƠN HÀNG,0.00,124.00,2026-07-15 09:54:52.780,2026-07-20 13:29:20.860,2026-07-15 00:00:00.000,2026-07-20 00:00:00.000,KK0011.07/26,XB0043.07/26,0,"",""
FB00133,A0200003709127PN,TP20,SPM017,DCM09,2040.00,2000.00,1040.00,tấm,"1800133200001474678009",A0200001474678WO,A0200000406963WO,WB2607-0014,IFD30-H60,D30H60,D30,H60,"",B1-8,D30H60,4.2430,1.0000,0.0000,0.0000,4.2430,1.00,"",107841,79023,0,MINH HẠO-MH 8-1.7.26 MT-1,"",SX THEO ĐƠN HÀNG,0.00,192.00,2026-07-15 09:54:52.827,,2026-07-15 00:00:00.000,,KK0011.07/26,,0,"",""
FB00133,A0200003710258PX,TP20,SPM017,DCM09,2250.00,2000.00,1050.00,tấm,"1800133200001474679001",A0200001474679WO,A0200000406963WO,WB2607-0014,IFD30-H60,D30H60,D30,H60,"",B1-8,D30H60,4.7250,1.0000,4.7250,1.0000,0.0000,0.00,"",107841,79023,0,MINH HẠO-MH 8-1.7.26 MT-1,"",SX THEO ĐƠN HÀNG,0.00,124.00,2026-07-15 09:54:52.837,2026-07-20 13:29:20.763,2026-07-15 00:00:00.000,2026-07-20 00:00:00.000,KK0011.07/26,XB0043.07/26,0,"",""
FB00133,A0200003710591PX,TP20,SPM017,DCM09,2250.00,2000.00,940.00,tấm,"1800133200001474679002",A0200001474679WO,A0200000406963WO,WB2607-0014,IFD30-H60,D30H60,D30,H60,"",B1-8,D30H60,4.2300,1.0000,4.2300,1.0000,0.0000,0.00,"",107841,79023,0,MINH HẠO-MH 8-1.7.26 MT-1,"",SX THEO ĐƠN HÀNG,0.00,145.00,2026-07-15 09:54:52.877,2026-07-21 10:47:20.350,2026-07-15 00:00:00.000,2026-07-21 00:00:00.000,KK0011.07/26,XB0046.07/26,0,"",""
FB00133,A0200003710260PX,TP20,SPM017,DCM09,2240.00,2000.00,1060.00,tấm,"1800133200001474679003",A0200001474679WO,A0200000406963WO,WB2607-0014,IFD30-H60,D30H60,D30,H60,"",B1-8,D30H60,4.7490,1.0000,4.7490,1.0000,0.0000,0.00,"",107841,79023,0,MINH HẠO-MH 8-1.7.26 MT-1,"",SX THEO ĐƠN HÀNG,0.00,124.00,2026-07-15 09:54:52.843,2026-07-20 13:29:20.807,2026-07-15 00:00:00.000,2026-07-20 00:00:00.000,KK0011.07/26,XB0043.07/26,0,"",""
FB00133,A0200003709108PN,TP20,SPM017,DCM09,2030.00,2000.00,1050.00,tấm,"1800133200001474680001",A0200001474680WO,A0200000406963WO,WB2607-0014,IFD30-H60,D30H60,D30,H60,"",B1-8,D30H60,4.2630,1.0000,0.0000,0.0000,4.2630,1.00,"",107841,79023,0,MINH HẠO-MH 10-1.7.26 MT-2,"",SX THEO ĐƠN HÀNG,0.00,192.00,2026-07-15 09:54:52.730,,2026-07-15 00:00:00.000,,KK0011.07/26,,0,"",""
FB00133,A0200003709480PX,TP20,SPM017,DCM09,2070.00,2000.00,1010.00,tấm,"1800133200001474681001",A0200001474681WO,A0200000406963WO,WB2607-0014,IFD30-H60,D30H60,D30,H60,"",B1-8,D30H60,4.1810,1.0000,4.1810,1.0000,0.0000,0.00,"",107841,79023,0,MINH HẠO-MH 10-1.7.26 MT-2,"",SX THEO ĐƠN HÀNG,0.00,29.00,2026-07-15 09:54:52.710,2026-07-16 14:30:58.623,2026-07-15 00:00:00.000,2026-07-16 00:00:00.000,KK0011.07/26,XB0035.07/26,0,"",""
FB00133,A0200003710268PX,TP20,SPM017,DCM09,2040.00,2000.00,1010.00,tấm,"1800133200001474682001",A0200001474682WO,A0200000406963WO,WB2607-0014,IFD30-H60,D30H60,D30,H60,"",B1-8,D30H60,4.1210,1.0000,4.1210,1.0000,0.0000,0.00,"",107841,79023,0,MINH HẠO-MH 10-1.7.26 MT-1,"",SX THEO ĐƠN HÀNG,0.00,124.00,2026-07-15 09:54:52.800,2026-07-20 13:29:20.880,2026-07-15 00:00:00.000,2026-07-20 00:00:00.000,KK0011.07/26,XB0043.07/26,0,"",""
FB00133,A0200003709481PX,TP20,SPM017,DCM09,2040.00,2000.00,1000.00,tấm,"1800133200001474682002",A0200001474682WO,A0200000406963WO,WB2607-0014,IFD30-H60,D30H60,D30,H60,"",B1-8,D30H60,4.0800,1.0000,4.0800,1.0000,0.0000,0.00,"",107841,79023,0,MINH HẠO-MH 10-1.7.26 MT-1,"",SX THEO ĐƠN HÀNG,0.00,29.00,2026-07-15 09:54:52.783,2026-07-16 14:30:58.633,2026-07-15 00:00:00.000,2026-07-16 00:00:00.000,KK0011.07/26,XB0035.07/26,0,"",""
FB00133,A0200003709482PX,TP20,SPM017,DCM09,2180.00,2000.00,1020.00,tấm,"1800133200001474682003",A0200001474682WO,A0200000406963WO,WB2607-0014,IFD30-H60,D30H60,D30,H60,"",B1-8,D30H60,4.4470,1.0000,4.4470,1.0000,0.0000,0.00,"",107841,79023,0,MINH HẠO-MH 10-1.7.26 MT-1,"",SX THEO ĐƠN HÀNG,0.00,29.00,2026-07-15 09:54:52.763,2026-07-16 14:30:58.640,2026-07-15 00:00:00.000,2026-07-16 00:00:00.000,KK0011.07/26,XB0035.07/26,0,"",""
FB00133,A0200003710259PX,TP20,SPM017,DCM09,2230.00,2000.00,1060.00,tấm,"1800133200001474683001",A0200001474683WO,A0200000406963WO,WB2607-0014,IFD30-H60,D30H60,D30,H60,"",B1-8,D30H60,4.7280,1.0000,4.7280,1.0000,0.0000,0.00,"",107841,79023,0,MINH HẠO-MH 10-1.7.26 MT-1,"",SX THEO ĐƠN HÀNG,0.00,124.00,2026-07-15 09:54:52.830,2026-07-20 13:29:20.800,2026-07-15 00:00:00.000,2026-07-20 00:00:00.000,KK0011.07/26,XB0043.07/26,0,"",""
FB00133,A0200003710584PX,TP20,SPM017,DCM09,2110.00,2000.00,1020.00,tấm,"1800133200001474684001",A0200001474684WO,A0200000406963WO,WB2607-0014,IFD30-H60,D30H60,D30,H60,"",B1-8,D30H60,4.3040,1.0000,4.3040,1.0000,0.0000,0.00,"",107841,79023,0,MINH HẠO-MH 8-1.7.26 MT-2,"",SX THEO ĐƠN HÀNG,0.00,145.00,2026-07-15 09:54:52.760,2026-07-21 10:47:20.230,2026-07-15 00:00:00.000,2026-07-21 00:00:00.000,KK0011.07/26,XB0046.07/26,0,"",""
FB00133,A0200003710583PX,TP20,SPM017,DCM09,1460.00,2000.00,1020.00,tấm,"1800133200001474685001",A0200001474685WO,A0200000406963WO,WB2607-0014,IFD30-H60,D30H60,D30,H60,"",B1-8,D30H60,2.9780,1.0000,2.9780,1.0000,0.0000,0.00,"",107841,79023,0,MINH HẠO-MH 8-1.7.26 MT-2,"",SX THEO ĐƠN HÀNG,0.00,145.00,2026-07-15 09:54:52.753,2026-07-21 10:47:20.217,2026-07-15 00:00:00.000,2026-07-21 00:00:00.000,KK0011.07/26,XB0046.07/26,0,"",""
FB00133,A0200003710257PX,TP20,SPM017,DCM09,1420.00,2000.00,1030.00,tấm,"1800133200001474686001",A0200001474686WO,A0200000406963WO,WB2607-0014,IFD30-H60,D30H60,D30,H60,"",B1-8,D30H60,2.9250,1.0000,2.9250,1.0000,0.0000,0.00,"",107841,79023,0,MINH HẠO-MH 8-1.7.26 MT-1,"",SX THEO ĐƠN HÀNG,0.00,124.00,2026-07-15 09:54:52.743,2026-07-20 13:29:20.753,2026-07-15 00:00:00.000,2026-07-20 00:00:00.000,KK0011.07/26,XB0043.07/26,0,"",""
FB00133,A0200003710270PX,TP20,SPM017,DCM09,1410.00,2000.00,1050.00,tấm,"1800133200001474686002",A0200001474686WO,A0200000406963WO,WB2607-0014,IFD30-H60,D30H60,D30,H60,"",B1-8,D30H60,2.9610,1.0000,2.9610,1.0000,0.0000,0.00,"",107841,79023,0,MINH HẠO-MH 8-1.7.26 MT-1,"",SX THEO ĐƠN HÀNG,0.00,124.00,2026-07-15 09:54:52.733,2026-07-20 13:29:20.913,2026-07-15 00:00:00.000,2026-07-20 00:00:00.000,KK0011.07/26,XB0043.07/26,0,"",""
FB00133,A0200003710582PX,TP20,SPM017,DCM09,1450.00,2000.00,1030.00,tấm,"1800133200001474687001",A0200001474687WO,A0200000406963WO,WB2607-0014,IFD30-H60,D30H60,D30,H60,"",B1-8,D30H60,2.9870,1.0000,2.9870,1.0000,0.0000,0.00,"",107841,79023,0,MINH HẠO-MH 8-1.7.26 MT-1,"",SX THEO ĐƠN HÀNG,0.00,145.00,2026-07-15 09:54:52.750,2026-07-21 10:47:20.207,2026-07-15 00:00:00.000,2026-07-21 00:00:00.000,KK0011.07/26,XB0046.07/26,0,"",""
FB00133,A0200003709478PX,TP20,SPM017,DCM09,1400.00,2000.00,1030.00,tấm,"1800133200001474688001",A0200001474688WO,A0200000406963WO,WB2607-0014,IFD30-H60,D30H60,D30,H60,"",B1-8,D30H60,2.8840,1.0000,2.8840,1.0000,0.0000,0.00,"",107841,79023,0,MINH HẠO-MH 10-1.7.26 MT-2,"",SX THEO ĐƠN HÀNG,0.00,29.00,2026-07-15 09:54:52.740,2026-07-16 14:30:58.580,2026-07-15 00:00:00.000,2026-07-16 00:00:00.000,KK0011.07/26,XB0035.07/26,0,"",""
FB00134,A0200003710929PN,TP20,SPM016,DCM04,1060.00,2080.00,690.00,tấm,"1800134200001475361001",A0200001458940WO,A0200000401865WO,WB2604-0029,IFD28-H30,D28H30,D28,H30,"",A3,D28H30,1.5210,1.0000,0.0000,0.0000,1.5210,1.00,"",107842,79023,0,"","",SX DƯ,0.00,25.00,2026-07-22 08:33:41.960,,2026-07-22 00:00:00.000,,KK0016.07/26,,0,"",""
FB00136,A0200003699469PX,TP20,SPM016,DCM08,2070.00,2080.00,1080.00,tấm,"1800136200001447579001",A0200001447579WO,A0200000397238WO,WB2602-0019,IFD28-H55,D28H55,D28,H55,"",B2,D28H55,4.6500,1.0000,4.6501,1.0000,-0.0001,0.00,"",108040,79023,0,VMD-VMS-PO 202510-0132-08/JANG IN-JI-260525-2-12/6,"","",0.00,2348.00,2026-02-26 11:26:12.600,2026-06-04 07:48:54.180,2026-05-31 00:00:00.000,2026-06-03 00:00:00.000,TONKHO,XB0010.06/26,0,"",""
FB00136,A0200003700121PX,TP20,SPM016,DCM08,1200.00,2080.00,1020.00,tấm,"1800136200001447696001",A0200001447696WO,A0200000397289WO,WB2602-0020,IFD28-H55,D28H55,D28,H55,"",B2,D28H55,2.5459,1.0000,2.5459,1.0000,0.0000,0.00,"",108040,79023,0,"","","",0.00,2445.00,2026-02-26 11:26:12.567,2026-06-08 08:32:09.057,2026-05-31 00:00:00.000,2026-06-06 00:00:00.000,TONKHO,XB0017.06/26,0,"",""
FB00136,A0200003702622PX,TP20,SPM016,DCM08,2200.00,2150.00,960.00,tấm,"1800136200001469984001",A0200001469984WO,A0200000405503WO,WB2606-0022,IFD28-H55,D28H55,D28,H55,"",B5,D28H55,4.5410,1.0000,4.5410,1.0000,0.0000,0.00,"",108040,79023,0,MEKONG-MEK-PO 23-2025-2026-01,"",SX THEO ĐƠN HÀNG,0.00,1.00,2026-06-20 13:26:27.287,2026-06-20 14:23:40.410,2026-06-20 00:00:00.000,2026-06-20 00:00:00.000,KK0014.06/26,XB0045.06/26,0,"",""
FB00136,A0200003703155PX,TP20,SPM016,DCM08,2190.00,2150.00,970.00,tấm,"1800136200001469984002",A0200001469984WO,A0200000405503WO,WB2606-0022,IFD28-H55,D28H55,D28,H55,"",B5,D28H55,4.5670,1.0000,4.5670,1.0000,0.0000,0.00,"",108040,79023,0,MEKONG-MEK-PO 23-2025-2026-01,"",SX THEO ĐƠN HÀNG,0.00,67.00,2026-06-20 13:26:27.310,2026-06-23 08:39:39.900,2026-06-20 00:00:00.000,2026-06-23 00:00:00.000,KK0014.06/26,XB0049.06/26,0,"",""
FB00136,A0200003703161PX,TP20,SPM016,DCM08,2190.00,2150.00,1000.00,tấm,"1800136200001469984003",A0200001469984WO,A0200000405503WO,WB2606-0022,IFD28-H55,D28H55,D28,H55,"",B5,D28H55,4.7090,1.0000,4.7090,1.0000,0.0000,0.00,"",108040,79023,0,MEKONG-MEK-PO 23-2025-2026-01,"",SX THEO ĐƠN HÀNG,0.00,67.00,2026-06-20 13:26:27.370,2026-06-23 08:39:40.000,2026-06-20 00:00:00.000,2026-06-23 00:00:00.000,KK0014.06/26,XB0049.06/26,0,"",""
FB00136,A0200003702625PX,TP20,SPM016,DCM08,2210.00,2150.00,960.00,tấm,"1800136200001469984005",A0200001469984WO,A0200000405503WO,WB2606-0022,IFD28-H55,D28H55,D28,H55,"",B5,D28H55,4.5610,1.0000,4.5610,1.0000,0.0000,0.00,"",108040,79023,0,MEKONG-MEK-PO 23-2025-2026-01,"",SX THEO ĐƠN HÀNG,0.00,1.00,2026-06-20 13:26:27.283,2026-06-20 14:23:40.450,2026-06-20 00:00:00.000,2026-06-20 00:00:00.000,KK0014.06/26,XB0045.06/26,0,"",""
FB00136,A0200003702616PX,TP20,SPM016,DCM08,2210.00,2150.00,970.00,tấm,"1800136200001469984006",A0200001469984WO,A0200000405503WO,WB2606-0022,IFD28-H55,D28H55,D28,H55,"",B5,D28H55,4.6090,1.0000,4.6090,1.0000,0.0000,0.00,"",108040,79023,0,MEKONG-MEK-PO 23-2025-2026-01,"",SX THEO ĐƠN HÀNG,0.00,1.00,2026-06-20 13:26:27.303,2026-06-20 14:23:40.337,2026-06-20 00:00:00.000,2026-06-20 00:00:00.000,KK0014.06/26,XB0045.06/26,0,"",""
FB00136,A0200003703160PX,TP20,SPM016,DCM08,2200.00,2150.00,990.00,tấm,"1800136200001469984007",A0200001469984WO,A0200000405503WO,WB2606-0022,IFD28-H55,D28H55,D28,H55,"",B5,D28H55,4.6830,1.0000,4.6830,1.0000,0.0000,0.00,"",108040,79023,0,MEKONG-MEK-PO 23-2025-2026-01,"",SX THEO ĐƠN HÀNG,0.00,67.00,2026-06-20 13:26:27.333,2026-06-23 08:39:39.960,2026-06-20 00:00:00.000,2026-06-23 00:00:00.000,KK0014.06/26,XB0049.06/26,0,"",""
FB00136,A0200003703166PX,TP20,SPM016,DCM08,2210.00,2150.00,890.00,tấm,"1800136200001469984008",A0200001469984WO,A0200000405503WO,WB2606-0022,IFD28-H55,D28H55,D28,H55,"",B5,D28H55,4.2290,1.0000,4.2290,1.0000,0.0000,0.00,"",108040,79023,0,MEKONG-MEK-PO 23-2025-2026-01,"",SX THEO ĐƠN HÀNG,0.00,67.00,2026-06-20 13:26:27.387,2026-06-23 08:39:40.060,2026-06-20 00:00:00.000,2026-06-23 00:00:00.000,KK0014.06/26,XB0049.06/26,0,"",""
FB00136,A0200003702624PX,TP20,SPM016,DCM08,2210.00,2150.00,970.00,tấm,"1800136200001469984009",A0200001469984WO,A0200000405503WO,WB2606-0022,IFD28-H55,D28H55,D28,H55,"",B5,D28H55,4.6090,1.0000,4.6090,1.0000,0.0000,0.00,"",108040,79023,0,MEKONG-MEK-PO 23-2025-2026-01,"",SX THEO ĐƠN HÀNG,0.00,1.00,2026-06-20 13:26:27.280,2026-06-20 14:23:40.440,2026-06-20 00:00:00.000,2026-06-20 00:00:00.000,KK0014.06/26,XB0045.06/26,0,"",""
FB00136,A0200003702617PX,TP20,SPM016,DCM08,2210.00,2150.00,970.00,tấm,"1800136200001469984010",A0200001469984WO,A0200000405503WO,WB2606-0022,IFD28-H55,D28H55,D28,H55,"",B5,D28H55,4.6090,1.0000,4.6090,1.0000,0.0000,0.00,"",108040,79023,0,MEKONG-MEK-PO 23-2025-2026-01,"",SX THEO ĐƠN HÀNG,0.00,1.00,2026-06-20 13:26:27.300,2026-06-20 14:23:40.350,2026-06-20 00:00:00.000,2026-06-20 00:00:00.000,KK0014.06/26,XB0045.06/26,0,"",""
FB00136,A0200003703159PX,TP20,SPM016,DCM08,2210.00,2150.00,990.00,tấm,"1800136200001469985001",A0200001469985WO,A0200000405503WO,WB2606-0022,IFD28-H55,D28H55,D28,H55,"",B5,D28H55,4.7040,1.0000,4.7040,1.0000,0.0000,0.00,"",108040,79023,0,MEKONG-MEK-PO 23-2025-2026-02,"",SX THEO ĐƠN HÀNG,0.00,67.00,2026-06-20 13:26:27.327,2026-06-23 08:39:39.943,2026-06-20 00:00:00.000,2026-06-23 00:00:00.000,KK0014.06/26,XB0049.06/26,0,"",""
FB00136,A0200003703165PX,TP20,SPM016,DCM08,2190.00,2150.00,960.00,tấm,"1800136200001469985002",A0200001469985WO,A0200000405503WO,WB2606-0022,IFD28-H55,D28H55,D28,H55,"",B5,D28H55,4.5200,1.0000,4.5200,1.0000,0.0000,0.00,"",108040,79023,0,MEKONG-MEK-PO 23-2025-2026-02,"",SX THEO ĐƠN HÀNG,0.00,67.00,2026-06-20 13:26:27.383,2026-06-23 08:39:40.050,2026-06-20 00:00:00.000,2026-06-23 00:00:00.000,KK0014.06/26,XB0049.06/26,0,"",""
FB00136,A0200003702620PX,TP20,SPM016,DCM08,2200.00,2150.00,970.00,tấm,"1800136200001469985003",A0200001469985WO,A0200000405503WO,WB2606-0022,IFD28-H55,D28H55,D28,H55,"",B5,D28H55,4.5880,1.0000,4.5880,1.0000,0.0000,0.00,"",108040,79023,0,MEKONG-MEK-PO 23-2025-2026-02,"",SX THEO ĐƠN HÀNG,0.00,1.00,2026-06-20 13:26:27.277,2026-06-20 14:23:40.387,2026-06-20 00:00:00.000,2026-06-20 00:00:00.000,KK0014.06/26,XB0045.06/26,0,"",""
FB00136,A0200003702619PX,TP20,SPM016,DCM08,2200.00,2150.00,960.00,tấm,"1800136200001469985004",A0200001469985WO,A0200000405503WO,WB2606-0022,IFD28-H55,D28H55,D28,H55,"",B5,D28H55,4.5410,1.0000,4.5410,1.0000,0.0000,0.00,"",108040,79023,0,MEKONG-MEK-PO 23-2025-2026-02,"",SX THEO ĐƠN HÀNG,0.00,1.00,2026-06-20 13:26:27.293,2026-06-20 14:23:40.373,2026-06-20 00:00:00.000,2026-06-20 00:00:00.000,KK0014.06/26,XB0045.06/26,0,"",""
FB00136,A0200003703158PX,TP20,SPM016,DCM08,2200.00,2150.00,990.00,tấm,"1800136200001469985005",A0200001469985WO,A0200000405503WO,WB2606-0022,IFD28-H55,D28H55,D28,H55,"",B5,D28H55,4.6830,1.0000,4.6830,1.0000,0.0000,0.00,"",108040,79023,0,MEKONG-MEK-PO 23-2025-2026-02,"",SX THEO ĐƠN HÀNG,0.00,67.00,2026-06-20 13:26:27.323,2026-06-23 08:39:39.933,2026-06-20 00:00:00.000,2026-06-23 00:00:00.000,KK0014.06/26,XB0049.06/26,0,"",""
FB00136,A0200003703164PX,TP20,SPM016,DCM08,2210.00,2150.00,990.00,tấm,"1800136200001469985006",A0200001469985WO,A0200000405503WO,WB2606-0022,IFD28-H55,D28H55,D28,H55,"",B5,D28H55,4.7040,1.0000,4.7040,1.0000,0.0000,0.00,"",108040,79023,0,MEKONG-MEK-PO 23-2025-2026-02,"",SX THEO ĐƠN HÀNG,0.00,67.00,2026-06-20 13:26:27.380,2026-06-23 08:39:40.040,2026-06-20 00:00:00.000,2026-06-23 00:00:00.000,KK0014.06/26,XB0049.06/26,0,"",""
FB00136,A0200003703154PX,TP20,SPM016,DCM08,2230.00,2150.00,970.00,tấm,"1800136200001469985007",A0200001469985WO,A0200000405503WO,WB2606-0022,IFD28-H55,D28H55,D28,H55,"",B5,D28H55,4.6510,1.0000,4.6510,1.0000,0.0000,0.00,"",108040,79023,0,MEKONG-MEK-PO 23-2025-2026-02,"",SX THEO ĐƠN HÀNG,0.00,67.00,2026-06-20 13:26:27.270,2026-06-23 08:39:39.890,2026-06-20 00:00:00.000,2026-06-23 00:00:00.000,KK0014.06/26,XB0049.06/26,0,"",""
FB00136,A0200003702618PX,TP20,SPM016,DCM08,2200.00,2150.00,960.00,tấm,"1800136200001469985008",A0200001469985WO,A0200000405503WO,WB2606-0022,IFD28-H55,D28H55,D28,H55,"",B5,D28H55,4.5410,1.0000,4.5410,1.0000,0.0000,0.00,"",108040,79023,0,MEKONG-MEK-PO 23-2025-2026-02,"",SX THEO ĐƠN HÀNG,0.00,1.00,2026-06-20 13:26:27.290,2026-06-20 14:23:40.363,2026-06-20 00:00:00.000,2026-06-20 00:00:00.000,KK0014.06/26,XB0045.06/26,0,"",""
FB00136,A0200003703157PX,TP20,SPM016,DCM08,2200.00,2150.00,980.00,tấm,"1800136200001469985009",A0200001469985WO,A0200000405503WO,WB2606-0022,IFD28-H55,D28H55,D28,H55,"",B5,D28H55,4.6350,1.0000,4.6350,1.0000,0.0000,0.00,"",108040,79023,0,MEKONG-MEK-PO 23-2025-2026-02,"",SX THEO ĐƠN HÀNG,0.00,67.00,2026-06-20 13:26:27.317,2026-06-23 08:39:39.923,2026-06-20 00:00:00.000,2026-06-23 00:00:00.000,KK0014.06/26,XB0049.06/26,0,"",""
FB00136,A0200003703163PX,TP20,SPM016,DCM08,2190.00,2150.00,1000.00,tấm,"1800136200001469985010",A0200001469985WO,A0200000405503WO,WB2606-0022,IFD28-H55,D28H55,D28,H55,"",B5,D28H55,4.7090,1.0000,4.7090,1.0000,0.0000,0.00,"",108040,79023,0,MEKONG-MEK-PO 23-2025-2026-02,"",SX THEO ĐƠN HÀNG,0.00,67.00,2026-06-20 13:26:27.377,2026-06-23 08:39:40.030,2026-06-20 00:00:00.000,2026-06-23 00:00:00.000,KK0014.06/26,XB0049.06/26,0,"",""
FB00136,A0200003702621PX,TP20,SPM016,DCM08,2190.00,2150.00,880.00,tấm,"1800136200001469985011",A0200001469985WO,A0200000405503WO,WB2606-0022,IFD28-H55,D28H55,D28,H55,"",B5,D28H55,4.1430,1.0000,4.1430,1.0000,0.0000,0.00,"",108040,79023,0,MEKONG-MEK-PO 23-2025-2026-02,"",SX THEO ĐƠN HÀNG,0.00,1.00,2026-06-20 13:26:26.080,2026-06-20 14:23:40.400,2026-06-20 00:00:00.000,2026-06-20 00:00:00.000,KK0014.06/26,XB0045.06/26,0,"",""
FB00136,A0200003702623PX,TP20,SPM016,DCM08,2210.00,2150.00,960.00,tấm,"1800136200001469985012",A0200001469985WO,A0200000405503WO,WB2606-0022,IFD28-H55,D28H55,D28,H55,"",B5,D28H55,4.5610,1.0000,4.5610,1.0000,0.0000,0.00,"",108040,79023,0,MEKONG-MEK-PO 23-2025-2026-02,"",SX THEO ĐƠN HÀNG,0.00,1.00,2026-06-20 13:26:27.287,2026-06-20 14:23:40.427,2026-06-20 00:00:00.000,2026-06-20 00:00:00.000,KK0014.06/26,XB0045.06/26,0,"",""
FB00136,A0200003703156PX,TP20,SPM016,DCM08,2210.00,2150.00,980.00,tấm,"1800136200001469985013",A0200001469985WO,A0200000405503WO,WB2606-0022,IFD28-H55,D28H55,D28,H55,"",B5,D28H55,4.6560,1.0000,4.6560,1.0000,0.0000,0.00,"",108040,79023,0,MEKONG-MEK-PO 23-2025-2026-02,"",SX THEO ĐƠN HÀNG,0.00,67.00,2026-06-20 13:26:27.313,2026-06-23 08:39:39.910,2026-06-20 00:00:00.000,2026-06-23 00:00:00.000,KK0014.06/26,XB0049.06/26,0,"",""
FB00136,A0200003703162PX,TP20,SPM016,DCM08,2210.00,2150.00,1020.00,tấm,"1800136200001469985014",A0200001469985WO,A0200000405503WO,WB2606-0022,IFD28-H55,D28H55,D28,H55,"",B5,D28H55,4.8470,1.0000,4.8470,1.0000,0.0000,0.00,"",108040,79023,0,MEKONG-MEK-PO 23-2025-2026-02,"",SX THEO ĐƠN HÀNG,0.00,67.00,2026-06-20 13:26:27.373,2026-06-23 08:39:40.013,2026-06-20 00:00:00.000,2026-06-23 00:00:00.000,KK0014.06/26,XB0049.06/26,0,"",""
FB00136,A0200003703995PX,TP20,SPM016,DCM08,1910.00,2150.00,750.00,tấm,"1800136200001470313001",A0200001470313WO,A0200000405625WO,WB2606-0024,IFD28-H55,D28H55,D28,H55,"",B9,D28H55,3.0800,1.0000,3.0800,1.0000,0.0000,0.00,"",108040,79023,0,"","",SX DƯ,0.00,21.00,2026-06-24 13:23:09.120,2026-06-25 10:53:43.510,2026-06-24 00:00:00.000,2026-06-24 00:00:00.000,KK0016.06/26,XB0052.06/26,0,"",""
FB00137,A0200003706117PX,TP20,SPM017,DCM08,2110.00,2170.00,1020.00,tấm,"1800137200001463292002",A0200001463292WO,A0200000403217WO,WB2605-0015,IFD30-H55,D30H55,D30,H55,"",B11,D30H55,4.6703,1.0000,4.6703,1.0000,0.0000,0.00,"",108041,79023,0,HÀ KHANG-HK-PO 46-12052026,"","",0.00,1157.00,2026-05-14 10:46:55.353,2026-07-01 15:17:48.403,2026-05-31 00:00:00.000,2026-07-01 00:00:00.000,TONKHO,XB0003.07/26,0,"",""
FB00137,A0200003706118PX,TP20,SPM017,DCM08,2250.00,2170.00,1030.00,tấm,"1800137200001463293001",A0200001463293WO,A0200000403217WO,WB2605-0015,IFD30-H55,D30H55,D30,H55,"",B11,D30H55,5.0290,1.0000,5.0290,1.0000,0.0000,0.00,"",108041,79023,0,HÀ KHANG-HK-PO 46-12052026,"","",0.00,1157.00,2026-05-14 10:46:55.333,2026-07-01 15:17:48.413,2026-05-31 00:00:00.000,2026-07-01 00:00:00.000,TONKHO,XB0003.07/26,0,"",""
FB00137,A0200003699749PX,TP20,SPM017,DCM08,2010.00,2170.00,1050.00,tấm,"1800137200001463295002",A0200001463295WO,A0200000403217WO,WB2605-0015,IFD30-H55,D30H55,D30,H55,"",B11,D30H55,4.5798,1.0000,4.5798,1.0000,0.0000,0.00,"",108041,79023,0,HÀ KHANG-HK-BFC,"","",0.00,531.00,2026-05-14 10:46:55.250,2026-06-05 13:49:52.517,2026-05-31 00:00:00.000,2026-06-05 00:00:00.000,TONKHO,XB0015.06/26,0,"",""
FB00137,A0200003698436PN,TP20,SPM017,DCM08,2010.00,2170.00,960.00,tấm,"1800137200001463295003",A0200001463295WO,A0200000403217WO,WB2605-0015,IFD30-H55,D30H55,D30,H55,"",B11,D30H55,4.1872,1.0000,4.1872,1.0000,0.0000,0.00,"",108041,79023,0,HÀ KHANG-HK-BFC/PCVIỆT-PCV-LOBE 02.2026-1/6,"","",0.00,454.00,2026-05-14 10:46:55.207,2026-06-02 08:06:36.207,2026-05-31 00:00:00.000,2026-06-02 00:00:00.000,TONKHO,XB0005.06/26,0,"",""
FB00137,A0200003699750PX,TP20,SPM017,DCM08,2110.00,2170.00,820.00,tấm,"1800137200001463669001",A0200001463669WO,A0200000403343WO,WB2605-0018,IFD30-H55,D30H55,D30,H55,"",A5,D30H55,3.7545,1.0000,3.7545,1.0000,0.0000,0.00,"",108041,79023,0,"","","",0.00,434.00,2026-05-18 11:18:53.133,2026-06-05 13:49:52.560,2026-05-31 00:00:00.000,2026-06-05 00:00:00.000,TONKHO,XB0015.06/26,0,"",""
FB00137,A0200003700936PX,TP20,SPM017,DCM08,2050.00,2200.00,950.00,tấm,"1800137200001468374001",A0200001468374WO,A0200000404997WO,WB2606-0012,IFD30-H55,D30H55,D30,H55,"",B10,D30H55,4.2850,1.0000,4.2850,1.0000,0.0000,0.00,"",108041,79023,0,LONGVÂN-LV-PO 3563-Provence,"",SX THEO DON HANG,0.00,1.00,2026-06-12 12:05:03.427,2026-06-12 13:35:56.897,2026-06-12 00:00:00.000,2026-06-11 00:00:00.000,KK0008.06/26,XB0026.06/26,0,"",""
FB00137,A0200003700940PX,TP20,SPM017,DCM08,1970.00,2200.00,1030.00,tấm,"1800137200001468375001",A0200001468375WO,A0200000404997WO,WB2606-0012,IFD30-H55,D30H55,D30,H55,"",B10,D30H55,4.4640,1.0000,4.4640,1.0000,0.0000,0.00,"",108041,79023,0,LONGVÂN-LV-PO 3563-Provence,"",SX THEO DON HANG,0.00,1.00,2026-06-12 12:05:03.520,2026-06-12 13:35:56.950,2026-06-12 00:00:00.000,2026-06-11 00:00:00.000,KK0008.06/26,XB0026.06/26,0,"",""
FB00137,A0200003700938PX,TP20,SPM017,DCM08,1970.00,2200.00,1000.00,tấm,"1800137200001468375002",A0200001468375WO,A0200000404997WO,WB2606-0012,IFD30-H55,D30H55,D30,H55,"",B10,D30H55,4.3340,1.0000,4.3340,1.0000,0.0000,0.00,"",108041,79023,0,LONGVÂN-LV-PO 3563-Provence,"",SX THEO DON HANG,0.00,1.00,2026-06-12 12:05:03.490,2026-06-12 13:35:56.933,2026-06-12 00:00:00.000,2026-06-11 00:00:00.000,KK0008.06/26,XB0026.06/26,0,"",""
FB00137,A0200003700939PX,TP20,SPM017,DCM08,1970.00,2200.00,1020.00,tấm,"1800137200001468375003",A0200001468375WO,A0200000404997WO,WB2606-0012,IFD30-H55,D30H55,D30,H55,"",B10,D30H55,4.4210,1.0000,4.4210,1.0000,0.0000,0.00,"",108041,79023,0,LONGVÂN-LV-PO 3563-Provence,"",SX THEO DON HANG,0.00,1.00,2026-06-12 12:05:03.503,2026-06-12 13:35:56.943,2026-06-12 00:00:00.000,2026-06-11 00:00:00.000,KK0008.06/26,XB0026.06/26,0,"",""
FB00137,A0200003700937PX,TP20,SPM017,DCM08,1980.00,2200.00,980.00,tấm,"1800137200001468375004",A0200001468375WO,A0200000404997WO,WB2606-0012,IFD30-H55,D30H55,D30,H55,"",B10,D30H55,4.2690,1.0000,4.2690,1.0000,0.0000,0.00,"",108041,79023,0,LONGVÂN-LV-PO 3563-Provence,"",SX THEO DON HANG,0.00,1.00,2026-06-12 12:05:03.447,2026-06-12 13:35:56.907,2026-06-12 00:00:00.000,2026-06-11 00:00:00.000,KK0008.06/26,XB0026.06/26,0,"",""
FB00137,A0200003700941PX,TP20,SPM017,DCM08,1970.00,2200.00,1050.00,tấm,"1800137200001468376001",A0200001468376WO,A0200000404997WO,WB2606-0012,IFD30-H55,D30H55,D30,H55,"",B10,D30H55,4.5510,1.0000,4.5510,1.0000,0.0000,0.00,"",108041,79023,0,LONGVÂN-LV-PO 3563-Provence,"",SX THEO DON HANG,0.00,1.00,2026-06-12 12:05:03.537,2026-06-12 13:35:56.960,2026-06-12 00:00:00.000,2026-06-11 00:00:00.000,KK0008.06/26,XB0026.06/26,0,"",""
FB00137,A0200003700944PX,TP20,SPM017,DCM08,1880.00,2200.00,1050.00,tấm,"1800137200001468377001",A0200001468377WO,A0200000404997WO,WB2606-0012,IFD30-H55,D30H55,D30,H55,"",B10,D30H55,4.3430,1.0000,4.3430,1.0000,0.0000,0.00,"",108041,79023,0,LONGVÂN-LV-PO 3555-Provence,"",SX THEO DON HANG,0.00,1.00,2026-06-12 12:05:03.583,2026-06-12 13:35:56.987,2026-06-12 00:00:00.000,2026-06-11 00:00:00.000,KK0008.06/26,XB0026.06/26,0,"",""
FB00137,A0200003700942PX,TP20,SPM017,DCM08,1890.00,2200.00,1050.00,tấm,"1800137200001468377002",A0200001468377WO,A0200000404997WO,WB2606-0012,IFD30-H55,D30H55,D30,H55,"",B10,D30H55,4.3660,1.0000,4.3660,1.0000,0.0000,0.00,"",108041,79023,0,LONGVÂN-LV-PO 3555-Provence,"",SX THEO DON HANG,0.00,1.00,2026-06-12 12:05:03.553,2026-06-12 13:35:56.967,2026-06-12 00:00:00.000,2026-06-11 00:00:00.000,KK0008.06/26,XB0026.06/26,0,"",""
FB00137,A0200003700943PX,TP20,SPM017,DCM08,1890.00,2200.00,1050.00,tấm,"1800137200001468377003",A0200001468377WO,A0200000404997WO,WB2606-0012,IFD30-H55,D30H55,D30,H55,"",B10,D30H55,4.3660,1.0000,4.3660,1.0000,0.0000,0.00,"",108041,79023,0,LONGVÂN-LV-PO 3555-Provence,"",SX THEO DON HANG,0.00,1.00,2026-06-12 12:05:03.570,2026-06-12 13:35:56.977,2026-06-12 00:00:00.000,2026-06-11 00:00:00.000,KK0008.06/26,XB0026.06/26,0,"",""
FB00137,A0200003700945PX,TP20,SPM017,DCM08,1820.00,2200.00,1040.00,tấm,"1800137200001468378001",A0200001468378WO,A0200000404997WO,WB2606-0012,IFD30-H55,D30H55,D30,H55,"",B10,D30H55,4.1640,1.0000,4.1640,1.0000,0.0000,0.00,"",108041,79023,0,LONGVÂN-LV-PO 3555-Provence,"",SX THEO DON HANG,0.00,1.00,2026-06-12 12:05:03.600,2026-06-12 13:35:56.993,2026-06-12 00:00:00.000,2026-06-11 00:00:00.000,KK0008.06/26,XB0026.06/26,0,"",""
FB00137,A0200003700946PX,TP20,SPM017,DCM08,1820.00,2200.00,1010.00,tấm,"1800137200001468378002",A0200001468378WO,A0200000404997WO,WB2606-0012,IFD30-H55,D30H55,D30,H55,"",B10,D30H55,4.0440,1.0000,4.0440,1.0000,0.0000,0.00,"",108041,79023,0,LONGVÂN-LV-PO 3555-Provence,"",SX THEO DON HANG,0.00,1.00,2026-06-12 12:05:03.617,2026-06-12 13:35:57.003,2026-06-12 00:00:00.000,2026-06-11 00:00:00.000,KK0008.06/26,XB0026.06/26,0,"",""
FB00137,A0200003709179PX,TP20,SPM017,DCM08,1900.00,2200.00,880.00,tấm,"1800137200001468486001",A0200001468486WO,A0200000405046WO,WB2606-0013,IFD30-H55,D30H55,D30,H55,"",A4,D30H55,3.6780,1.0000,3.6780,1.0000,0.0000,0.00,"",108041,79023,0,"","",SX THEO DON HANG,0.00,722.00,2026-06-15 12:45:00.057,2026-07-15 14:25:58.117,2026-06-15 00:00:00.000,2026-07-15 00:00:00.000,KK0010.06/26,XB0031.07/26,0,"",""
FB00137,A0200003709181PX,TP20,SPM017,DCM08,2000.00,2040.00,910.00,tấm,"1800137200001473884001",A0200001473884WO,A0200000406754WO,WB2607-0010,IFD30-H55,D30H55,D30,H55,"",B11,D30H55,3.7130,1.0000,3.7130,1.0000,0.0000,0.00,"",108041,79023,0,ADX-ADX-PO 392-07-2026,"",SX THEO ĐƠN HÀNG,0.00,100.00,2026-07-11 10:09:17.873,2026-07-15 14:25:58.190,2026-07-11 00:00:00.000,2026-07-15 00:00:00.000,KK0008.07/26,XB0031.07/26,0,"",""
FB00137,A0200003709186PX,TP20,SPM017,DCM08,2030.00,2040.00,980.00,tấm,"1800137200001473884002",A0200001473884WO,A0200000406754WO,WB2607-0010,IFD30-H55,D30H55,D30,H55,"",B11,D30H55,4.0580,1.0000,4.0580,1.0000,0.0000,0.00,"",108041,79023,0,ADX-ADX-PO 392-07-2026,"",SX THEO ĐƠN HÀNG,0.00,100.00,2026-07-11 10:09:17.917,2026-07-15 14:25:58.260,2026-07-11 00:00:00.000,2026-07-15 00:00:00.000,KK0008.07/26,XB0031.07/26,0,"",""
FB00137,A0200003709182PX,TP20,SPM017,DCM08,2200.00,2040.00,1050.00,tấm,"1800137200001473885001",A0200001473885WO,A0200000406754WO,WB2607-0010,IFD30-H55,D30H55,D30,H55,"",B11,D30H55,4.7120,1.0000,4.7120,1.0000,0.0000,0.00,"",108041,79023,0,ADX-ADX-PO 392-07-2026,"",SX THEO ĐƠN HÀNG,0.00,100.00,2026-07-11 10:09:17.900,2026-07-15 14:25:58.213,2026-07-11 00:00:00.000,2026-07-15 00:00:00.000,KK0008.07/26,XB0031.07/26,0,"",""
FB00137,A0200003709185PX,TP20,SPM017,DCM08,1780.00,2040.00,1000.00,tấm,"1800137200001473886001",A0200001473886WO,A0200000406754WO,WB2607-0010,IFD30-H55,D30H55,D30,H55,"",B11,D30H55,3.6310,1.0000,3.6310,1.0000,0.0000,0.00,"",108041,79023,0,ADX-ADX-PO 392-07-2026,"",SX THEO ĐƠN HÀNG,0.00,100.00,2026-07-11 10:09:17.913,2026-07-15 14:25:58.237,2026-07-11 00:00:00.000,2026-07-15 00:00:00.000,KK0008.07/26,XB0031.07/26,0,"",""
FB00137,A0200003709003PX,TP20,SPM017,DCM08,2190.00,2040.00,1020.00,tấm,"1800137200001473887001",A0200001473887WO,A0200000406754WO,WB2607-0010,IFD30-H55,D30H55,D30,H55,"",B11,D30H55,4.5570,1.0000,4.5570,1.0000,0.0000,0.00,"",108041,79023,0,ADX-ADX-PO 392-07-2026,"",SX THEO ĐƠN HÀNG,0.00,77.00,2026-07-11 10:09:17.910,2026-07-14 15:25:40.870,2026-07-11 00:00:00.000,2026-07-14 00:00:00.000,KK0008.07/26,XB0030.07/26,0,"",""
FB00137,A0200003709184PX,TP20,SPM017,DCM08,2160.00,2040.00,1060.00,tấm,"1800137200001473888001",A0200001473888WO,A0200000406754WO,WB2607-0010,IFD30-H55,D30H55,D30,H55,"",B11,D30H55,4.6710,1.0000,4.6710,1.0000,0.0000,0.00,"",108041,79023,0,ADX-ADX-PO 392-07-2026,"",SX THEO ĐƠN HÀNG,0.00,100.00,2026-07-11 10:09:17.907,2026-07-15 14:25:58.227,2026-07-11 00:00:00.000,2026-07-15 00:00:00.000,KK0008.07/26,XB0031.07/26,0,"",""
FB00137,A0200003709183PX,TP20,SPM017,DCM08,2000.00,2040.00,1080.00,tấm,"1800137200001473889001",A0200001473889WO,A0200000406754WO,WB2607-0010,IFD30-H55,D30H55,D30,H55,"",B11,D30H55,4.4060,1.0000,4.4060,1.0000,0.0000,0.00,"",108041,79023,0,ADX-ADX-PO 392-07-2026,"",SX THEO ĐƠN HÀNG,0.00,100.00,2026-07-11 10:09:17.903,2026-07-15 14:25:58.220,2026-07-11 00:00:00.000,2026-07-15 00:00:00.000,KK0008.07/26,XB0031.07/26,0,"",""
FB00137,A0200003708673PX,TP20,SPM017,DCM08,1340.00,2040.00,750.00,tấm,"1800137200001473970001",A0200001473970WO,A0200000406790WO,WB2607-0011,IFD30-H55,D30H55,D30,H55,"",B11,D30H55,2.0500,1.0000,2.0500,1.0000,0.0000,0.00,"",108041,79023,0,"","",SX DƯ,0.00,52.00,2026-07-11 10:09:17.843,2026-07-13 14:36:05.417,2026-07-11 00:00:00.000,2026-07-13 00:00:00.000,KK0008.07/26,XB0028.07/26,0,"",""
FB00137,A0200003709155PN,TP20,SPM017,DCM08,2160.00,2040.00,980.00,tấm,"1800137200001474662001",A0200001474662WO,A0200000406963WO,WB2607-0014,IFD30-H55,D30H55,D30,H55,"",B1-8,D30H55,4.3180,1.0000,0.0000,0.0000,4.3180,1.00,"",108041,79023,0,QA-QA-HAVAS-025-CNC-A Tuấn SX,"",SX THEO ĐƠN HÀNG,0.00,192.00,2026-07-15 09:54:53.140,,2026-07-15 00:00:00.000,,KK0011.07/26,,0,"",""
FB00137,A0200003709153PN,TP20,SPM017,DCM08,2250.00,2040.00,1060.00,tấm,"1800137200001474663001",A0200001474663WO,A0200000406963WO,WB2607-0014,IFD30-H55,D30H55,D30,H55,"",B1-8,D30H55,4.8650,1.0000,0.0000,0.0000,4.8650,1.00,"",108041,79023,0,QA-QA-HAVAS-028,"",SX THEO ĐƠN HÀNG,0.00,192.00,2026-07-15 09:54:53.107,,2026-07-15 00:00:00.000,,KK0011.07/26,,0,"",""
FB00137,A0200003709154PN,TP20,SPM017,DCM08,2260.00,2040.00,1000.00,tấm,"1800137200001474664001",A0200001474664WO,A0200000406963WO,WB2607-0014,IFD30-H55,D30H55,D30,H55,"",B1-8,D30H55,4.6100,1.0000,0.0000,0.0000,4.6100,1.00,"",108041,79023,0,QA-QA-HAVAS,"",SX THEO ĐƠN HÀNG,0.00,192.00,2026-07-15 09:54:53.110,,2026-07-15 00:00:00.000,,KK0011.07/26,,0,"",""
FB00137,A0200003709152PN,TP20,SPM017,DCM08,2200.00,2040.00,1060.00,tấm,"1800137200001474665001",A0200001474665WO,A0200000406963WO,WB2607-0014,IFD30-H55,D30H55,D30,H55,"",B1-8,D30H55,4.7570,1.0000,0.0000,0.0000,4.7570,1.00,"",108041,79023,0,QA-QA-HAVAS-023-CNC-A Tuấn SX,"",SX THEO ĐƠN HÀNG,0.00,192.00,2026-07-15 09:54:53.080,,2026-07-15 00:00:00.000,,KK0011.07/26,,0,"",""
FB00137,A0200003709151PN,TP20,SPM017,DCM08,2130.00,2040.00,1060.00,tấm,"1800137200001474666001",A0200001474666WO,A0200000406963WO,WB2607-0014,IFD30-H55,D30H55,D30,H55,"",B1-8,D30H55,4.6060,1.0000,0.0000,0.0000,4.6060,1.00,"",108041,79023,0,QA-QA-HAVAS,"",SX THEO ĐƠN HÀNG,0.00,192.00,2026-07-15 09:54:53.050,,2026-07-15 00:00:00.000,,KK0011.07/26,,0,"",""
FB00137,A0200003709150PN,TP20,SPM017,DCM08,2140.00,2040.00,1050.00,tấm,"1800137200001474666002",A0200001474666WO,A0200000406963WO,WB2607-0014,IFD30-H55,D30H55,D30,H55,"",B1-8,D30H55,4.5840,1.0000,0.0000,0.0000,4.5840,1.00,"",108041,79023,0,QA-QA-HAVAS,"",SX THEO ĐƠN HÀNG,0.00,192.00,2026-07-15 09:54:53.047,,2026-07-15 00:00:00.000,,KK0011.07/26,,0,"",""
FB00137,A0200003709149PN,TP20,SPM017,DCM08,2040.00,2040.00,1030.00,tấm,"1800137200001474667001",A0200001474667WO,A0200000406963WO,WB2607-0014,IFD30-H55,D30H55,D30,H55,"",B1-8,D30H55,4.2860,1.0000,0.0000,0.0000,4.2860,1.00,"",108041,79023,0,ADX-ADX-PU418,"",SX THEO ĐƠN HÀNG,0.00,192.00,2026-07-15 09:54:53.030,,2026-07-15 00:00:00.000,,KK0011.07/26,,0,"",""
FB00137,A0200003709148PN,TP20,SPM017,DCM08,1780.00,2040.00,1020.00,tấm,"1800137200001474668001",A0200001474668WO,A0200000406963WO,WB2607-0014,IFD30-H55,D30H55,D30,H55,"",B1-8,D30H55,3.7040,1.0000,0.0000,0.0000,3.7040,1.00,"",108041,79023,0,ADX-ADX-PU418,"",SX THEO ĐƠN HÀNG,0.00,192.00,2026-07-15 09:54:53.023,,2026-07-15 00:00:00.000,,KK0011.07/26,,0,"",""
FB00137,A0200003711059PX,TP20,SPM017,DCM08,1810.00,2040.00,1000.00,tấm,"1800137200001475089001",A0200001458940WO,A0200000401865WO,WB2604-0029,IFD30-H55,D30H55,D30,H55,"",A2,D30H55,7.3840,2.0000,3.6920,1.0000,3.6920,1.00,"",108041,79023,0,"","",SX DƯ,0.00,119.00,2026-07-17 10:18:54.553,2026-07-22 09:48:36.740,2026-07-16 00:00:00.000,2026-07-15 00:00:00.000,XB0047.07/26,XB0047.07/26,0,"",""
FB00137,A0200003711060PX,TP20,SPM017,DCM08,1810.00,2040.00,980.00,tấm,"1800137200001475089002",A0200001458940WO,A0200000401865WO,WB2604-0029,IFD30-H55,D30H55,D30,H55,"",A2,D30H55,7.2380,2.0000,3.6190,1.0000,3.6190,1.00,"",108041,79023,0,"","",SX DƯ,0.00,119.00,2026-07-17 10:18:54.557,2026-07-22 09:48:36.823,2026-07-16 00:00:00.000,2026-07-15 00:00:00.000,XB0047.07/26,XB0047.07/26,0,"",""
FB00139,A0200003711128PX,TP20,SPM136,DCM08,1890.00,1890.00,1140.00,tấm,"1800139200001437180004",A0200001437180WO,A0200000394187WO,WB2601-0006,IFD25-H55 XANH,IFD25-H55H55,IFD25-H55,H55,"","",IFD25-H55H55,8.1444,2.0000,4.0722,1.0000,4.0722,1.00,"",108830,79023,0,HẢIĐĂNG-HĐ-PO 02-01-2026-XANH,Sai màu ( màu xanh dương),SX DU,0.00,0.00,2026-07-22 09:54:27.340,2026-07-22 09:54:28.690,2026-06-22 00:00:00.000,2026-06-22 00:00:00.000,XB0064.06/26,XB0064.06/26,0,"",""
FB00139,A0200003711137PX,TP20,SPM136,DCM08,1890.00,1890.00,1140.00,tấm,"1800139200001437181002",A0200001437181WO,A0200000394187WO,WB2601-0006,IFD25-H55 XANH,IFD25-H55H55,IFD25-H55,H55,"","",IFD25-H55H55,8.1444,2.0000,4.0722,1.0000,4.0722,1.00,"",108830,79023,0,HẢIĐĂNG-HĐ-PO 05-01-XANH-01,Sai màu ( màu xanh dương),SX DU,0.00,0.00,2026-07-22 09:54:27.340,2026-07-22 09:54:28.900,2026-06-22 00:00:00.000,2026-06-22 00:00:00.000,XB0064.06/26,XB0064.06/26,0,"",""
FB00139,A0200003711136PX,TP20,SPM136,DCM08,1890.00,1890.00,1140.00,tấm,"1800139200001437181003",A0200001437181WO,A0200000394187WO,WB2601-0006,IFD25-H55 XANH,IFD25-H55H55,IFD25-H55,H55,"","",IFD25-H55H55,8.1444,2.0000,4.0722,1.0000,4.0722,1.00,"",108830,79023,0,HẢIĐĂNG-HĐ-PO 05-01-XANH-01,Sai màu ( màu xanh dương),SX DU,0.00,0.00,2026-07-22 09:54:27.340,2026-07-22 09:54:28.883,2026-06-22 00:00:00.000,2026-06-22 00:00:00.000,XB0064.06/26,XB0064.06/26,0,"",""
FB00139,A0200003711129PX,TP20,SPM136,DCM08,1890.00,1890.00,1140.00,tấm,"1800139200001437181006",A0200001437181WO,A0200000394187WO,WB2601-0006,IFD25-H55 XANH,IFD25-H55H55,IFD25-H55,H55,"","",IFD25-H55H55,8.1444,2.0000,4.0722,1.0000,4.0722,1.00,"",108830,79023,0,HẢIĐĂNG-HĐ-PO 05-01-XANH-01,Sai màu ( màu xanh dương),SX DU,0.00,0.00,2026-07-22 09:54:27.340,2026-07-22 09:54:28.733,2026-06-22 00:00:00.000,2026-06-22 00:00:00.000,XB0064.06/26,XB0064.06/26,0,"",""
FB00139,A0200003711135PX,TP20,SPM136,DCM08,1890.00,1890.00,1140.00,tấm,"1800139200001437181007",A0200001437181WO,A0200000394187WO,WB2601-0006,IFD25-H55 XANH,IFD25-H55H55,IFD25-H55,H55,"","",IFD25-H55H55,8.1444,2.0000,4.0722,1.0000,4.0722,1.00,"",108830,79023,0,HẢIĐĂNG-HĐ-PO 05-01-XANH-01,Sai màu ( màu xanh dương),SX DU,0.00,0.00,2026-07-22 09:54:27.340,2026-07-22 09:54:28.867,2026-06-22 00:00:00.000,2026-06-22 00:00:00.000,XB0064.06/26,XB0064.06/26,0,"",""
FB00139,A0200003711131PX,TP20,SPM136,DCM08,2040.00,1890.00,1055.00,tấm,"1800139200001437182001",A0200001437182WO,A0200000394187WO,WB2601-0006,IFD25-H55 XANH,IFD25-H55H55,IFD25-H55,H55,"","",IFD25-H55H55,8.1354,2.0000,4.0677,1.0000,4.0677,1.00,"",108830,79023,0,HẢIĐĂNG-HĐ-PO 05-01-XANH-02,Sai màu ( màu xanh dương),SX DU,0.00,0.00,2026-07-22 09:54:27.340,2026-07-22 09:54:28.767,2026-06-22 00:00:00.000,2026-06-22 00:00:00.000,XB0064.06/26,XB0064.06/26,0,"",""
FB00139,A0200003711130PX,TP20,SPM136,DCM08,2040.00,1890.00,1055.00,tấm,"1800139200001437182007",A0200001437182WO,A0200000394187WO,WB2601-0006,IFD25-H55 XANH,IFD25-H55H55,IFD25-H55,H55,"","",IFD25-H55H55,8.1354,2.0000,4.0677,1.0000,4.0677,1.00,"",108830,79023,0,HẢIĐĂNG-HĐ-PO 05-01-XANH-02,Sai màu ( màu xanh dương),SX DU,0.00,0.00,2026-07-22 09:54:27.340,2026-07-22 09:54:28.750,2026-06-22 00:00:00.000,2026-06-22 00:00:00.000,XB0064.06/26,XB0064.06/26,0,"",""
FB00139,A0200003711132PX,TP20,SPM136,DCM08,2040.00,1890.00,1055.00,tấm,"1800139200001437182008",A0200001437182WO,A0200000394187WO,WB2601-0006,IFD25-H55 XANH,IFD25-H55H55,IFD25-H55,H55,"","",IFD25-H55H55,8.1354,2.0000,4.0677,1.0000,4.0677,1.00,"",108830,79023,0,HẢIĐĂNG-HĐ-PO 05-01-XANH-02,Sai màu ( màu xanh dương),SX DU,0.00,0.00,2026-07-22 09:54:27.340,2026-07-22 09:54:28.787,2026-06-22 00:00:00.000,2026-06-22 00:00:00.000,XB0064.06/26,XB0064.06/26,0,"",""
FB00139,A0200003711134PX,TP20,SPM136,DCM08,1990.00,2020.00,1100.00,tấm,"1800139200001437836001",A0200001437836WO,A0200000394443WO,WB2601-0011,IFD25-H55 XANH,IFD25-H55H55,IFD25-H55,H55,"","",IFD25-H55H55,8.8436,2.0000,4.4218,1.0000,4.4218,1.00,"",108830,79023,0,"",Sai màu ( màu xanh dương),SX DU,0.00,0.00,2026-07-22 09:54:27.340,2026-07-22 09:54:28.840,2026-06-22 00:00:00.000,2026-06-22 00:00:00.000,XB0064.06/26,XB0064.06/26,0,"",""
FB00139,A0200003711133PX,TP20,SPM136,DCM08,1880.00,1890.00,1120.00,tấm,"1800139200001438106002",A0200001438106WO,A0200000394488WO,WB2601-0012,IFD25-H55 XANH,IFD25-H55H55,IFD25-H55,H55,"","",IFD25-H55H55,7.9592,2.0000,3.9796,1.0000,3.9796,1.00,"",108830,79023,0,"",Sai màu ( màu xanh dương),SX DU,0.00,0.00,2026-07-22 09:54:27.340,2026-07-22 09:54:28.827,2026-06-22 00:00:00.000,2026-06-22 00:00:00.000,XB0064.06/26,XB0064.06/26,0,"",""
FB00139,A0200003707907PX,TP20,SPM136,DCM08,1020.00,2000.00,1000.00,tấm,"1800139200001456335001",A0200001456335WO,A0200000400946WO,WB2604-0007,IFD25-H55 XANH,IFD25-H55H55,IFD25-H55,H55,"",B24,IFD25-H55H55,2.0400,1.0000,2.0400,1.0000,0.0000,0.00,"",108830,79023,0,"","","",0.00,912.00,2026-06-01 13:53:40.070,2026-07-09 13:40:55.477,2026-05-31 00:00:00.000,2026-07-08 00:00:00.000,TONKHO,XB0019.07/26,0,"",""
FB00139,A0200003707906PX,TP20,SPM136,DCM08,1950.00,2000.00,1100.00,tấm,"1800139200001456812001",A0200001456812WO,A0200000401074WO,WB2604-0010,IFD25-H55 XANH,IFD25-H55H55,IFD25-H55,H55,"",B25,IFD25-H55H55,4.2900,1.0000,4.2900,1.0000,0.0000,0.00,"",108830,79023,0,HẢIĐĂNG-HĐ-0705-XANH-12/5,"","",0.00,2207.00,2026-04-08 14:29:46.543,2026-07-09 13:40:55.473,2026-05-31 00:00:00.000,2026-07-08 00:00:00.000,TONKHO,XB0019.07/26,0,"",""
FB00139,A0200003707908PX,TP20,SPM136,DCM08,1920.00,2000.00,800.00,tấm,"1800139200001462406001",A0200001462406WO,A0200000403018WO,WB2605-0010,IFD25-H55 XANH,IFD25-H55H55,IFD25-H55,H55,"",B4,IFD25-H55H55,3.0720,1.0000,3.0720,1.0000,0.0000,0.00,"",108830,79023,0,"","","",0.00,1419.00,2026-05-11 10:11:31.873,2026-07-09 13:40:55.493,2026-05-31 00:00:00.000,2026-07-08 00:00:00.000,TONKHO,XB0019.07/26,0,"",""
FB00139,A0200003708046PX,TP20,SPM136,DCM08,1900.00,1880.00,1110.00,tấm,"1800139200001473362001",A0200001473362WO,A0200000406614WO,WB2607-0006,IFD25-H55 XANH,IFD25-H55H55,IFD25-H55,H55,"",B12,IFD25-H55H55,3.9650,1.0000,3.9650,1.0000,0.0000,0.00,"",108830,79023,0,HẢIĐĂNG-HĐ-3006-2-xanh,"",SX THEO ĐƠN HÀNG,0.00,18.00,2026-07-09 13:46:20.780,2026-07-10 07:34:11.750,2026-07-09 00:00:00.000,2026-07-10 00:00:00.000,KK0006.07/26,XB0022.07/26,0,"",""
FB00139,A0200003708044PX,TP20,SPM136,DCM08,1900.00,1880.00,1160.00,tấm,"1800139200001473362002",A0200001473362WO,A0200000406614WO,WB2607-0006,IFD25-H55 XANH,IFD25-H55H55,IFD25-H55,H55,"",B12,IFD25-H55H55,4.1440,1.0000,4.1440,1.0000,0.0000,0.00,"",108830,79023,0,HẢIĐĂNG-HĐ-3006-2-xanh,"",SX THEO ĐƠN HÀNG,0.00,18.00,2026-07-09 13:46:20.770,2026-07-10 07:34:11.720,2026-07-09 00:00:00.000,2026-07-10 00:00:00.000,KK0006.07/26,XB0022.07/26,0,"",""
FB00139,A0200003708047PX,TP20,SPM136,DCM08,1910.00,1880.00,1060.00,tấm,"1800139200001473362003",A0200001473362WO,A0200000406614WO,WB2607-0006,IFD25-H55 XANH,IFD25-H55H55,IFD25-H55,H55,"",B12,IFD25-H55H55,3.8060,1.0000,3.8060,1.0000,0.0000,0.00,"",108830,79023,0,HẢIĐĂNG-HĐ-3006-2-xanh,"",SX THEO ĐƠN HÀNG,0.00,18.00,2026-07-09 13:46:20.787,2026-07-10 07:34:11.760,2026-07-09 00:00:00.000,2026-07-10 00:00:00.000,KK0006.07/26,XB0022.07/26,0,"",""
FB00139,A0200003708045PX,TP20,SPM136,DCM08,1900.00,1880.00,1140.00,tấm,"1800139200001473362004",A0200001473362WO,A0200000406614WO,WB2607-0006,IFD25-H55 XANH,IFD25-H55H55,IFD25-H55,H55,"",B12,IFD25-H55H55,4.0720,1.0000,4.0720,1.0000,0.0000,0.00,"",108830,79023,0,HẢIĐĂNG-HĐ-3006-2-xanh,"",SX THEO ĐƠN HÀNG,0.00,18.00,2026-07-09 13:46:20.777,2026-07-10 07:34:11.740,2026-07-09 00:00:00.000,2026-07-10 00:00:00.000,KK0006.07/26,XB0022.07/26,0,"",""
FB00139,A0200003708043PX,TP20,SPM136,DCM08,1880.00,1880.00,1150.00,tấm,"1800139200001473362005",A0200001473362WO,A0200000406614WO,WB2607-0006,IFD25-H55 XANH,IFD25-H55H55,IFD25-H55,H55,"",B12,IFD25-H55H55,4.0650,1.0000,4.0650,1.0000,0.0000,0.00,"",108830,79023,0,HẢIĐĂNG-HĐ-3006-2-xanh,"",SX THEO ĐƠN HÀNG,0.00,18.00,2026-07-09 13:46:20.767,2026-07-10 07:34:10.463,2026-07-09 00:00:00.000,2026-07-10 00:00:00.000,KK0006.07/26,XB0022.07/26,0,"",""
FB00139,A0200003708048PX,TP20,SPM136,DCM08,2040.00,1880.00,1060.00,tấm,"1800139200001473363001",A0200001473363WO,A0200000406614WO,WB2607-0006,IFD25-H55 XANH,IFD25-H55H55,IFD25-H55,H55,"",B12,IFD25-H55H55,4.0650,1.0000,4.0650,1.0000,0.0000,0.00,"",108830,79023,0,HẢIĐĂNG-HĐ-3006-2-xanh,"",SX THEO ĐƠN HÀNG,0.00,18.00,2026-07-09 13:46:20.790,2026-07-10 07:34:11.770,2026-07-09 00:00:00.000,2026-07-10 00:00:00.000,KK0006.07/26,XB0022.07/26,0,"",""
FB00139,A0200003711011PX,TP20,SPM136,DCM08,2050.00,1880.00,1000.00,tấm,"1800139200001473363002",A0200001473363WO,A0200000406614WO,WB2607-0006,IFD25-H55 XANH,IFD25-H55H55,IFD25-H55,H55,"",B12,IFD25-H55H55,7.7080,2.0000,3.8540,1.0000,3.8540,1.00,"",108830,79023,0,HẢIĐĂNG-HĐ-3006-2-xanh,"",SX THEO ĐƠN HÀNG,0.00,308.00,2026-07-09 13:46:20.797,2026-07-22 09:48:34.810,2026-07-15 00:00:00.000,2026-07-15 00:00:00.000,XB0047.07/26,XB0047.07/26,0,"",""
FB00139,A0200003707947PX,TP20,SPM136,DCM08,2270.00,1910.00,1150.00,tấm,"1800139200001473364001",A0200001473364WO,A0200000406614WO,WB2607-0006,IFD25-H55 XANH,IFD25-H55H55,IFD25-H55,H55,"",B12,IFD25-H55H55,4.9860,1.0000,4.9860,1.0000,0.0000,0.00,"",108830,79023,0,HẢIĐĂNG-HĐ-3006-1-xanh,"",SX THEO ĐƠN HÀNG,0.00,0.00,2026-07-09 13:46:20.760,2026-07-09 13:50:14.617,2026-07-09 00:00:00.000,2026-07-08 00:00:00.000,KK0006.07/26,XB0019.07/26,0,"",""
FB00139,A0200003707946PX,TP20,SPM136,DCM08,2010.00,1910.00,1130.00,tấm,"1800139200001473365001",A0200001473365WO,A0200000406614WO,WB2607-0006,IFD25-H55 XANH,IFD25-H55H55,IFD25-H55,H55,"",B12,IFD25-H55H55,4.3380,1.0000,4.3380,1.0000,0.0000,0.00,"",108830,79023,0,HẢIĐĂNG-HĐ-3006-1-xanh,"",SX THEO ĐƠN HÀNG,0.00,0.00,2026-07-09 13:46:20.757,2026-07-09 13:50:14.607,2026-07-09 00:00:00.000,2026-07-08 00:00:00.000,KK0006.07/26,XB0019.07/26,0,"",""
FB00139,A0200003707936PX,TP20,SPM136,DCM08,2010.00,1910.00,1090.00,tấm,"1800139200001473365002",A0200001473365WO,A0200000406614WO,WB2607-0006,IFD25-H55 XANH,IFD25-H55H55,IFD25-H55,H55,"",B12,IFD25-H55H55,4.1850,1.0000,4.1850,1.0000,0.0000,0.00,"",108830,79023,0,HẢIĐĂNG-HĐ-3006-1-xanh,"",SX THEO ĐƠN HÀNG,0.00,0.00,2026-07-09 13:46:20.703,2026-07-09 13:50:14.507,2026-07-09 00:00:00.000,2026-07-08 00:00:00.000,KK0006.07/26,XB0019.07/26,0,"",""
FB00139,A0200003707945PX,TP20,SPM136,DCM08,2010.00,1910.00,1110.00,tấm,"1800139200001473365003",A0200001473365WO,A0200000406614WO,WB2607-0006,IFD25-H55 XANH,IFD25-H55H55,IFD25-H55,H55,"",B12,IFD25-H55H55,4.2610,1.0000,4.2610,1.0000,0.0000,0.00,"",108830,79023,0,HẢIĐĂNG-HĐ-3006-1-xanh,"",SX THEO ĐƠN HÀNG,0.00,0.00,2026-07-09 13:46:20.750,2026-07-09 13:50:14.597,2026-07-09 00:00:00.000,2026-07-08 00:00:00.000,KK0006.07/26,XB0019.07/26,0,"",""
FB00139,A0200003707939PX,TP20,SPM136,DCM08,2010.00,1910.00,1060.00,tấm,"1800139200001473365004",A0200001473365WO,A0200000406614WO,WB2607-0006,IFD25-H55 XANH,IFD25-H55H55,IFD25-H55,H55,"",B12,IFD25-H55H55,4.0690,1.0000,4.0690,1.0000,0.0000,0.00,"",108830,79023,0,HẢIĐĂNG-HĐ-3006-1-xanh,"",SX THEO ĐƠN HÀNG,0.00,0.00,2026-07-09 13:46:20.720,2026-07-09 13:50:14.533,2026-07-09 00:00:00.000,2026-07-08 00:00:00.000,KK0006.07/26,XB0019.07/26,0,"",""
FB00139,A0200003707942PX,TP20,SPM136,DCM08,2000.00,1910.00,1090.00,tấm,"1800139200001473365005",A0200001473365WO,A0200000406614WO,WB2607-0006,IFD25-H55 XANH,IFD25-H55H55,IFD25-H55,H55,"",B12,IFD25-H55H55,4.1640,1.0000,4.1640,1.0000,0.0000,0.00,"",108830,79023,0,HẢIĐĂNG-HĐ-3006-1-xanh,"",SX THEO ĐƠN HÀNG,0.00,0.00,2026-07-09 13:46:20.737,2026-07-09 13:50:14.563,2026-07-09 00:00:00.000,2026-07-08 00:00:00.000,KK0006.07/26,XB0019.07/26,0,"",""
FB00139,A0200003707935PX,TP20,SPM136,DCM08,2030.00,1910.00,1120.00,tấm,"1800139200001473365006",A0200001473365WO,A0200000406614WO,WB2607-0006,IFD25-H55 XANH,IFD25-H55H55,IFD25-H55,H55,"",B12,IFD25-H55H55,4.3430,1.0000,4.3430,1.0000,0.0000,0.00,"",108830,79023,0,HẢIĐĂNG-HĐ-3006-1-xanh,"",SX THEO ĐƠN HÀNG,0.00,0.00,2026-07-09 13:46:20.700,2026-07-09 13:50:14.497,2026-07-09 00:00:00.000,2026-07-08 00:00:00.000,KK0006.07/26,XB0019.07/26,0,"",""
FB00139,A0200003707944PX,TP20,SPM136,DCM08,2020.00,1910.00,1100.00,tấm,"1800139200001473365007",A0200001473365WO,A0200000406614WO,WB2607-0006,IFD25-H55 XANH,IFD25-H55H55,IFD25-H55,H55,"",B12,IFD25-H55H55,4.2440,1.0000,4.2440,1.0000,0.0000,0.00,"",108830,79023,0,HẢIĐĂNG-HĐ-3006-1-xanh,"",SX THEO ĐƠN HÀNG,0.00,0.00,2026-07-09 13:46:20.747,2026-07-09 13:50:14.587,2026-07-09 00:00:00.000,2026-07-08 00:00:00.000,KK0006.07/26,XB0019.07/26,0,"",""
FB00139,A0200003707938PX,TP20,SPM136,DCM08,2030.00,1910.00,1060.00,tấm,"1800139200001473365008",A0200001473365WO,A0200000406614WO,WB2607-0006,IFD25-H55 XANH,IFD25-H55H55,IFD25-H55,H55,"",B12,IFD25-H55H55,4.1100,1.0000,4.1100,1.0000,0.0000,0.00,"",108830,79023,0,HẢIĐĂNG-HĐ-3006-1-xanh,"",SX THEO ĐƠN HÀNG,0.00,0.00,2026-07-09 13:46:20.713,2026-07-09 13:50:14.527,2026-07-09 00:00:00.000,2026-07-08 00:00:00.000,KK0006.07/26,XB0019.07/26,0,"",""
FB00139,A0200003707941PX,TP20,SPM136,DCM08,2030.00,1910.00,1070.00,tấm,"1800139200001473365009",A0200001473365WO,A0200000406614WO,WB2607-0006,IFD25-H55 XANH,IFD25-H55H55,IFD25-H55,H55,"",B12,IFD25-H55H55,4.1490,1.0000,4.1490,1.0000,0.0000,0.00,"",108830,79023,0,HẢIĐĂNG-HĐ-3006-1-xanh,"",SX THEO ĐƠN HÀNG,0.00,0.00,2026-07-09 13:46:20.730,2026-07-09 13:50:14.553,2026-07-09 00:00:00.000,2026-07-08 00:00:00.000,KK0006.07/26,XB0019.07/26,0,"",""
FB00139,A0200003711010PX,TP20,SPM136,DCM08,2070.00,1910.00,1100.00,tấm,"1800139200001473365010",A0200001473365WO,A0200000406614WO,WB2607-0006,IFD25-H55 XANH,IFD25-H55H55,IFD25-H55,H55,"",B12,IFD25-H55H55,8.6980,2.0000,4.3490,1.0000,4.3490,1.00,"",108830,79023,0,HẢIĐĂNG-HĐ-3006-1-xanh,"",SX THEO ĐƠN HÀNG,0.00,308.00,2026-07-09 13:46:20.697,2026-07-22 09:48:34.790,2026-07-15 00:00:00.000,2026-07-15 00:00:00.000,XB0047.07/26,XB0047.07/26,0,"",""
FB00139,A0200003707943PX,TP20,SPM136,DCM08,2010.00,1910.00,1100.00,tấm,"1800139200001473365011",A0200001473365WO,A0200000406614WO,WB2607-0006,IFD25-H55 XANH,IFD25-H55H55,IFD25-H55,H55,"",B12,IFD25-H55H55,4.2230,1.0000,4.2230,1.0000,0.0000,0.00,"",108830,79023,0,HẢIĐĂNG-HĐ-3006-1-xanh,"",SX THEO ĐƠN HÀNG,0.00,0.00,2026-07-09 13:46:20.740,2026-07-09 13:50:14.573,2026-07-09 00:00:00.000,2026-07-08 00:00:00.000,KK0006.07/26,XB0019.07/26,0,"",""
FB00139,A0200003707937PX,TP20,SPM136,DCM08,2020.00,1910.00,1060.00,tấm,"1800139200001473365012",A0200001473365WO,A0200000406614WO,WB2607-0006,IFD25-H55 XANH,IFD25-H55H55,IFD25-H55,H55,"",B12,IFD25-H55H55,4.0900,1.0000,4.0900,1.0000,0.0000,0.00,"",108830,79023,0,HẢIĐĂNG-HĐ-3006-1-xanh,"",SX THEO ĐƠN HÀNG,0.00,0.00,2026-07-09 13:46:20.710,2026-07-09 13:50:14.517,2026-07-09 00:00:00.000,2026-07-08 00:00:00.000,KK0006.07/26,XB0019.07/26,0,"",""
FB00139,A0200003707940PX,TP20,SPM136,DCM08,2020.00,1910.00,1070.00,tấm,"1800139200001473365013",A0200001473365WO,A0200000406614WO,WB2607-0006,IFD25-H55 XANH,IFD25-H55H55,IFD25-H55,H55,"",B12,IFD25-H55H55,4.1280,1.0000,4.1280,1.0000,0.0000,0.00,"",108830,79023,0,HẢIĐĂNG-HĐ-3006-1-xanh,"",SX THEO ĐƠN HÀNG,0.00,0.00,2026-07-09 13:46:20.727,2026-07-09 13:50:14.543,2026-07-09 00:00:00.000,2026-07-08 00:00:00.000,KK0006.07/26,XB0019.07/26,0,"",""
FB00139,A0200003711012PX,TP20,SPM136,DCM08,2040.00,1880.00,740.00,tấm,"1800139200001473401001",A0200001473401WO,A0200000406634WO,WB2607-0007,IFD25-H55 XANH,IFD25-H55H55,IFD25-H55,H55,"",A1,IFD25-H55H55,5.6760,2.0000,2.8380,1.0000,2.8380,1.00,"",108830,79023,0,"","",SX DƯ,0.00,287.00,2026-07-10 10:39:40.127,2026-07-22 09:48:34.853,2026-07-15 00:00:00.000,2026-07-15 00:00:00.000,XB0047.07/26,XB0047.07/26,0,"",""
FB00139,A0200003711013PX,TP20,SPM136,DCM08,2040.00,1880.00,1020.00,tấm,"1800139200001473401002",A0200001473401WO,A0200000406634WO,WB2607-0007,IFD25-H55 XANH,IFD25-H55H55,IFD25-H55,H55,"",A1,IFD25-H55H55,7.8240,2.0000,3.9120,1.0000,3.9120,1.00,"",108830,79023,0,"","",SX DƯ,0.00,287.00,2026-07-10 10:39:40.157,2026-07-22 09:48:34.900,2026-07-15 00:00:00.000,2026-07-15 00:00:00.000,XB0047.07/26,XB0047.07/26,0,"",""
FB00143,A0200003710046PX,TP20,SPM190,DCM25,1980.00,2060.00,600.00,tấm,"1800143200001463169001",A0200001463169WO,A0200000403181WO,WB2605-0014,GAM48-50N,GAM48-50N50N,GAM48-50N,"50N","",M7,GAM48-50N50N,2.4473,1.0000,2.4473,1.0000,0.0000,0.00,"",109738,79023,0,ĐỔ THÍ NGHIỆM,"","",0.00,1564.00,2026-05-14 10:45:09.247,2026-07-18 14:17:38.770,2026-05-31 00:00:00.000,2026-07-17 00:00:00.000,TONKHO,XB0037.07/26,0,"",""
